grupo_id,nombre,cantidad_sugerida,unidad,peso_bruto_g,peso_neto_g,energia_kcal,proteina_g,lipidos_g,hidratos_carbono_g,ag_saturados_g,ag_monoinsaturados_g,ag_poliinsaturados_g,colesterol_mg,azucar_g,fibra_g,vitamina_a_mg_re,acido_ascorbico_mg,acido_folico_mg,calcio_mg,hierro_mg,potasio_mg,sodio_mg,fosforo_mg,etanol_g,indice_glucemico,carga_glucemica,contiene_gluten
19,Acelga cocida,1/2,taza,72,72,19,1.9,0.1,3.9,0.0,0.0,0.0,0.0,64.0,2.1,275.8,17.9,10.1,82.1,1.4,654.5,173.5,29.5,0.0,3.0,,FALSE
19,Acelga cruda,2,taza,120,98,22,2.2,0.1,4.3,0.0,0.0,0.0,0.0,64.0,3.6,310.9,29.5,14.8,115.1,2.5,749.8,222.4,40.3,0.0,3.0,,FALSE
19,Alcachofa mediana cocida,1,pieza,120,48,25,1.4,0.2,5.7,0.0,0.0,0.0,0.0,,4.1,0.5,3.6,42.7,10.1,0.3,137.3,28.8,35.0,0.0,,,FALSE
19,Alfalfa,3.5,taza,116,116,27,4.6,0.8,2.4,0.1,0.1,0.5,0.0,0.2,0.2,9.2,9.5,,37.0,1.1,,6.9,,0.0,,,FALSE
19,Alga Nori,10,gramos,10,10,20,4.0,0.0,4.0,0.0,0.0,0.0,0.0,0.0,4.0,0.0,12.0,,40.0,0.7,,12.0,,0.0,,,FALSE
19,Alga para sushl,10,gramos,10,10,20,4.0,0.0,4.0,0.0,0.0,0.0,0.0,0.0,4.0,0.0,12.0,,40.0,0.7,,12.0,,0.0,,,FALSE
19,Apio cocido,1/2,taza,75,75,14,0.6,0.1,3.0,0.0,0.0,0.1,0.0,,1.2,19.5,4.6,16.5,31.5,0.3,213.0,68.3,18.8,0.0,,,FALSE
19,Apio crudo,1,taza,101,90,14,0.6,0.2,2.7,0.0,0.0,0.1,0.0,,2.5,19.8,2.8,32.4,36.0,0.2,233.7,71.9,21.6,0.0,,,FALSE
19,Arúgula cruda,4,taza,80,80,20,2.1,0.5,2.9,0.0,0.0,0.0,0.0,,3.5,95.2,12.0,77.6,129.6,1.2,295.2,21.6,41.6,0.0,,,FALSE
19,Berenjena cocida,1,taza,99,99,35,0.8,0.2,8.6,0.0,0.0,0.0,0.0,,2.5,2.0,1.3,13.9,6.2,0.4,245.4,2.1,22.7,0.0,,,FALSE
19,Berro crudo,2,taza,68,56,34,1.3,0.1,0.7,0.0,0.0,0.0,0.0,,0.3,46.3,6.7,35.7,32.9,1.2,100.4,11.2,19.5,0.0,,,FALSE
19,Betabel crudo,1/4,pieza,43,39,19,0.8,0.1,4.3,0.0,0.0,0.0,0.0,,0.3,0.8,7.8,36.4,8.2,0.6,131.0,23.5,7.4,0.0,,,FALSE
19,Betabel crudo rallado,1/4,taza,38,38,18,0.8,0.1,4.1,0.0,0.0,0.0,0.0,,0.3,0.8,7.5,34.9,7.9,0.6,125.6,22.5,7.1,0.0,,,FALSE
19,Bledos crudos,150,gramos,150,95,27,2.4,0.3,3.8,0.1,0.1,0.1,0.0,,0.9,189.5,40.6,80.3,203.2,4.1,577.4,18.9,47.3,0.0,,,FALSE
19,Brócoli cocido,1/2,taza,92,92,26,2.7,0.4,4.6,0.0,0.0,0.1,0.0,,2.7,127.4,68.4,46.0,42.5,0.8,268.9,23.6,54.3,0.0,,,FALSE
19,Brócoli crudo,1,taza,88,71,19,2.1,0.3,3.7,0.0,0.0,0.2,0.0,,2.1,110.2,66.4,50.2,34.0,0.6,231.7,19.4,47.0,0.0,,,FALSE
19,Calabacita alargada cruda,1,pieza,111,91,21,1.6,0.1,3.4,0.0,0.0,0.0,0.0,,1.4,12.3,11.8,23.7,22.8,0.5,183.9,0.9,,0.0,,,FALSE
19,Calabacita redonda cruda,1,pieza,100,79,18,1.4,0.1,2.9,0.0,0.0,0.0,0.0,,1.2,10.7,10.3,20.5,19.8,0.4,159.6,0.8,,0.0,,,FALSE
19,Calabaza de Castilla cocida,1/2,taza,110,110,22,0.8,0.1,5.4,0.1,0.0,0.0,0.0,,1.2,275.0,5.2,9.9,16.5,0.6,253.0,1.1,33.0,0.0,,,FALSE
19,Calabaza zapallo cocida,1/4,pieza,55,55,22,0.5,0.0,5.8,0.0,0.0,0.0,0.0,1.1,1.8,306.9,8.3,,22.6,0.3,,2.2,,0.0,,,FALSE
19,Cebolla blanca rebanada,1/2,taza,58,58,23,0.6,0.1,5.4,0.0,0.0,0.0,0.0,,1.0,0.0,4.3,10.9,13.2,0.1,84.0,2.3,16.7,0.0,,,FALSE
19,Cebolla cocida,1/4,taza,53,53,23,0.7,0.1,5.3,0.0,0.0,0.0,0.0,,0.7,0.0,2.7,7.9,11.5,0.1,87.0,1.5,18.5,0.0,,,FALSE
19,Cebolla morada rebanada,1/2,taza,58,58,20,0.5,0.1,4.4,0.0,0.0,0.0,0.0,,0.7,0.0,6.3,,19.0,0.8,90.3,5.8,23.0,0.0,,,FALSE
19,Cebollita de cambray sin raíz,3,pieza,75,72,23,1.3,0.1,5.3,0.0,0.0,0.1,0.0,,1.9,36.0,13.5,46.1,51.8,1.1,198.7,11.5,26.6,0.0,,,FALSE
19,Cebollitas en salmuera,1/2,taza,95,95,24,0.9,0.2,6.7,0.0,0.0,0.0,0.0,,1.6,0.0,0.0,0.0,44.5,0.0,0.0,191.6,0.0,0.0,,,FALSE
19,Champiñón cocido entero,1/2,taza,78,78,20,2.8,0.3,3.2,0.0,0.0,0.1,0.0,,1.4,0.0,0.0,15.6,3.1,0.2,308.9,9.4,81.9,0.0,,,FALSE
19,Champiñón cocido rebanado,1/2,taza,70,70,18,2.5,0.2,2.8,0.0,0.0,0.1,0.0,,1.3,0.0,0.0,14.0,2.8,0.2,277.2,8.4,73.5,0.0,,,FALSE
19,Champiñón crudo entero,1,taza,96,93,20,2.9,0.3,3.1,0.1,0.0,0.2,0.0,,0.9,0.0,2.0,14.9,2.8,0.5,296.1,4.7,80.1,0.0,,,FALSE
19,Champiñón crudo rebanado,1.5,taza,105,105,23,3.2,0.4,3.4,0.1,0.0,0.2,0.0,,1.1,0.0,2.2,16.8,3.2,0.5,333.9,5.3,90.3,0.0,,,FALSE
19,Chaya,3,taza,147,147,47,4.4,1.5,7.4,0.0,0.0,0.0,0.0,0.0,0.0,693.8,142.6,0.0,172.0,1.5,,,,0.0,,,FALSE
19,Chayote cocido picado,1/2,taza,80,80,19,0.5,0.4,4.1,0.1,0.0,0.0,0.0,,2.2,1.6,6.4,14.4,10.4,0.2,138.4,0.8,23.2,0.0,,,FALSE
19,Chayote crudo,1/2,pieza,102,100,19,0.8,0.1,4.5,0.0,0.0,0.1,0.0,,1.7,0.0,7.7,93.5,17.1,0.3,125.6,2.0,18.1,0.0,,,FALSE
19,Chepil crudo,2,taza,68,39,25,2.7,0.2,3.0,0.0,0.0,0.0,0.0,,0.9,131.5,19.7,,145.1,1.9,,,28.4,0.0,,,FALSE
19,Chícharo cocido,1/4,taza,40,40,34,2.1,0.1,6.1,0.0,0.0,0.0,0.0,48.0,2.2,16.0,5.7,25.2,10.8,0.6,108.4,1.2,46.8,0.0,3.0,,FALSE
19,Chícharo crudo con vaina,1/2,taza,73,28,22,1.5,0.1,4.0,0.0,0.0,0.0,0.0,48.0,1.4,10.5,11.0,17.9,6.9,0.4,67.2,1.4,29.8,0.0,2.0,,FALSE
19,Chícharo en vaina cocido,1/3,taza,53,53,21,1.7,0.1,3.4,0.0,0.0,0.1,0.0,48.0,1.5,27.7,25.5,15.5,22.4,1.1,128.0,2.1,29.3,0.0,2.0,,FALSE
19,Chícharos y zanahorias congelados,1/4,taza,48,48,25,1.6,0.2,5.3,0.0,0.0,0.1,0.0,0.0,1.6,225.6,5.3,,12.8,0.5,,37.5,,0.0,,,FALSE
19,Chicoria cruda,3,taza,141,121,24,1.5,0.2,4.1,0.1,0.0,0.1,0.0,,1.1,124.3,8.5,172.2,63.1,1.0,380.8,26.7,34.0,0.0,,,FALSE
19,Chilacas crudas,3,pieza,90,76,24,1.1,0.2,5.5,0.0,0.0,0.1,0.0,,0.7,6.8,134.6,17.4,30.2,3.0,257.0,5.3,,0.0,,,FALSE
19,Chilacayote crudo,1.5,pieza,150,135,19,1.6,0.3,3.6,0.0,0.0,0.0,0.0,,0.4,8.1,9.5,,23.0,0.8,,,,0.0,,,FALSE
19,Chile ancho,6,gramos,6,6,20,0.7,0.6,3.8,0.0,0.0,0.0,0.0,0.0,0.0,123.7,4.6,,5.6,0.3,,0.0,,0.0,,,FALSE
19,Chile chllaca,2,pieza,60,50,20,0.8,0.2,3.7,0.0,0.0,0.1,0.0,,0.5,48.9,89.7,11.6,20.2,2.0,171.4,3.5,,0.0,,,FALSE
19,Chile chipotle seco,2,pieza,10,8,29,1.2,0.5,4.8,0.0,0.0,0.0,0.0,,0.6,19.3,0.0,,21.4,0.5,,,,0.0,,,FALSE
19,Chile costeño,4,pieza,64,54,17,0.9,0.1,3.9,0.0,0.0,0.1,0.0,,1.1,7.0,135.5,12.4,11.3,1.8,182.8,3.8,,0.0,,,FALSE
19,Chile cristalino,4,pieza,64,54,20,0.9,0.1,3.9,0.0,0.0,0.1,0.0,,1.1,3.5,135.5,12.4,11.3,1.8,182.8,3.8,,0.0,,,FALSE
19,Chile cuaresmeño,2,pieza,60,50,16,0.8,0.2,3.7,0.0,0.0,0.1,0.0,,0.5,4.5,89.7,11.6,20.2,2.0,171.4,3.5,,0.0,,,FALSE
19,Chile de árbol seco,4,pieza,8,7,21,0.9,0.4,4.3,0.0,0.0,0.0,0.0,,2.1,70.9,3.7,0.0,9.5,0.3,0.0,0.0,,0.0,,,FALSE
19,Chile en escabeche,150,gramos,150,150,23,0.5,1.0,6.5,0.0,0.0,0.0,0.0,0.0,3.5,0.0,0.0,,0.0,0.0,,1434.9,,0.0,,,FALSE
19,Chile guajillo,7,gramos,7,7,21,0.8,0.6,4.0,0.0,0.0,0.0,0.0,0.0,0.6,230.1,7.0,,9.8,0.7,,0.0,,0.0,,,FALSE
19,Chile habanero,5,pieza,80,67,25,1.5,0.5,3.6,0.1,0.0,0.3,0.0,,1.1,19.8,63.2,15.5,12.1,1.6,228.5,4.7,,0.0,,,FALSE
19,Chile jalapeño,6,pieza,90,78,23,1.1,0.5,4.6,0.0,0.0,0.2,0.0,,2.2,31.3,34.7,36.8,7.8,0.5,168.3,0.8,24.3,0.0,,,FALSE
19,Chile morita,7,gramos,7,7,24,0.9,0.4,4.0,0.0,0.0,0.0,0.0,0.0,0.7,29.3,5.5,,10.5,0.5,,0.0,,0.0,,,FALSE
19,Chile mulato,8,gramos,8,8,24,0.8,0.4,5.2,0.0,0.0,0.0,0.0,0.0,0.8,227.5,8.6,,7.4,1.0,,0.0,,0.0,,,FALSE
19,Chile nacho (lata),92,gramos,92,92,19,0.3,0.9,4.0,0.0,0.0,0.0,0.0,0.0,1.5,0.0,0.0,,0.0,0.0,,975.2,,0.0,,,FALSE
19,Chile pasilla,7,gramos,7,7,27,0.9,0.7,4.1,0.0,0.0,0.0,0.0,0.0,0.6,157.6,4.8,,10.8,0.4,,0.0,,0.0,,,FALSE
19,Chile poblano,1/2,pieza,40,32,15,0.8,0.2,3.3,0.0,0.0,0.1,0.0,,0.1,5.1,116.5,7.4,9.6,1.1,108.8,2.2,,0.0,,,FALSE
19,Chile serrano,56,gramos,56,56,22,0.9,0.3,4.0,0.0,0.0,0.1,0.0,0.0,0.8,17.1,36.4,,6.7,0.2,,3.9,,0.0,,,FALSE
19,Chiles en vinagre,150,gramos,150,150,23,0.5,1.0,6.5,0.0,0.0,0.0,0.0,0.0,3.5,0.0,0.0,,0.0,0.0,,1434.9,,0.0,,,FALSE
19,Chiles secos,1,pieza,10,7,23,0.8,0.7,4.3,0.0,0.0,0.0,0.0,,0.0,124.6,5.2,0.0,6.4,0.4,0.0,0.0,,0.0,,,FALSE
19,Cilantro picado crudo,2,taza,120,120,28,2.6,0.6,4.4,0.0,0.3,0.0,0.0,,3.4,404.4,32.4,74.4,80.4,2.1,625.2,55.2,57.6,0.0,,,FALSE
19,Clavito (hongo) crudo,1,taza,75,71,28,4.3,0.4,3.8,0.0,0.0,0.0,0.0,,1.1,0.0,3.8,0.0,7.8,1.5,0.0,0.0,45.6,0.0,,,FALSE
19,Col cocida picada,1/2,taza,75,75,17,1.0,0.0,4.1,0.0,0.0,0.1,0.0,,1.4,3.0,28.1,22.5,36.0,0.1,147.0,6.0,24.8,0.0,,,FALSE
19,Col cruda picada,2,taza,140,112,27,1.4,0.2,6.0,0.0,0.0,0.2,0.0,,2.6,6.7,47.0,63.8,52.6,0.6,275.2,20.2,25.6,0.0,,,FALSE
19,Col morada cruda picada,1,taza,70,56,17,0.8,0.1,4.1,0.0,0.0,0.0,0.0,,1.2,31.4,31.9,10.1,25.2,0.4,136.1,15.1,16.8,0.0,,,FALSE
19,Colecita de Bruselas cocida,3,pieza,63,63,23,1.6,0.3,4.5,0.1,0.0,0.2,0.0,,1.6,24.6,39.1,37.8,22.6,0.8,199.5,13.2,35.3,0.0,,,FALSE
19,Coliflor cocida,1,taza,125,125,28,2.3,0.6,5.1,0.0,0.0,0.2,0.0,,2.9,1.3,55.4,55.0,20.2,0.4,177.4,18.8,40.0,0.0,,,FALSE
19,Coliflor cruda,2,taza,200,80,20,1.6,0.1,4.2,0.0,0.0,0.0,0.0,,2.0,0.8,37.1,45.6,17.6,0.4,242.4,24.0,35.2,0.0,,,FALSE
19,Coliflor verde cocida,1/2,taza,68,68,22,2.1,0.2,4.2,0.0,0.0,0.1,0.0,,2.2,4.7,49.0,27.7,21.8,0.5,187.7,15.2,38.5,0.0,,,FALSE
19,Coliflor verde cruda,2,taza,128,78,24,2.3,0.2,4.8,0.0,0.0,0.1,0.0,,2.5,6.2,68.8,44.5,25.8,0.6,234.2,18.0,48.4,0.0,,,FALSE
19,Colinabo crudo,1/2,pieza,85,62,20,1.1,0.1,3.8,0.0,0.0,0.0,0.0,,1.3,0.3,38.5,,14.9,0.2,217.2,12.4,,0.0,,,FALSE
19,Corazón de alcachofa crudo,1,pieza,25,25,16,0.6,0.0,4.1,0.0,0.0,0.0,0.0,,0.3,3.0,1.5,18.5,8.0,0.2,84.8,20.0,0.0,0.0,,,FALSE
19,Corazón de lechuga crudo,1,pieza,130,124,12,1.2,0.0,4.4,0.0,0.0,0.0,0.0,,1.9,43.2,6.2,67.9,24.7,0.6,197.6,12.4,24.7,0.0,,,FALSE
19,Corazón de palmito crudo,3,pieza,99,99,27,2.4,0.6,4.5,0.0,0.0,0.3,0.0,,2.4,0.0,9.0,39.0,57.0,3.1,174.0,423.0,63.0,0.0,,,FALSE
19,Cresón cocido,1,taza,135,135,31,2.6,0.8,5.2,0.0,0.2,0.2,0.0,,1.0,313.2,31.1,50.0,82.4,1.1,476.6,10.8,64.8,0.0,,,FALSE
19,Cresón limpio crudo,2,taza,100,100,32,2.8,0.8,5.6,0.0,0.4,0.4,0.0,,1.2,346.0,69.0,80.0,81.0,1.3,606.0,14.0,76.0,0.0,,,FALSE
19,Crucetas crudas,1,taza,149,116,21,1.3,0.2,4.3,0.0,0.0,0.0,0.0,,0.8,25.6,27.9,0.0,90.7,6.7,0.0,0.0,0.0,0.0,,,FALSE
19,Cultlacoche cocido,1/3,taza,66,66,20,0.8,0.1,4.1,0.0,0.0,0.0,0.0,,1.2,0.0,2.6,,0.1,0.3,,0.0,2.4,0.0,,,FALSE
19,Echalot,1,pieza,40,34,25,0.9,0.0,5.8,0.0,0.0,0.0,0.0,,,20.6,2.8,11.7,12.7,0.4,114.9,4.1,20.6,0.0,,,FALSE
19,Edamame,1/7,taza,27,27,29,3.0,1.3,2.1,0.0,0.0,0.0,0.0,0.7,1.3,0.0,2.6,,16.2,0.6,,1.6,,0.0,,,FALSE
19,Ejotes cocidos picados,1/2,taza,63,63,22,1.2,0.2,4.9,0.0,0.0,0.1,0.0,,2.0,21.9,6.1,20.6,27.5,0.4,91.3,0.6,18.1,0.0,,,FALSE
19,Elotitos de cambray,8,pieza,64,64,26,2.1,0.0,4.3,0.0,0.0,0.0,0.0,,1.8,14.0,3.9,29.7,1.6,0.4,159.2,138.2,65.6,0.0,,,FALSE
19,Endivia cruda,3,taza,150,129,22,1.6,0.3,4.3,0.1,0.0,0.1,0.0,,4.0,139.3,8.4,183.2,67.1,1.1,405.1,28.4,36.1,0.0,,,FALSE
19,Espárragos,6,pieza,90,90,22,2.3,0.3,3.8,0.1,0.0,0.1,0.0,,2.8,49.0,10.0,131.0,18.0,0.7,144.0,10.0,49.0,0.0,,,FALSE
19,Espinaca cocida,1/2,taza,90,90,21,2.7,0.2,3.4,0.0,0.0,0.1,0.0,,3.2,471.6,8.8,131.0,122.0,3.2,419.0,63.0,50.0,0.0,,,FALSE
19,Espinaca cruda,2,taza,120,120,28,3.4,0.4,4.4,0.1,0.0,0.2,0.0,,2.6,562.8,33.7,232.8,118.8,3.3,669.6,94.3,58.8,0.0,,,FALSE
19,Flor de calabaza cocida,1,taza,134,134,20,1.4,0.2,4.4,0.0,0.0,0.0,0.0,,1.2,116.6,6.0,54.0,50.0,1.2,142.0,8.0,46.0,0.0,,,FALSE
19,Flor de calabaza cruda,4,taza,132,132,20,1.2,0.0,4.4,0.0,0.0,0.0,0.0,,,128.0,36.0,76.0,52.0,0.9,228.0,6.6,64.7,0.0,,,FALSE
19,Flor de colorín cocida,1/2,taza,40,40,24,1.8,0.1,4.0,0.0,0.0,0.0,0.0,,1.0,2.6,14.8,,43.2,1.0,,,,0.0,,,FALSE
19,Flor de colorín cruda,1,taza,40,40,24,1.8,0.1,4.0,0.0,0.0,0.0,0.0,,1.0,2.6,14.8,,43.2,1.0,,,,0.0,,,FALSE
19,Flor de garambullo cruda,1.5,taza,60,60,23,0.5,0.1,4.9,0.0,0.0,0.0,0.0,,0.5,12.6,24.0,,55.2,2.6,,,,0.0,,,FALSE
19,Flor de maguey cruda,1.5,taza,60,60,21,0.5,0.1,4.4,0.0,0.0,0.0,0.0,,0.4,14.4,35.4,,68.4,0.5,,,,0.0,,,FALSE
19,Flor de yuca cruda,1.5,taza,50,50,19,1.3,0.2,3.0,0.0,0.0,0.0,0.0,,0.3,0.5,135.1,,47.0,0.3,,,0.4,0.0,,,FALSE
19,Germen de alfalfa crudo,3,taza,99,99,23,4.0,0.7,2.1,0.1,0.1,0.4,0.0,,1.9,7.9,8.1,35.6,31.7,1.0,78.0,6.0,69.0,0.0,,,FALSE
19,Germen de lenteja crudo,1/4,taza,19,19,20,1.7,0.1,4.3,0.0,0.0,0.0,0.0,,,0.4,3.2,19.3,4.8,0.6,62.0,2.1,33.3,0.0,,,FALSE
19,Germen de soya cocido,1/3,taza,31,31,25,2.7,1.4,2.1,0.2,0.3,0.8,0.0,,0.3,0.6,2.6,25.1,18.5,0.4,111.3,3.1,42.3,0.0,,,FALSE
19,Germinado de lenteja,1/2,taza,17,17,17,1.5,0.1,3.7,0.0,0.0,0.0,0.0,0.0,0.0,0.3,2.7,,4.1,0.5,,1.8,,0.0,,,FALSE
19,Haba verde,4,pieza,32,32,23,1.8,0.2,3.7,0.0,0.0,0.0,0.0,55.0,1.3,5.8,10.6,30.7,7.0,0.6,80.0,16.0,30.4,0.0,2.0,,FALSE
19,Hoja de Nori (alga),10,gramos,10,10,20,4.0,0.0,4.0,0.0,0.0,0.0,0.0,0.0,4.0,0.0,12.0,,40.0,0.7,,12.0,,0.0,,,FALSE
19,Hojas de amaranto cocidas,1/2,taza,90,90,19,1.9,0.2,3.7,0.0,0.0,0.0,0.0,,,125.1,37.0,51.3,188.1,2.0,576.9,18.9,64.8,0.0,,,FALSE
19,Hojas de amaranto crudas,1.5,taza,90,90,21,2.2,0.3,3.6,0.0,0.0,0.0,0.0,,,131.4,39.0,76.5,193.5,2.1,549.9,18.0,45.0,0.0,,,FALSE
19,Hojas de chicoria crudas,2.5,taza,118,118,24,1.4,0.2,4.0,0.1,0.0,0.1,0.0,,1.1,120.4,8.2,166.9,61.1,0.9,369.0,25.9,32.9,0.0,,,FALSE
19,Hojas de diente de león,2,taza,40,36,19,1.0,0.3,3.3,0.0,0.0,0.0,0.0,,0.6,39.2,12.6,,67.3,1.1,142.9,27.4,23.8,0.0,,,FALSE
19,Hojas de parra,23,gramos,23,23,21,1.3,0.5,4.0,0.0,0.0,0.0,0.0,1.4,2.5,316.5,2.6,,83.5,0.6,,2.1,,0.0,,,FALSE
19,Hojas de pata de paloma,1/4,taza,25,21,17,0.7,0.3,3.5,0.0,0.0,0.0,0.0,,0.4,18.2,9.2,,12.9,1.3,,,,0.0,,,FALSE
19,Hojas de remolacha crudas,2,hojas,64,64,14,1.4,0.1,2.8,0.0,0.0,0.0,0.0,,2.4,202.2,19.2,9.6,74.9,1.6,487.7,144.6,26.2,0.0,,,FALSE
19,Hojas de remolacha hervidas,1/2,taza,72,72,19,1.9,0.1,3.9,0.0,0.0,0.0,0.0,,2.1,603.4,17.9,10.1,82.1,1.4,654.5,173.5,29.5,0.0,,,FALSE
19,Hongo portobello crudo,1,pieza,84,81,21,2.0,0.2,4.1,0.0,0.0,0.1,0.0,,1.2,0.0,0.0,17.9,6.5,0.5,394.4,4.9,105.9,0.0,,,FALSE
19,Hongo shiitake deshidratado,1,pieza,4,4,11,0.3,0.0,2.7,0.0,0.0,0.0,0.0,,0.4,0.0,0.1,5.9,0.4,0.1,55.2,0.5,10.6,0.0,,,FALSE
19,Hongos crudos,1,taza,70,63,17,2.0,0.3,2.8,0.0,0.0,0.1,0.0,,1.6,0.0,1.9,13.2,12.0,2.7,233.1,2.5,0.0,0.0,,,FALSE
19,Huauzontle,1/2,taza,40,40,24,1.8,0.3,4.8,0.0,0.0,0.0,0.0,,1.1,50.4,18.0,,65.2,2.4,,,3.5,0.0,,,FALSE
19,Huitlacoche cocido,1/3,taza,66,66,20,0.8,0.1,4.1,0.0,0.0,0.0,0.0,,1.2,0.0,2.6,,0.1,0.3,107.5,0.0,2.4,0.0,,,FALSE
19,Ibes frescos,1/4,taza,31,17,23,1.8,0.1,3.8,0.0,0.0,0.0,0.0,,0.5,7.5,2.8,,7.6,0.3,111.7,0.3,4.1,0.0,,,FALSE
19,Jicama picada,1/2,taza,60,60,23,0.4,0.1,5.3,0.0,0.0,0.0,0.0,,2.9,0.6,12.1,7.2,7.2,0.4,90.0,2.4,10.8,0.0,,,FALSE
19,Jitomate,1,pieza,123,116,21,1.0,0.2,4.5,0.1,0.1,0.2,0.0,,1.4,48.6,14.7,17.3,11.6,0.3,274.0,5.8,28.2,0.0,,,FALSE
19,Jitomate bola,1,pieza,123,108,19,1.0,0.2,4.2,0.1,0.1,0.2,0.0,,1.3,45.5,13.7,16.2,10.8,0.3,256.5,5.4,26.4,0.0,,,FALSE
19,Jitomate cereza,4,pieza,100,95,17,0.8,0.2,3.7,0.1,0.1,0.2,0.0,,1.1,39.9,12.1,14.3,9.5,0.3,225.2,4.8,23.2,0.0,,,FALSE
19,Jitomate deshidratado,5,pieza,10,10,23,1.5,0.5,4.3,0.0,0.0,0.0,0.0,,2.0,5.0,5.0,0.0,12.5,0.5,0.0,12.5,0.0,0.0,,,FALSE
19,Jitomate guaje o saladet,2,pieza,130,124,22,1.1,0.2,4.8,0.1,0.1,0.2,0.0,,1.5,51.9,15.7,18.5,12.4,0.3,292.7,6.2,30.1,0.0,,,FALSE
19,Jitomate verde,1,pieza,123,123,28,1.5,0.2,6.3,0.0,0.0,0.1,0.0,,1.4,39.4,29.0,11.0,16.0,0.6,251.0,16.0,34.0,0.0,,,FALSE
19,Jitomatillo (miltomate),3,pieza,75,65,23,1.0,0.1,4.6,0.0,0.0,0.0,0.0,,1.0,161.3,54.8,5.8,38.1,3.9,133.5,5.2,25.2,0.0,,,FALSE
19,Jugo de tomate,1/2,taza,122,122,21,0.9,0.1,5.1,0.0,0.0,0.0,0.0,,0.5,27.9,22.2,24.3,12.2,0.5,278.2,326.8,21.9,0.0,,,FALSE
19,Jugo de verduras,1/2,taza,121,121,23,0.8,0.1,5.5,0.0,0.0,0.0,0.0,,1.0,94.4,33.5,25.4,13.3,0.5,233.5,326.7,20.6,0.0,,,FALSE
19,Jugo de zanahoria,1/4,taza,59,59,24,0.6,0.1,5.5,0.0,0.0,0.0,0.0,,0.5,564.0,5.0,2.4,14.1,0.3,172.2,17.0,24.7,0.0,,,FALSE
19,Kale,2/3,taza,46,46,22,2.0,0.4,4.0,0.0,0.4,0.2,0.0,1.0,1.6,228.6,54.9,,68.6,0.7,,17.4,,0.0,,,FALSE
19,Lechuga,3,taza,141,135,23,1.7,0.4,4.5,0.0,0.0,0.0,0.0,,2.8,392.5,32.5,184.1,44.7,1.3,334.3,10.8,40.6,0.0,,,FALSE
19,Lechuga francesa,2,taza,140,140,24,1.7,0.4,4.6,0.0,0.0,0.0,0.0,0.0,2.9,406.0,33.6,,46.2,1.4,,11.2,,0.0,,,FALSE
19,Lechuga italiana,2,taza,140,140,24,1.7,0.4,4.6,0.0,0.0,0.0,0.0,0.0,2.9,406.0,33.6,,46.2,1.4,,11.2,,0.0,,,FALSE
19,Lechuga larga,2,taza,140,140,24,1.7,0.4,4.6,0.0,0.0,0.0,0.0,0.0,2.9,406.0,33.6,,46.2,1.4,,11.2,,0.0,,,FALSE
19,Lechuga orejona,1.5,taza,105,105,26,1.5,0.3,4.3,0.0,0.0,0.0,0.0,1.1,2.1,23.1,6.3,,26.3,0.6,,9.5,,0.0,,,FALSE
19,Lechuga romana,2,taza,140,140,20,1.3,0.2,4.2,0.0,0.0,0.0,0.0,1.4,2.8,35.0,3.9,,22.4,0.6,,15.4,,0.0,,,FALSE
19,Lechuga sangría,2,taza,140,140,24,1.7,0.4,4.6,0.0,0.0,0.0,0.0,0.0,2.9,406.0,33.6,,46.2,1.4,,11.2,,0.0,,,FALSE
19,Lengua de vaca,110,gramos,110,99,27,2.0,0.7,3.2,0.0,0.0,0.0,0.0,,0.8,198.0,47.5,,43.6,2.4,386.1,4.0,68.3,0.0,,,FALSE
19,Lenteja germinada cocida,1/4,taza,19,19,19,1.7,0.1,4.1,0.0,0.0,0.0,0.0,,,0.4,2.4,12.9,2.7,0.6,54.7,1.9,29.5,0.0,,,FALSE
19,Malva,70,gramos,70,60,24,2.9,0.4,2.3,0.0,0.0,0.0,0.0,,0.5,178.5,20.8,,147.0,1.2,,,11.9,0.0,,,FALSE
19,"Mezcla de verdura congelada, cocidas sin sal",1/2,taza,46,46,30,1.3,0.1,4.6,0.0,0.0,0.0,0.0,,2.0,97.4,1.5,8.6,11.4,0.4,76.9,15.9,23.2,0.0,,,FALSE
19,Morillas deshidratadas,10,gramos,10,10,27,3.2,0.4,4.4,0.0,0.0,0.0,0.0,,2.5,0.0,3.0,21.0,1.9,4.3,370.0,0.4,,0.0,,,FALSE
19,Morillas frescas,100,gramos,100,85,23,2.7,0.3,3.7,0.1,0.0,0.1,0.0,,2.1,0.0,2.6,17.9,16.2,3.7,314.5,3.4,,0.0,,,FALSE
19,Nabo cocido,150,gramos,150,99,22,0.7,0.1,5.0,0.0,0.0,0.0,0.0,,2.0,0.0,11.5,8.9,32.7,0.2,175.2,15.8,25.7,0.0,,,FALSE
19,Nopal cocido,1,taza,149,149,22,2.0,0.1,4.9,0.0,0.0,0.0,0.0,,3.0,32.8,7.9,4.5,244.0,0.7,291.0,30.0,24.0,0.0,,,FALSE
19,Nopal crudo,2,pieza,140,134,22,1.8,0.1,4.5,0.0,0.0,0.1,0.0,,3.2,30.9,12.5,4.0,220.4,0.8,345.4,28.2,21.5,0.0,,,FALSE
19,Nopal crudo de cambray,4,pieza,100,100,27,1.7,0.3,2.9,0.0,0.0,0.0,0.0,,3.5,0.0,0.0,0.0,0.0,0.0,0.0,0.0,0.0,0.0,,,FALSE
19,"Palmito, enlatado",1,pieza,33,33,30,0.8,0.2,1.5,0.0,0.0,0.0,0.0,,0.8,0.0,2.6,12.9,19.1,1.0,58.4,140.6,21.5,0.0,,,FALSE
19,Papaloquelite crudo,2,taza,120,108,24,1.9,0.3,3.1,0.0,0.0,0.0,0.0,,1.0,69.7,20.5,,389.9,2.6,,,18.4,0.0,,,FALSE
19,Papilla de verduras mixtas,1/3,frasco,43,43,19,0.5,0.0,4.1,0.0,0.0,0.0,0.0,,0.6,58.3,1.3,3.4,9.4,0.1,51.9,3.4,,0.0,,,FALSE
19,Pasta de tomate,2,cda,30,30,25,1.3,0.1,5.7,0.0,0.0,0.0,0.0,3.7,1.2,22.8,6.6,,10.8,0.9,,17.7,,0.0,,,FALSE
19,Pepinillos crudos,1/3,taza,80,80,23,1.1,1.0,3.3,0.0,0.0,0.0,0.0,,0.0,0.0,0.0,0.0,25.3,2.1,0.0,1070.0,42.0,0.0,,,FALSE
19,Pepinillos dulces,1,cda,15,15,20,0.1,0.1,5.3,0.0,0.0,0.0,0.0,,0.2,2.0,0.0,0.0,0.0,0.1,4.0,122.0,2.0,0.0,,,FALSE
19,Pepino con cáscara rebanado,1,taza,104,104,16,0.7,0.1,3.8,0.0,0.0,0.0,0.0,,0.5,5.2,2.9,7.3,16.6,0.3,152.9,2.0,25.0,0.0,,,FALSE
19,Perejil crudo picado,1,taza,60,60,22,1.8,0.5,3.8,0.0,0.2,0.0,0.0,,2.0,252.6,80.0,91.2,82.8,3.7,332.4,33.6,34.8,0.0,,,FALSE
19,Pimiento amarillo crudo chico,1,pieza,75,64,17,0.7,0.1,4.0,0.0,0.0,0.1,0.0,,0.6,6.4,116.9,16.6,6.9,0.3,135.0,1.4,15.4,0.0,,,FALSE
19,Pimiento cocido,1/2,taza,68,68,19,0.6,0.1,4.6,0.0,0.0,0.1,0.0,,0.8,9.5,51.0,11.0,6.0,0.3,113.0,1.0,12.0,0.0,,,FALSE
19,Pimiento fresco,1,taza,60,60,17,0.5,0.1,3.8,0.0,0.0,0.1,0.0,,1.1,10.8,54.0,13.2,6.0,0.3,106.8,1.2,12.0,0.0,,,FALSE
19,Pimiento morrón (lata drenada),1,lata,150,150,27,1.2,0.5,5.9,0.1,0.0,0.2,0.0,0.0,1.8,39.0,69.8,,61.5,1.2,,2053.5,,0.0,,,FALSE
19,Pimiento rojo crudo chico,1,pieza,75,64,17,0.7,0.1,4.0,0.0,0.0,0.0,0.0,,0.6,10.0,81.4,29.3,4.5,0.3,134.5,2.6,16.6,0.0,,,FALSE
19,Pimiento verde crudo chico,1,pieza,75,64,17,0.7,0.1,4.0,0.0,0.0,0.0,0.0,,0.6,11.5,51.3,6.4,6.4,0.2,111.6,1.9,12.8,0.0,,,FALSE
19,Poro crudo,1/4,taza,40,32,21,0.5,0.1,4.5,0.0,0.0,0.0,0.0,,1.2,26.6,3.5,20.5,18.9,0.7,57.6,6.4,,0.0,,,FALSE
19,Puerro crudo,1/4,pieza,22,22,14,0.3,0.1,3.2,0.0,0.0,0.0,0.0,,0.9,18.5,2.7,14.2,13.1,0.5,40.1,4.5,,0.0,,,FALSE
19,Puerro hervido sin sal,1/2,pieza,62,62,19,0.5,0.1,4.7,0.0,0.0,0.0,0.0,,0.6,25.4,2.6,14.9,18.6,0.7,53.9,6.2,,0.0,,,FALSE
19,Puré de jitomate,1/3,taza,73,73,23,1.2,0.2,5.3,0.0,0.0,0.1,0.0,3.2,1.4,8.0,6.7,,24.7,0.9,,135.0,,0.0,,,FALSE
19,Puré de tomate enlatado,1/4,taza,63,63,24,1.0,0.1,5.6,0.0,0.0,0.1,0.0,,1.5,16.3,6.6,6.9,11.3,1.1,274.4,17.5,25.0,0.0,,,FALSE
19,Quelite crudo,80,gramos,80,66,26,3.1,0.3,2.6,0.0,0.0,0.1,0.0,,0.8,213.2,26.2,,98.4,2.4,400.8,13.1,,0.0,,,FALSE
19,Rábano crudo rebanado,1,taza,116,104,17,0.7,0.1,3.5,0.0,0.0,0.0,0.0,,1.7,0.0,15.5,26.1,26.1,0.4,243.3,40.7,20.9,0.0,,,FALSE
19,Romeritos crudos,120,gramos,120,72,26,2.6,0.1,3.5,0.0,0.0,0.0,0.0,,0.7,112.0,2.9,,29.5,1.8,,,,0.0,,,FALSE
19,Salsa de chile,1/2,taza,115,115,28,1.2,0.2,5.2,0.0,0.0,0.1,0.0,,2.8,4.6,2.3,0.0,20.7,0.6,234.6,15.0,0.0,0.0,,,FALSE
19,Salsifí,35,gramos,35,23,18,0.3,0.0,4.0,0.0,0.0,0.0,0.0,,0.4,0.0,1.8,,12.5,0.2,86.5,4.6,11.4,0.0,,,FALSE
19,Semilla de guaje verde,65,gramos,65,29,28,2.5,0.2,4.0,0.0,0.0,0.0,0.0,,0.5,2.3,11.7,,46.2,1.1,,,,0.0,,,FALSE
19,Setas cocidas,1/2,taza,78,78,21,2.5,0.3,3.4,0.0,0.0,0.0,0.0,,2.0,0.0,,,,,,,,0.0,,,FALSE
19,Setas crudas,100,gramos,100,85,23,2.7,0.3,3.7,0.1,0.0,0.1,0.0,,2.1,0.0,2.6,17.9,16.2,3.7,314.5,3.4,,0.0,,,FALSE
19,Tomate verde,5,pieza,100,86,21,0.9,0.2,3.9,0.0,0.0,0.1,0.0,,2.1,1.7,1.7,,15.5,0.4,175.4,11.2,,0.0,,,FALSE
19,Tomatitos (tomiles),75,gramos,75,65,26,2.3,0.1,4.1,0.0,0.0,0.0,0.0,,0.8,112.6,29.7,,249.0,4.5,131.6,8.4,20.6,0.0,,,FALSE
19,Trigo germinado,1/7,taza,10,10,19,0.7,0.1,4.1,0.0,0.0,0.1,0.0,0.0,0.1,0.0,0.3,,2.7,0.2,,1.6,,0.0,,,FALSE
19,Verdolaga cocida,1,taza,115,115,21,1.7,0.2,4.1,0.0,0.0,0.0,0.0,,0.9,107.0,12.1,10.4,89.2,0.9,561.1,51.6,41.6,0.0,,,FALSE
19,Verdolaga cruda limpia,2,taza,192,192,31,2.5,0.2,6.6,0.0,0.0,0.0,0.0,,1.5,126.7,40.3,23.0,124.8,3.8,948.5,86.4,84.5,0.0,,,FALSE
19,"Verdura (mezcla) congelada, cocida sin sal",1/2,taza,46,46,30,1.3,0.1,4.6,0.0,0.0,0.0,0.0,,2.0,97.4,1.5,8.6,11.4,0.4,76.9,15.9,23.2,0.0,,,FALSE
19,Verduras de lata,2/7,taza,56,56,20,0.8,0.0,4.0,0.0,0.0,0.1,0.0,0.0,2.1,0.0,2.1,,11.8,0.4,,125.8,,0.0,,,FALSE
19,Xoconostle,3,pieza,102,71,18,0.1,0.3,3.7,0.0,0.0,0.0,0.0,,1.6,1.4,15.7,,90.0,0.2,,,29.3,0.0,,,FALSE
19,Yemltas (hongo) crudas,2,taza,160,160,27,4.8,1.7,6.4,0.0,0.0,0.0,0.0,,3.6,0.0,6.1,,28.8,6.0,,,76.8,0.0,,,FALSE
19,Yerbamora cruda,50,gramos,50,41,21,2.0,0.3,3.6,0.0,0.0,0.0,0.0,,0.6,13.9,49.2,,113.2,3.7,,,,0.0,,,FALSE
19,Zanahoria baby (miniatura) cruda,4,pieza,60,60,21,0.4,0.1,4.9,0.0,0.0,0.0,0.0,47.0,1.7,414.0,1.6,16.2,19.2,0.5,142.2,46.8,16.8,0.0,2.0,,FALSE
19,Zanahoria picada cruda,1/2,taza,64,64,26,0.6,0.2,4.3,0.0,0.0,0.0,0.0,47.0,1.8,534.4,3.8,12.2,21.1,0.2,204.8,44.2,22.4,0.0,2.0,,FALSE
19,Zanahoria rallada cruda,1/2,taza,55,55,23,0.5,0.1,4.1,0.0,0.0,0.0,0.0,47.0,1.5,459.3,3.2,10.5,18.2,0.2,176.0,38.0,19.3,0.0,2.0,,FALSE
10,Agaí,4,cda,24,24,74,1.2,5.5,14.6,1.2,0.0,0.0,0.0,0.1,9.4,,,,,,,,,0.0,,,FALSE
10,Agua de coco,1.5,taza,360,360,65,1.1,0.7,16.9,0.0,0.0,0.0,0.0,,0.0,,7.2,,64.8,4.3,529.2,90.0,,0.0,,,FALSE
10,Albaricoque en almíbar,1/4,taza,65,65,54,0.4,0.1,13.8,0.0,0.0,0.0,0.0,12.0,1.8,94.3,2.0,1.3,,0.2,92.3,2.5,,0.0,,,FALSE
10,Albaricoque en mitades enlatados en jugo,1/2,taza,122,122,59,0.8,0.1,15.1,0.0,0.0,0.0,0.0,13.1,2.0,103.5,6.0,2.5,,0.4,201.5,5.0,,0.0,,,FALSE
10,Albaricoque en mitades enlatados en agua,1,taza,227,227,61,1.6,0.4,14.5,0.0,0.2,0.1,0.0,10.9,3.6,167.0,7.0,5.1,,0.7,349.0,7.0,,0.0,,,FALSE
10,Anona,130,gramos,130,59,59,1.0,0.4,14.7,0.0,0.0,0.0,0.0,,2.0,,5.3,,17.6,0.4,223.5,2.3,,0.0,,,FALSE
10,Arándano fresco,1.5,taza,150,147,68,0.6,0.2,17.9,0.0,0.0,0.0,0.0,5.9,6.8,7.4,25.0,8.8,17.6,0.7,129.4,4.4,20.6,0.0,,,FALSE
10,Arándano seco con azúcar,1/2,taza,5,5,51,0.0,0.3,13.6,0.0,0.1,0.1,0.0,10.7,1.0,,,,,0.1,6.5,0.5,,0.0,,,FALSE
10,Blueberries,3/4,taza,109,107,61,0.7,0.4,15.4,0.0,0.1,0.2,0.0,10.6,2.6,,13.9,6.4,6.4,0.2,94.9,6.4,10.7,0.0,,,FALSE
10,Blueberries congeladas,3/4,taza,116,116,59,0.5,0.8,14.2,0.1,0.1,0.3,0.0,9.8,3.2,1.5,9.0,8.1,,0.2,63.0,1.5,,0.0,,,FALSE
10,Blueberries congeladas con azúcar,1/4,taza,58,58,47,0.2,0.1,12.6,0.0,0.0,0.0,0.0,11.4,1.3,0.5,3.5,4.0,,0.2,34.5,0.5,,0.0,,,FALSE
10,Blueberries en almíbar,1/4,taza,64,64,56,0.4,0.2,14.1,0.0,0.0,0.1,0.0,13.1,1.0,1.3,0.8,1.3,,0.2,25.5,2.0,,0.0,,,FALSE
10,Breba,5,pieza,200,192,63,1.0,0.2,16.1,0.0,0.0,0.1,0.0,,3.3,71.0,1.9,,119.0,4.4,372.5,3.8,,0.0,,,FALSE
10,Caimito blanco o morado,1,pieza,200,130,68,1.7,2.2,12.2,0.0,0.0,0.0,0.0,,3.8,,15.6,,42.9,5.7,,,,0.0,,,FALSE
10,Calabaza melón,130,gramos,130,98,58,2.8,0.9,11.2,0.0,0.0,0.0,0.0,,1.3,36.1,23.4,,40.0,2.6,,,,0.0,,,FALSE
10,Caña de azúcar,250,gramos,250,100,64,0.5,0.5,17.2,0.0,0.0,0.0,0.0,,1.9,,8.0,,18.0,0.7,,,,0.0,,,FALSE
10,Capulín,3,taza,480,96,63,1.4,0.0,16.1,0.0,0.0,0.0,0.0,,0.6,25.0,12.5,,43.2,1.3,,,,0.0,,,FALSE
10,Carambolo o carambola,1.5,pieza,191,171,53,1.8,0.6,11.5,0.0,0.0,0.3,0.0,6.8,4.8,83.7,36.5,24.3,6.8,0.4,279.5,4.1,4.1,4.1,,,FALSE
10,Cereza,20,pieza,136,88,56,0.9,0.2,14.7,0.1,0.3,0.3,0.0,11.3,2.1,18.2,6.5,3.9,13.0,0.4,197.6,,,,22.0,3.2,FALSE
10,Cereza congeladas,1,taza,155,155,71,1.4,0.7,17.1,0.2,0.2,0.2,0.0,14.0,2.5,68.0,3.0,7.8,,0.8,192.0,2.0,2.0,2.0,,,FALSE
10,Cerezas en almibar,1/4,taza,64,64,58,0.5,0.1,14.9,0.0,0.0,0.0,0.0,14.2,0.7,22.8,1.3,5.1,,0.8,59.8,4.5,4.5,4.5,,,FALSE
10,Cerezas Maraschino enlatadas,4,pieza,20,20,64,0.0,0.0,16.8,0.0,0.0,0.0,0.0,15.6,1.2,,,,,0.2,8.0,,,,,,FALSE
10,Chabacano,4,pieza,140,126,61,1.8,0.5,14.0,0.0,0.2,0.1,0.0,11.6,2.5,329.3,13.1,10.7,17.8,0.7,373.2,1.2,1.2,1.2,57.0,8.0,FALSE
10,Chagua,150,gramos,150,150,114,15.8,1.3,14.0,0.0,0.0,0.0,0.0,,4.7,0.2,6.8,,,4.6,,,,,,,FALSE
10,Cherimoya picada,1/2,taza,78,78,58,1.3,0.5,13.8,0.0,0.0,0.0,0.0,,1.8,3.0,6.0,14.1,,0.2,210.0,3.0,3.0,3.0,,,FALSE
10,Chicozapote,1/2,pieza,85,75,62,0.3,0.8,14.9,0.1,0.4,0.0,0.0,,4.0,4.4,11.0,10.6,15.8,0.6,144.3,8.8,8.8,8.8,40.0,6.0,FALSE
10,Chirimoya,1/3,pieza,112,56,53,0.7,0.2,13.4,0.0,0.0,0.0,0.0,,1.2,0.6,5.0,,12.9,0.3,,,,,,,FALSE
10,Ciricote,300,gramos,300,90,59,1.1,0.1,15.0,0.0,0.0,0.0,0.0,,1.4,25.2,9.9,,34.2,1.7,,,,,,,FALSE
10,Ciruela Criolla roja o amarilla,3,pieza,198,158,73,1.1,0.4,18.1,0.0,0.7,0.2,0.0,,2.2,50.4,14.4,2.4,7.2,0.2,273.6,,,,39.0,7.1,FALSE
10,Ciruela negra,1/2,pieza,83,66,50,0.7,0.0,12.5,0.0,0.0,0.0,0.0,10.6,1.3,,4.1,,,,68.4,,,,,,FALSE
10,Ciruela pasa deshuesada,7,pieza,56,56,60,0.5,0.1,15.7,0.0,0.0,0.0,0.0,14.0,1.7,140.0,,,33.6,0.4,,7.0,7.0,7.0,29.0,4.6,FALSE
10,Cocktail de frutas en almibar,1/4,taza,62,62,44,0.3,0.1,11.7,0.0,0.0,0.0,0.0,10.6,1.1,8.8,1.3,1.9,,0.2,55.8,3.8,3.8,3.8,,,FALSE
10,Cocktail de frutas enlatado con agua,1/2,taza,119,119,38,0.5,0.1,10.1,0.0,0.0,0.0,0.0,8.9,1.2,15.5,2.5,3.6,,0.3,111.5,4.5,4.5,4.5,,,FALSE
10,Cocktail de frutas enlatado con jugo de fruta,1/2,taza,119,119,55,0.6,0.0,14.1,0.0,0.0,0.0,0.0,12.9,1.2,18.0,3.0,3.6,,0.3,112.5,4.5,,0.0,,,FALSE
10,Cocoyol,170,gramos,170,43,74,2.5,3.8,9.5,0.0,0.0,0.0,0.0,,2.1,9.8,49.3,,84.6,1.9,,,,0.0,,,FALSE
10,Coloc,60,gramos,60,60,61,1.1,0.3,15.4,0.0,0.0,0.0,0.0,,0.3,0.4,14.8,,16.8,3.2,,,22.8,0.0,,,FALSE
10,Cundeamor,450,gramos,450,450,32,3.9,0.7,15.9,0.0,0.0,0.0,0.0,,5.6,0.3,230.0,,117.0,7.7,,,153.0,0.0,,,FALSE
10,Dátil seco,2,pieza,17,17,46,0.3,0.0,12.4,0.0,0.0,0.0,0.0,11.0,1.1,0.8,,2.0,5.4,0.2,108.2,0.4,6.6,0.0,103.0,12.8,FALSE
10,Durazno amarillo,2,pieza,174,153,60,1.4,0.2,14.6,0.0,0.0,0.0,0.0,12.8,2.3,82.7,10.6,5.3,7.0,0.2,301.0,,17.6,0.0,42.0,6.1,FALSE
10,Durazno con azúcar congelado,1/4,taza,63,63,59,0.4,0.1,15.0,0.0,0.0,0.1,0.0,13.9,1.1,8.8,59.0,1.9,,0.2,81.3,3.8,,0.0,,,FALSE
10,Durazno en almíbar,1/2,taza,126,126,68,0.6,0.1,18.3,0.0,0.0,0.0,0.0,16.7,1.7,22.5,3.0,3.8,,0.5,121.5,6.5,,0.0,,,FALSE
10,Durazno enlatado en agua,1,taza,244,244,59,1.1,0.1,14.9,0.0,0.4,0.1,0.0,11.7,3.2,66.0,7.0,7.3,,0.8,242.0,7.0,,0.0,,,FALSE
10,Durazno enlatado en jugo,1/2,taza,125,125,55,0.8,0.1,14.5,0.0,0.0,0.0,0.0,12.9,1.6,24.0,4.5,3.8,,0.3,160.0,5.0,,0.0,,,FALSE
10,Durazno Prisco,3,pieza,150,132,51,1.2,0.1,12.5,0.0,0.1,0.1,0.0,11.1,2.0,46.2,13.2,,27.7,0.4,266.6,1.3,,0.0,,,FALSE
10,Frambuesa,1,taza,123,123,64,1.5,0.8,14.7,0.0,0.1,0.4,0.0,5.4,8.0,6.0,31.0,32.0,27.0,0.7,187.0,,15.0,0.0,,,FALSE
10,Fresa entera,17,pza mediana,204,204,65,1.4,0.6,15.7,0.0,0.1,0.4,0.0,10.0,4.1,55.1,120.0,49.0,28.6,0.8,312.1,2.0,38.8,0.0,40.0,6.3,FALSE
10,Fresa rebanada,1,taza,166,166,53,1.1,0.5,12.7,0.0,0.1,0.3,0.0,8.1,3.3,44.8,97.6,39.8,23.2,0.7,254.0,1.7,31.5,0.0,,,FALSE
10,Fresas congeladas con azúcar,1/4,taza,64,64,50,0.3,0.1,13.4,0.0,0.0,0.1,0.0,11.9,1.2,0.8,25.3,2.6,,0.3,62.5,0.8,,0.0,,,FALSE
10,Fresas congeladas sin azúcar,1/2,taza,111,111,39,0.5,0.1,10.1,0.0,0.0,0.1,0.0,5.1,2.3,2.0,45.5,18.8,,0.8,163.5,2.0,,0.0,,,FALSE
10,Fruta de la pasión,3,pieza,165,58,56,1.3,0.4,13.5,0.0,0.0,0.3,0.0,6.5,6.0,41.7,16.0,9.6,6.4,0.9,202.1,16.0,38.5,0.0,,,FALSE
10,Fruta picada,1,taza,140,140,59,0.7,0.3,14.7,0.0,0.0,0.1,0.0,7.7,1.4,30.3,37.4,13.1,14.2,0.2,213.2,2.5,10.1,0.0,,,FALSE
10,Fruto del pan,85,gramos,85,74,60,1.0,0.4,14.9,0.0,0.0,0.0,0.0,,1.3,3.0,21.4,,20.0,0.4,362.4,1.5,,0.0,38.0,5.6,FALSE
10,Gajos de mandarina,1,taza,105,105,56,0.9,0.3,14.0,0.0,0.0,0.0,0.0,11.1,1.9,113.4,75.6,8.4,18.9,0.3,186.9,1.1,,0.0,,,FALSE
10,Gajos de naranja,1,taza,150,150,71,1.4,0.2,17.7,0.0,0.0,0.0,0.0,14.0,3.6,18.0,79.5,45.0,60.0,0.2,271.5,,,0.0,,,FALSE
10,Gajos de toronja,1,taza,150,150,50,0.8,0.2,12.6,0.0,0.0,0.0,0.0,11.0,1.7,,,,,,,,,0.0,,,FALSE
10,Giotilla,200,gramos,200,130,66,2.3,1.0,13.9,0.0,0.0,0.0,0.0,,2.0,,22.1,,97.5,4.3,,,,0.0,,,FALSE
10,Goji berries deshidratadas,3,cda,18,18,64,2.6,0.0,13.5,0.0,0.0,0.0,0.0,8.4,1.9,,,,,,,48.2,,0.0,,,FALSE
10,Granada China,2,pieza,120,67,65,1.5,0.5,15.7,0.0,0.0,0.0,0.0,,7.3,18.8,20.2,13.4,8.1,1.1,233.9,18.8,,0.0,,,FALSE
10,Granada roja,1,pieza,190,87,44,0.9,0.3,15.5,0.0,0.0,0.0,0.0,,2.4,,5.2,,2.6,0.3,226.4,2.6,,0.0,,,FALSE
10,Grosellas,1,taza,150,150,66,1.3,0.9,15.3,0.1,0.1,0.5,0.0,,6.4,22.0,42.0,9.0,,0.5,297.0,2.0,,0.0,,,FALSE
10,Grosellas en almíbar,1/4,taza,63,63,46,0.4,0.1,11.8,0.0,0.0,0.1,0.0,,1.5,4.5,6.3,1.9,,0.2,48.5,1.3,,0.0,,,FALSE
10,Grosellas negras,1,taza,112,112,71,1.6,0.5,17.2,0.0,0.1,0.2,0.0,,0.0,13.0,203.0,,,1.7,361.0,2.0,,0.0,,,FALSE
10,Grosellas rojas o blancas,1,taza,112,112,63,1.6,0.2,15.5,0.0,0.0,0.1,0.0,8.3,4.8,2.0,46.0,9.0,,1.1,308.0,1.0,,0.0,,,FALSE
10,Guamuchil,60,gramos,60,60,47,1.8,0.2,10.9,,,,0.0,,0.2,9.0,79.8,,7.8,,133.2,11.4,25.2,0.0,,,FALSE
10,Guanábana,1,pza chica,350,238,90,1.0,3.8,15.5,0.0,0.0,0.0,0.0,,9.0,92.8,50.0,,123.8,5.5,,,,0.0,,,FALSE
10,Guanábana Cimarrona,1,pieza,350,238,90,1.0,3.8,15.5,0.0,0.0,0.0,0.0,,9.0,92.8,50.0,,123.8,5.5,,,,0.0,,,FALSE
10,Guayaba,3,pieza,135,124,63,1.0,0.7,14.8,0.2,0.1,0.2,0.0,,7.0,39.7,227.3,,24.8,0.4,352.7,3.7,,0.0,,,FALSE
10,Guayaba rosa,1,pieza,90,77,52,2.0,0.7,11.0,0.1,0.0,0.2,0.0,6.8,4.1,6.9,28.2,,16.0,0.2,223.2,28.2,20.7,0.0,,,FALSE
10,Guayabas en almíbar,1,pieza,45,45,40,0.0,0.0,12.6,0.0,0.0,0.0,0.0,8.1,2.7,,,,,,,18.9,,0.0,,,FALSE
10,Higo,2,pieza,80,72,53,0.6,0.1,13.8,0.0,0.0,0.1,0.0,11.7,2.1,10.1,1.4,4.3,25.9,0.3,167.0,1.4,10.1,0.0,,,FALSE
10,Higo deshidratado,1,pieza,19,19,47,0.6,0.2,11.9,0.0,0.1,0.1,0.0,9.0,1.8,2.4,0.1,1.4,26.9,0.4,133.1,2.1,12.7,0.0,61.0,7.3,FALSE
10,Jinicuil,250,gramos,250,50,73,6.0,0.5,13.5,0.0,0.0,0.0,0.0,,0.5,10.0,14.0,,23.0,1.0,,,,0.0,,,FALSE
10,Jugo de arándano natural sin azúcar añadida,1/2,taza,123,123,57,0.5,0.2,15.0,0.0,0.0,0.1,0.0,14.9,0.1,2.5,11.4,,9.8,0.3,,2.5,,0.0,,,FALSE
10,Jugo de fresa natural,3/4,taza,192,192,73,0.6,1.2,15.0,0.0,0.0,0.7,0.0,14.8,0.2,11.5,21.7,,23.1,0.9,,1.9,,0.0,,,FALSE
10,Jugo de guayaba natural,1/3,taza,92,92,58,0.1,0.1,15.0,0.0,0.0,0.0,0.0,12.0,0.9,,19.5,,7.4,0.4,,5.5,,0.0,,,FALSE
10,Jugo de limón,3/4,taza,180,180,45,0.7,0.0,15.6,0.0,0.0,0.0,0.0,4.3,0.7,3.7,82.6,22.9,12.5,0.1,223.5,1.5,11.1,0.0,,,FALSE
10,Jugo de mamey,1/3,taza,80,80,52,0.6,0.1,12.5,0.0,0.0,0.0,0.0,,0.2,,,,,,,,,0.0,,,FALSE
10,Jugo de mandarina natural,1/2,taza,120,120,46,0.8,0.0,11.3,0.0,0.0,0.0,0.0,9.9,1.4,,,,,,,,,0.0,,,FALSE
10,Jugo de mango,1/2,taza,120,120,61,0.1,0.1,15.7,0.0,0.0,0.0,0.0,14.9,0.4,,,,,,,,,0.0,,,FALSE
10,Jugo de manzana natural sin azúcar,1/2,taza,129,129,59,0.0,0.0,15.0,0.0,0.0,0.0,0.0,12.9,0.0,,1.3,,10.3,0.2,,5.1,,0.0,,,FALSE
10,Jugo de naranja natural,1/2,taza,120,120,54,0.8,0.2,12.5,0.0,0.0,0.0,0.0,10.1,0.2,24.2,60.0,36.3,13.1,0.2,240.0,1.0,20.3,0.0,46.0,5.7,FALSE
10,Jugo de papaya,1/3,taza,79,79,45,0.1,0.1,11.5,0.0,0.0,0.0,0.0,11.0,0.5,,,,,,,,,0.0,,,FALSE
10,Jugo de piña natural,4/9,taza,117,117,62,0.4,0.1,15.0,0.0,0.0,0.0,0.0,11.6,1.2,,11.7,,15.2,0.4,,2.3,,0.0,,,FALSE
10,Jugo de toronja natural,1/2,taza,120,120,47,0.6,0.1,11.0,0.0,0.0,0.0,0.0,10.1,0.1,1.0,45.7,12.1,10.7,0.2,194.3,1.0,18.0,0.0,48.0,5.3,FALSE
10,Kiwi,1.5,pieza,132,114,69,1.2,0.6,16.6,0.0,0.0,0.3,0.0,10.2,3.4,20.9,110.5,43.3,29.9,0.5,376.4,6.0,44.8,0.0,53.0,8.8,FALSE
10,Lichis,12,pieza,180,90,59,0.7,0.3,14.9,0.0,0.0,0.0,0.0,13.7,1.2,,,,,,,0.5,,0.0,79.0,11.8,FALSE
10,Lima,3,pieza,234,147,44,1.0,0.3,15.5,0.0,0.0,0.3,0.0,2.5,4.1,5.1,78.8,15.3,38.1,0.9,203.3,2.5,22.9,0.0,,,FALSE
10,Limón Real,4,pieza,232,153,31,1.8,0.5,16.4,0.0,0.0,0.0,0.0,,7.2,,45.9,,47.5,2.4,,,,0.0,,,FALSE
10,Mamey,1/3,pieza,137,85,58,1.4,0.5,13.7,0.0,0.0,0.0,0.0,,3.8,51.7,19.5,,39.0,2.0,,,,0.0,,,FALSE
10,Mandarina,2,pieza,180,128,68,1.0,0.4,17.0,0.0,0.0,0.0,0.0,13.5,2.3,138.0,92.0,10.2,23.0,0.4,227.5,1.3,,0.0,,,FALSE
10,Mandarina Reyna,1,pieza,200,142,75,1.2,0.4,18.9,0.0,0.0,0.0,0.0,15.0,2.6,153.4,102.2,11.4,25.6,0.4,252.8,1.4,,0.0,,,FALSE
10,Mango Ataúlfo,1/2,pieza,95,62,40,0.3,0.2,10.5,0.0,0.0,0.0,0.0,,1.1,84.6,17.3,,6.2,0.1,96.3,1.2,,0.0,,,FALSE
10,Mango Criollo,1.5,pieza,300,162,57,1.3,0.0,14.6,0.0,0.0,0.0,0.0,,1.8,388.8,129.6,,22.7,2.1,306.2,11.3,,0.0,,,FALSE
10,Mango deshidratado,19,gramos,19,19,61,0.5,0.2,14.9,0.1,0.1,0.0,0.0,12.6,0.5,12.7,8.0,,,,,30.8,,0.0,,,FALSE
10,Mango en almíbar enlatado,1,pieza,61,61,56,0.3,0.1,15.0,0.0,0.0,0.0,0.0,,0.1,31.7,19.5,,9.8,0.5,,,,0.0,,,FALSE
10,Mango enchilado,17,gramos,17,17,68,0.0,0.0,14.9,0.0,0.0,0.0,0.0,12.8,0.0,,,,,,,9.0,,0.0,,,FALSE
10,Mango Manila,1,pieza,207,145,62,1.2,0.0,16.1,0.0,0.0,0.0,0.0,,1.6,486.9,110.1,,17.4,1.2,273.9,10.1,,0.0,20.0,3.5,FALSE
10,Mango Petacón,1/2,pieza,200,110,72,0.6,0.3,12.9,0.1,0.1,0.0,0.0,,1.2,150.7,30.8,,11.0,0.1,171.6,2.2,,0.0,,,FALSE
10,Mango picado,1,taza,165,165,58,1.3,0.0,14.9,0.0,0.0,0.0,0.0,,1.8,226.1,46.2,,16.5,0.2,257.4,3.3,,0.0,,,FALSE
10,Mangosteno enlatado en jarabe,1/2,taza,98,98,72,0.4,0.6,17.6,0.0,0.0,0.0,0.0,,1.8,2.0,3.0,30.4,,0.3,47.0,7.0,,0.0,,,FALSE
10,Manzana,1,pieza,138,106,55,0.3,0.2,14.7,0.1,0.0,0.1,0.0,11.0,2.6,5.4,6.2,3.1,7.7,0.2,122.4,,7.7,0.0,38.0,5.6,FALSE
10,Manzana al vapor,1/2,taza,86,86,44,0.2,0.1,11.7,0.1,0.0,0.1,0.0,8.9,2.1,3.5,,0.5,4.5,0.2,75.0,1.0,7.0,0.0,,,FALSE
10,Manzana amarilla,1,pieza,130,100,65,0.3,0.3,16.5,0.1,0.0,0.1,0.0,10.4,2.1,10.0,11.0,0.4,7.0,0.7,113.1,,,0.0,,,FALSE
10,Manzana cocida,1/2,taza,86,86,44,0.2,0.1,11.7,0.1,0.0,0.1,0.0,8.9,2.1,3.5,,0.5,4.5,0.2,75.0,1.0,7.0,0.0,,,FALSE
10,Manzana deshidratada,9,orejones,23,23,55,0.2,0.1,15.0,0.0,0.0,0.0,0.0,13.0,2.0,,0.7,,3.2,0.3,102.4,19.9,8.5,0.0,,,FALSE
10,Manzana en almíbar,1,pieza,24,24,54,0.0,0.0,15.7,0.0,0.0,0.0,0.0,13.6,2.1,1.2,0.5,0.1,1.0,,16.2,0.7,,0.0,,,FALSE
10,Manzana en almíbar enlatada,1,pieza,24,24,54,0.0,0.0,15.7,0.0,0.0,0.0,0.0,13.6,2.1,1.2,0.5,0.1,1.0,,16.2,0.7,,0.0,,,FALSE
10,Manzana Golden,1,pieza,130,100,65,0.3,0.3,16.5,0.1,0.0,0.1,0.0,13.3,2.1,10.0,11.0,0.4,7.0,0.7,113.1,,,0.0,,,FALSE
10,Manzana Granny,1/2,pieza,93,71,42,0.2,0.3,10.8,0.1,0.0,0.1,0.0,9.5,1.9,3.6,4.1,2.1,5.2,0.1,82.1,,5.2,0.0,,,FALSE
10,Manzana picada,1/2,taza,75,75,44,0.2,0.3,11.4,0.1,0.0,0.1,0.0,10.0,2.0,3.8,4.3,2.2,5.4,0.1,86.4,,5.4,0.0,,,FALSE
10,Manzana roja,1,pieza,185,142,84,0.3,0.5,21.7,0.1,0.0,0.1,0.0,19.0,3.8,7.2,8.3,4.1,10.3,0.3,164.1,,10.3,0.0,,,FALSE
10,Manzana sin cáscara,1,pieza,128,128,73,0.2,0.4,19.0,0.1,0.0,0.1,0.0,12.9,1.7,5.0,5.0,1.0,5.0,0.1,145.0,,9.0,0.0,,,FALSE
10,Manzana verde,1/2,pieza,93,71,42,0.2,0.3,10.8,0.1,0.0,0.1,0.0,9.5,1.9,3.6,4.1,2.1,5.2,0.1,82.1,,5.2,0.0,,,FALSE
10,Manzana Washington,1/2,pieza,93,71,42,0.2,0.3,10.8,0.1,0.0,0.1,0.0,9.5,1.9,3.6,4.1,2.1,5.2,0.1,82.1,,5.2,0.0,,,FALSE
10,Maracuyá,3,pieza,150,53,51,1.2,0.4,12.3,0.0,0.0,0.3,0.0,5.9,5.5,37.9,14.6,8.8,5.8,0.8,,14.6,35.0,0.0,,,FALSE
10,Maracuyá rebanado,1/2,taza,69,69,66,1.5,0.5,16.0,0.0,0.0,0.4,0.0,7.7,7.1,49.5,19.0,11.4,7.6,1.1,239.8,19.0,45.7,0.0,,,FALSE
10,Marañón fresco,190,gramos,190,171,62,1.5,0.5,14.4,0.0,0.0,0.0,0.0,,4.6,136.8,285.6,,22.2,4.1,,,,0.0,,,FALSE
10,Melón,1/3,pieza,271,179,61,1.5,0.3,14.6,0.0,0.0,0.0,0.0,14.1,1.6,225.6,64.5,30.4,30.4,0.4,553.4,16.1,,0.0,65.0,9.5,FALSE
10,Melón Cantaloupe,1/3,pieza,271,179,61,1.5,0.3,14.6,0.0,0.0,0.0,0.0,14.1,1.6,225.6,64.5,30.4,30.4,0.4,553.4,16.1,,0.0,,,FALSE
10,Melón Chino,1/4,pieza,219,144,52,0.8,0.2,13.1,0.0,0.0,0.0,0.0,11.7,1.2,181.9,52.0,24.5,24.5,0.3,446.1,13.0,,0.0,,,FALSE
10,Melón picado,1,taza,160,160,54,1.3,0.3,13.1,0.0,0.0,0.0,0.0,12.6,1.4,201.6,57.6,27.2,27.2,0.3,494.4,14.4,,0.0,,,FALSE
10,Melón Valenciano,1/3,pieza,271,179,61,1.5,0.3,14.6,0.0,0.0,0.0,0.0,14.1,1.6,5.4,75.2,30.4,19.7,0.4,553.4,16.1,,0.0,,,FALSE
10,Melón Valenciano picada,1,taza,160,160,54,1.3,0.3,13.1,0.0,0.0,0.0,0.0,12.6,1.4,4.8,67.2,27.2,176.0,0.3,494.4,14.4,,0.0,,,FALSE
10,Melón verde picado,1,taza,160,160,58,0.9,0.2,14.5,0.0,0.0,0.0,0.0,13.0,1.3,515.0,68.0,27.0,18.0,0.3,494.0,14.0,27.0,0.0,,,FALSE
10,Membrillo,1,pieza,163,98,56,0.4,0.1,15.0,0.0,0.0,0.0,0.0,,1.7,3.9,14.7,,10.8,0.7,192.7,3.9,,0.0,,,FALSE
10,Moras,3/4,taza,108,108,67,2.2,0.6,14.9,0.0,0.1,0.2,0.0,7.6,8.2,42.1,22.7,27.0,34.6,0.7,175.0,,,0.0,,,FALSE
10,Manche agrio,45,pieza,225,122,66,1.3,1.6,13.9,0.0,0.0,0.0,0.0,,2.4,4.9,86.3,,35.2,1.2,,,,0.0,,,FALSE
10,Naranja,2,pieza,242,152,72,1.4,0.2,18.0,0.0,0.0,0.0,0.0,14.3,3.7,18.3,80.8,45.7,61.0,0.2,276.0,,,0.0,42.0,7.6,FALSE
10,Naranja agria,2,pieza,200,126,73,1.9,0.8,14.9,0.0,0.0,0.0,0.0,11.8,3.0,12.6,39.1,,81.9,1.0,252.0,1.3,,0.0,,,FALSE
10,Naranja Cajera,2,pieza,220,139,69,1.4,1.0,16.4,0.0,0.0,0.0,0.0,13.0,3.3,15.2,70.7,,63.8,3.5,277.2,1.4,,0.0,,,FALSE
10,Naranja China,4,pieza,140,129,48,2.1,0.4,15.2,0.0,0.0,0.0,0.0,12.0,3.1,36.1,56.7,,87.6,1.2,,,,0.0,,,FALSE
10,Naranja sin semilla,1,pieza,201,155,72,1.1,0.6,18.3,0.0,0.0,0.0,0.0,14.5,3.7,,,,,,,1.5,,0.0,,,FALSE
10,Naranja Valenciana,2,pieza,242,162,79,1.7,0.5,19.1,0.0,0.1,0.1,0.0,15.2,3.9,37.5,79.1,63.0,64.3,0.1,290.8,,28.1,0.0,,,FALSE
10,Naranjada concentrada,1/2,taza,130,130,57,1.0,0.2,13.2,0.0,0.0,0.0,0.0,,0.3,,,,,,7.6,,,0.0,,,FALSE
10,Nectarina,1,pieza,136,124,54,1.3,0.4,13.1,0.1,0.2,0.3,0.0,9.8,2.1,91.9,6.4,4.6,6.4,0.2,262.1,,20.0,0.0,,,FALSE
10,Níspero,25,pieza,350,140,59,0.1,1.2,13.3,0.0,0.0,0.0,0.0,,0.0,,,,,,,,,0.0,,,FALSE
10,Níspero del Japón,2,pieza,180,108,52,0.4,0.2,13.4,0.0,0.0,0.1,0.0,,1.3,56.2,1.1,8.6,17.3,0.3,287.3,1.1,,0.0,,,FALSE
10,Orejones de chabacano,7,pieza,25,25,59,0.8,0.1,15.3,0.0,0.1,0.0,0.0,13.1,1.8,177.1,0.7,2.8,11.2,1.2,337.4,2.8,28.7,0.0,30.0,4.6,FALSE
10,Orejones de durazno,2,pieza,26,26,62,0.9,0.2,15.9,0.0,0.1,0.1,0.0,10.9,2.1,56.2,1.2,,7.2,1.1,259.0,1.8,31.0,0.0,,,FALSE
10,Orejones de manzana,9,pieza,23,23,55,0.2,0.1,14.8,0.0,0.0,0.0,0.0,12.9,2.0,,0.7,,3.2,0.3,101.3,19.7,8.4,0.0,29.0,4.3,FALSE
10,Orejones de pera,1,pieza,18,18,47,0.3,0.1,12.5,0.0,0.0,0.0,0.0,11.2,1.3,,1.2,,6.2,0.4,96.0,1.1,10.6,0.0,,,FALSE
10,Papaya Hawaiana,1/2,pza chica,152,114,45,0.7,0.2,11.2,0.0,0.0,0.0,0.0,,2.1,23.9,70.5,43.3,27.4,0.1,292.9,3.4,5.6,0.0,,,FALSE
10,Papaya picada,1,taza,140,140,55,0.8,0.1,13.7,0.1,0.0,0.0,0.0,,2.5,29.4,86.5,53.2,33.6,0.1,359.8,4.2,,0.0,59.0,8.1,FALSE
10,Papilla de chabacano con tapioca,3/4,frasco,98,98,61,0.3,0.0,16.9,0.0,0.0,0.0,0.0,1.4,1.5,70.2,2.0,1.5,8.8,0.3,118.0,7.8,,0.0,,,FALSE
10,Papilla de ciruela pasa con tapioca,3/4,frasco,98,98,68,0.6,0.1,18.2,0.0,0.0,0.0,0.0,10.7,2.6,43.9,1.0,0.2,14.6,0.4,172.6,4.9,,0.0,,,FALSE
10,Papilla de durazno,3/4,frasco,98,98,63,0.9,0.3,14.1,0.0,0.0,0.0,0.0,11.2,1.3,15.6,2.9,3.8,5.9,0.2,158.0,5.9,,0.0,,,FALSE
10,Papilla de frutas mixtas,3/4,frasco,98,98,59,0.2,0.0,16.0,0.0,0.0,0.0,0.0,,,,30.2,,3.9,0.2,81.9,7.8,,0.0,,,FALSE
10,Papilla de guayaba y papaya con tapioca,3/4,frasco,98,98,61,0.2,0.1,16.6,0.0,0.0,0.0,0.0,,,,100.6,,2.9,0.1,146.3,8.8,,0.0,,,FALSE
10,Papilla de mango con tapioca,2/3,frasco,85,85,59,0.3,0.2,16.1,0.0,0.0,0.0,0.0,11.0,0.9,56.6,1.7,,3.4,0.1,49.9,3.4,,0.0,,,FALSE
10,Papilla de manzana,2/3,frasco,85,85,61,0.3,0.0,16.6,0.0,0.0,0.0,0.0,,,1.7,,0.3,16.1,0.2,42.3,8.5,,0.0,,,FALSE
10,Papilla de manzana y chabacano,1,frasco,130,130,61,0.3,0.3,16.1,0.0,0.0,0.0,0.0,11.3,2.3,50.7,2.6,1.7,7.8,0.4,156.0,3.9,,0.0,,,FALSE
10,Papilla de pera,3/4,frasco,98,98,56,0.3,0.1,13.3,0.0,0.0,0.0,0.0,8.4,1.2,2.9,2.0,3.5,7.8,0.2,126.8,2.0,,0.0,,,FALSE
10,Papilla de peraypiña,1,frasco,130,130,57,0.4,0.3,14.8,0.0,0.0,0.0,0.0,9.6,3.4,3.9,2.6,3.6,13.0,0.3,150.8,5.2,,0.0,,,FALSE
10,Papilla de plátano y piña con tapioca,3/4,frasco,98,98,66,0.2,0.1,17.9,0.0,0.0,0.0,0.0,8.2,1.6,3.9,2.0,5.4,6.8,0.1,76.1,7.8,,0.0,,,FALSE
10,Pasas,10,pieza,20,20,59,0.5,0.1,15.7,0.0,0.0,0.0,0.0,,1.4,,1.0,0.6,5.6,0.5,165.0,5.6,15.0,0.0,64.0,10.0,FALSE
10,Pasitas,10,pieza,20,20,59,0.5,0.1,15.7,0.0,0.0,0.0,0.0,,1.4,,1.0,0.6,5.6,0.5,165.0,5.6,15.0,0.0,,,FALSE
10,Pasitas sin semilla,10,pieza,20,20,60,0.6,0.1,15.8,0.0,0.0,0.0,0.0,11.8,0.7,0.2,0.6,0.6,9.8,0.4,150.2,2.4,19.4,0.0,,,FALSE
10,Pera,1/2,pieza,95,81,47,0.3,0.1,12.5,0.0,0.0,0.1,0.0,7.9,2.5,1.5,3.4,5.8,8.8,0.2,101.2,,8.8,0.0,38.0,4.7,FALSE
10,Pera Asiática,1/2,pieza,138,117,49,0.6,0.3,12.4,0.0,0.1,0.1,0.0,8.2,4.2,,4.4,,4.8,,141.8,,12.5,0.0,,,FALSE
10,Pera Bartlett,1/2,pieza,91,77,45,0.3,0.1,12.0,0.0,0.0,0.1,0.0,7.6,2.4,1.4,3.3,5.6,8.4,0.2,96.9,,8.4,0.0,,,FALSE
10,Pera D'anjou,1/2,pieza,95,81,47,0.3,0.1,12.5,0.0,0.0,0.1,0.0,7.9,2.5,1.5,3.4,5.8,8.8,0.2,101.2,,8.8,0.0,,,FALSE
10,Pera de agua,1/2,pieza,91,74,43,0.3,0.1,11.4,0.0,0.0,0.1,0.0,7.2,2.3,1.3,3.1,5.3,8.0,0.2,92.4,,8.0,0.0,,,FALSE
10,Pera de San Juan,2,pieza,130,105,61,0.4,0.1,16.3,0.0,0.1,0.1,0.0,10.3,3.3,1.9,4.4,7.6,11.4,0.3,131.9,,11.4,0.0,,,FALSE
10,Pera deshidratada,1,orejón,18,18,46,0.3,0.1,12.2,0.0,0.0,0.0,0.0,,1.3,,1.2,,6.0,0.4,93.3,1.1,10.3,0.0,,,FALSE
10,Pera en almíbar,1/2,pieza,76,76,44,0.3,0.1,11.7,0.0,0.0,0.1,0.0,7.4,2.4,,0.6,0.9,3.9,0.2,50.3,3.9,5.5,0.0,,,FALSE
10,Pera Mantequilla,1/2,pieza,83,70,41,0.3,0.1,10.8,0.0,0.0,0.1,0.0,6.9,2.2,1.3,3.0,5.1,7.6,0.2,87.9,,7.6,0.0,,,FALSE
10,Pera picada,1,taza,150,150,63,0.8,0.3,16.0,0.0,0.1,0.2,0.0,10.6,5.4,2.7,6.3,10.8,16.3,0.4,188.0,,16.3,0.0,,,FALSE
10,Pera Piña,1/2,pieza,100,80,46,0.3,0.1,12.4,0.0,0.0,0.1,0.0,7.8,2.5,1.4,3.4,5.8,8.7,0.2,100.2,,8.7,0.0,,,FALSE
10,Pera rebanada,2/3,taza,98,98,41,0.5,0.2,10.4,0.0,0.1,0.1,0.0,6.9,3.5,1.8,4.1,7.0,10.6,0.2,122.2,,10.6,0.0,,,FALSE
10,Pera roja,1/2,pieza,90,81,47,0.3,0.1,12.5,0.0,0.0,0.1,0.0,7.9,2.5,,0.6,1.0,4.2,0.2,53.6,4.2,5.8,0.0,,,FALSE
10,Pera roja rebanada,1/2,taza,80,80,46,0.3,0.1,12.4,0.0,0.0,0.1,0.0,7.8,2.5,,0.6,1.0,4.1,0.2,52.9,4.1,5.7,0.0,,,FALSE
10,Perón,1,pieza,150,105,65,0.4,0.4,16.7,0.0,0.0,0.0,0.0,,2.2,1.1,5.3,,10.5,0.8,,,,0.0,,,FALSE
10,Perón picado,1,taza,125,125,78,0.5,0.5,19.9,0.0,0.0,0.0,0.0,,2.6,1.3,6.3,,12.5,1.0,,,,0.0,,,FALSE
10,Pérsimo,2,pieza,50,50,64,0.4,0.2,16.8,0.0,0.0,0.0,0.0,,,,34.0,,14.0,1.3,156.0,,14.0,0.0,,,FALSE
10,Pérsimo Japonés,1/2,pieza,84,84,59,0.5,0.2,15.6,0.0,0.1,0.1,0.0,10.5,3.0,182.5,6.5,6.5,6.5,0.1,135.0,1.0,14.5,0.0,,,FALSE
10,Piña deshidratada enchilada,17,gramos,17,17,60,0.2,0.0,15.0,0.0,0.0,0.0,0.0,10.7,0.5,,,,,,,,,0.0,,,FALSE
10,Piña en almíbar,1,rebanada,50,50,42,0.2,0.1,10.8,0.0,0.0,0.0,0.0,,0.4,0.5,2.0,2.3,13.6,0.7,51.3,0.5,,0.0,,,FALSE
10,Piña en almíbar,1/3,taza,63,63,53,0.2,0.1,13.6,0.0,0.0,0.0,0.0,,0.5,0.7,4.7,3.0,8.9,0.2,65.8,0.7,4.5,0.0,,,FALSE
10,Piña picada,3/4,taza,124,124,62,0.7,0.1,16.2,0.0,0.1,0.2,0.0,12.2,1.7,2.4,19.2,12.8,8.8,0.5,139.7,1.6,8.8,0.0,59.0,9.6,FALSE
10,Piña rebanada,1,rebanada,84,84,42,0.5,0.1,11.0,0.0,0.1,0.1,0.0,8.3,1.2,1.6,13.0,8.7,6.0,0.3,94.8,1.1,6.0,0.0,,,FALSE
10,Pitahaya,2,pieza,240,108,52,1.7,0.6,11.2,0.0,0.0,0.0,0.0,,2.2,,17.3,,11.9,2.1,,,,0.0,,,FALSE
10,Plátano,1/2,pieza,80,54,48,0.6,0.2,12.4,0.1,0.0,0.0,0.0,6.7,1.4,4.3,4.8,10.5,3.3,0.2,215.2,0.5,11.0,0.0,52.0,6.5,FALSE
10,Plátano deshidratado,1/4,taza,20,20,69,0.8,0.4,17.7,0.0,0.0,0.0,0.0,9.5,2.0,,,,,,,1.3,,0.0,,,FALSE
10,Plátano Dominico,3,pieza,105,57,54,1.0,0.1,14.0,0.0,0.0,0.0,0.0,7.4,1.2,20.4,13.0,12.5,4.5,0.7,209.8,1.7,,0.0,,,FALSE
10,Plátano machacado,1/4,taza,56,56,50,0.6,0.2,12.8,0.1,0.0,0.0,0.0,6.9,1.5,34.9,7.3,12.4,7.3,0.4,208.1,0.6,,0.0,,,FALSE
10,Plátano Macho,1/4,pieza,95,49,95,0.5,0.2,11.6,0.1,0.0,0.0,0.0,6.0,1.0,38.0,4.4,9.4,3.0,0.1,195.6,0.5,,0.0,,,FALSE
10,Plátano Macho rebanado,1/3,taza,51,51,99,0.5,0.3,12.0,0.1,0.0,0.0,0.0,6.3,1.1,39.5,4.6,9.8,3.1,0.2,203.3,0.5,,0.0,,,FALSE
10,Plátano Manzano,1/2,pieza,90,49,47,0.5,0.3,11.8,0.0,0.0,0.0,0.0,5.9,1.0,6.8,6.3,10.7,3.9,0.6,179.8,0.5,,0.0,,,FALSE
10,Plátano morado,1/2,pieza,90,49,41,0.9,0.1,10.3,0.0,0.0,0.0,0.0,5.9,1.0,20.4,3.9,10.7,6.8,0.7,179.8,0.5,,0.0,,,FALSE
10,Pomarosa,140,gramos,140,95,60,0.6,0.2,15.6,0.0,0.0,0.0,0.0,,1.3,32.4,20.9,,34.3,0.4,117.1,,,0.0,,,FALSE
10,Pomelo,260,gramos,260,153,58,0.9,0.2,14.7,0.0,0.0,0.0,0.0,,0.3,,93.6,18.4,6.1,0.2,331.3,1.5,,0.0,25.0,3.7,FALSE
10,Prisco,3.5,pieza,175,154,59,0.9,0.2,14.9,0.0,0.1,0.1,0.0,,2.2,53.9,15.4,,32.3,0.5,311.1,1.5,,0.0,,,FALSE
10,Pulpa de fresa,2,cda,25,25,44,0.1,0.1,11.9,0.0,0.0,0.0,0.0,,0.2,,,,,,,,,0.0,,,FALSE
10,Pulpa de guanábana,2,cda,25,25,45,0.1,0.1,12.3,0.0,0.0,0.0,0.0,,0.1,,,,,,,,,0.0,,,FALSE
10,Pulpa de mamey,6,cda,75,75,52,1.3,0.5,12.2,0.0,0.0,0.0,0.0,,3.4,45.8,17.3,,34.5,1.8,,,,0.0,,,FALSE
10,Pulpa de tamarindo,8,cda,100,100,57,0.1,0.1,14.7,0.0,0.0,0.0,0.0,12.7,0.5,,,,,,,,,0.0,,,FALSE
10,Pulpa de zapote negro,1/2,taza,105,105,59,0.8,0.1,15.2,0.0,0.0,0.0,0.0,,1.3,10.5,87.2,,49.4,1.7,,,,0.0,,,FALSE
10,Puré de ciruela pasa,3,cda,41,41,51,0.5,0.1,13.6,0.0,0.1,0.0,0.0,,0.2,12.0,0.8,,8.7,0.4,128.7,0.8,,0.0,,,FALSE
10,Puré de guayaba,1/2,frasco,65,65,49,0.1,0.1,12.0,0.0,0.0,0.0,0.0,,1.7,,67.0,,2.0,0.1,97.5,5.9,,0.0,,,FALSE
10,Puré de Guayaba Gerber 2A Etapa,1/2,frasco,65,65,49,0.1,0.1,12.0,0.0,0.0,0.0,0.0,,1.7,,67.0,,2.0,0.1,97.5,5.9,,0.0,,,FALSE
10,Puré de manzana,6,cda,83,83,63,0.1,0.1,16.4,0.0,0.0,0.0,0.0,13.6,1.0,,1.3,,,,60.4,,,0.0,,,FALSE
10,Puré de manzana sin azúcar,1/2,taza,122,122,52,0.2,0.1,13.8,0.0,0.0,0.0,0.0,,1.5,4.0,1.0,1.0,4.0,0.2,92.0,2.0,9.0,0.0,,,FALSE
10,Puré de plátano,1/4,taza,56,56,50,0.6,0.2,12.8,0.1,0.0,0.0,0.0,6.9,1.5,34.9,7.3,12.4,7.3,0.4,208.1,0.6,,0.0,,,FALSE
10,Rambután,7,pieza,175,88,55,0.6,0.3,15.0,0.1,0.0,0.1,0.0,14.4,0.9,8.6,3.8,3.8,12.4,0.3,167.4,1.9,8.6,0.0,,,FALSE
10,Rambután en almíbar,1/4,taza,54,54,44,0.4,0.1,11.2,0.0,0.0,0.0,0.0,,0.5,,2.5,4.3,,0.2,22.5,6.0,,0.0,33.0,3.7,FALSE
10,Rollo de frutas,1,pieza,21,21,78,0.0,0.6,18.0,0.0,0.3,0.1,0.0,10.3,0.0,3.0,1.0,2.0,7.0,0.2,62.0,13.0,7.0,0.0,,,FALSE
10,Salsa de arándano en gelatina enlatada,1/2,rebanada,29,29,43,0.1,0.1,11.1,0.0,0.0,0.0,0.0,10.8,0.3,0.5,0.5,0.3,,0.1,7.5,8.5,,0.0,,,FALSE
10,Sandía picada,1,taza,160,160,48,1.0,0.2,12.1,0.1,0.2,0.2,0.0,9.9,0.6,59.0,15.0,4.0,13.0,0.3,186.0,3.0,14.0,0.0,72.0,8.7,FALSE
10,Sandía rebanada,1,rebanada,200,200,60,1.3,0.3,15.1,0.1,0.3,0.3,0.0,12.4,0.8,73.8,18.8,5.0,16.3,0.3,232.5,3.8,17.5,0.0,,,FALSE
10,Saramuyo,130,gramos,130,85,63,1.8,0.8,13.8,0.0,0.0,0.0,0.0,,0.0,7.6,27.0,,37.2,,,,,0.0,,,FALSE
10,Semilla de jinicuil,200,gramos,200,40,58,4.8,0.4,10.8,0.0,0.0,0.0,0.0,,0.4,8.0,11.2,,18.4,0.8,,,,0.0,,,FALSE
10,Tamarindo,50,gramos,50,25,60,0.7,0.1,15.6,0.1,0.0,0.0,0.0,14.4,1.3,0.8,0.8,3.5,18.5,0.7,157.1,7.1,28.3,0.0,,,FALSE
10,Tamarindo (pulpa sin azúcar),8,cda,100,100,57,0.1,0.1,14.7,0.0,0.0,0.0,0.0,12.7,0.5,,,,,,,,,0.0,,,FALSE
10,Tamarindo pelado,1/4,taza,30,30,72,0.9,0.2,18.8,0.1,0.1,0.0,0.0,17.2,1.5,1.0,1.0,4.3,22.3,0.8,188.5,8.5,34.0,0.0,,,FALSE
10,Tangerina,2,pieza,180,128,56,0.6,0.3,15.3,0.0,0.0,0.0,0.0,,0.4,138.0,92.0,10.2,23.0,0.4,227.5,1.3,,0.0,,,FALSE
10,Tejocote,2,pieza,70,60,52,0.5,0.4,13.1,0.0,0.0,0.0,0.0,,1.6,251.1,27.4,,55.9,1.0,,,,0.0,,,FALSE
10,Toronja,1,pieza,246,162,54,0.9,0.2,13.7,0.0,0.0,0.0,0.0,11.9,1.8,4.9,86.1,16.2,47.1,0.2,225.7,,,0.0,25.0,3.4,FALSE
10,Toronja en gajos,1,taza,150,150,50,0.8,0.2,12.6,0.0,0.0,0.0,0.0,11.0,1.7,18.3,51.2,15.9,18.3,0.1,208.5,,12.2,0.0,,,FALSE
10,Toronja enlatada con jugo,1/2,taza,125,125,46,0.9,0.1,11.5,0.0,0.0,0.1,0.0,11.0,0.5,,42.0,11.2,,0.3,213.5,8.5,,0.0,,,FALSE
10,Toronjas en almíbar,1/2,taza,127,127,76,0.7,0.2,19.6,0.0,0.0,0.1,0.0,19.1,0.5,,27.0,11.5,,0.5,164.0,2.5,,0.0,,,FALSE
10,Tuna,2,pieza,250,138,56,1.0,0.7,13.2,0.0,0.0,0.0,0.0,,5.0,6.9,19.3,,77.0,0.4,302.5,6.9,,0.0,,,FALSE
10,Tuna Cardona,2,pieza,250,138,56,1.0,0.7,13.2,0.0,0.0,0.0,0.0,,5.0,6.9,30.3,,67.4,3.6,302.5,6.9,,0.0,,,FALSE
10,Tuna picada,1,taza,150,150,62,1.1,0.8,14.4,0.0,0.0,0.0,0.0,,5.4,7.5,21.0,,84.0,0.5,330.0,7.5,,0.0,,,FALSE
10,Tuna roja,2,pieza,250,138,56,1.0,0.7,13.2,0.0,0.0,0.0,0.0,,5.0,6.9,30.3,,67.4,3.6,302.5,6.9,,0.0,,,FALSE
10,Uva,18,pieza,126,86,61,0.6,0.5,15.3,0.2,0.0,0.1,0.0,,1.1,1.7,9.4,3.4,9.4,0.2,158.5,1.7,,0.0,43.0,6.6,FALSE
10,Uva blanca,1,taza,92,87,59,0.6,0.3,15.0,0.1,0.0,0.1,0.0,14.3,0.8,8.6,3.8,3.8,12.4,0.3,167.2,1.9,8.6,0.0,,,FALSE
10,Uva con semilla,1,taza,120,114,76,0.7,0.4,19.6,0.1,0.0,0.1,0.0,18.7,1.0,7.8,12.1,4.3,12.8,0.3,210.9,2.1,15.0,0.0,,,FALSE
10,Uva roja,1,taza,120,114,76,0.7,0.4,19.6,0.1,0.0,0.1,0.0,18.7,1.0,7.8,12.1,4.3,12.8,0.3,210.9,2.1,15.0,0.0,,,FALSE
10,Uva sin semilla,1,taza,92,87,55,0.6,0.3,15.0,0.1,0.0,0.1,0.0,14.3,0.9,8.6,3.8,3.8,12.4,0.3,167.2,1.9,8.6,0.0,,,FALSE
10,Uva verde,1,taza,92,87,55,0.6,0.3,15.0,0.1,0.0,0.1,0.0,14.3,0.9,8.6,3.8,3.8,12.4,0.3,167.2,1.9,8.6,0.0,,,FALSE
10,Uva verde sin semilla,1,taza,92,87,55,0.6,0.3,15.0,0.1,0.0,0.1,0.0,14.3,0.9,8.6,3.8,3.8,12.4,0.3,167.2,1.9,8.6,0.0,,,FALSE
10,Uvas enlatadas en agua,1/2,taza,123,123,49,0.6,0.2,12.6,0.1,0.0,0.1,0.0,11.9,0.8,2.5,1.0,3.7,,1.2,131.0,7.5,,0.0,28.0,3.5,FALSE
10,Xocoyol,900,gramos,900,225,56,0.5,0.2,14.9,0.0,0.0,0.0,0.0,,2.9,873.0,58.5,,292.5,9.7,,,,0.0,,,FALSE
10,Zapote,1/4,pieza,56,51,68,1.1,0.3,17.1,0.0,0.0,0.0,0.0,,1.3,20.7,10.1,,19.8,0.5,174.2,5.2,14.2,0.0,,,FALSE
10,Zapote amarillo,1/2,pieza,152,94,74,1.1,0.5,18.8,0.0,0.0,0.0,0.0,,1.0,16.9,55.4,,31.9,2.0,44.1,14.1,,0.0,,,FALSE
10,Zapote blanco,1/2,pieza,152,115,81,2.0,0.8,18.5,0.0,0.0,0.0,0.0,,1.4,8.1,41.5,,9.2,0.2,,,,0.0,,,FALSE
10,Zapote borracho,1/4,pieza,75,45,63,0.6,0.4,16.3,0.0,0.0,0.0,0.0,,0.5,11.3,18.0,,16.2,0.3,,,,0.0,,,FALSE
10,Zapote negro,1/2,pieza,150,93,52,0.7,0.1,13.5,0.0,0.0,0.0,0.0,,1.1,9.3,77.2,,43.7,1.5,,,,0.0,,,FALSE
10,Zapote negro limpio,1/2,taza,115,115,64,0.9,0.1,16.7,0.0,0.0,0.0,0.0,,1.4,11.5,95.5,,54.1,1.8,,,,0.0,,,FALSE
10,Zarzamora,1,taza,150,144,75,1.0,0.9,18.4,0.0,0.1,0.3,0.0,,5.9,56.2,30.2,,46.1,0.7,282.2,,,0.0,,,FALSE
10,Zarzamora congelada sin azúcar,1/2,taza,76,76,49,0.9,0.3,11.9,0.0,0.1,0.2,0.0,8.1,3.8,4.5,2.5,25.7,,0.6,105.5,1.0,,0.0,,,FALSE
10,Zarzamora en almíbar,1/4,taza,64,64,59,0.9,0.1,14.8,0.0,0.0,0.1,0.0,12.6,2.2,7.0,1.8,17.3,,0.4,63.3,2.0,,0.0,,,FALSE
9,Alegría natural,5,cdita,21,21,74,2.7,1.5,13.5,0.0,0.0,0.0,0.0,,1.4,,,,0.5,0.7,,,,0.0,,,TRUE
9,Alegría tostada,4,cdita,16,16,63,2.2,1.3,11.7,0.0,0.0,0.0,0.0,,1.6,,,,47.9,0.3,,,,0.0,,,TRUE
9,Alegrías,1.5,pieza,21,21,74,1.7,0.6,15.5,0.2,0.0,0.0,0.0,11.3,1.5,,,,,,,1.1,,0.0,,,TRUE
9,Amaranto cocido,21/2,taza,330,330,70,7.0,0.5,13.5,0.0,0.0,0.5,0.0,,0.0,915.0,135.0,185.0,690.0,7.5,2115.0,70.0,240.0,0.0,,,TRUE
9,Amaranto tostado,1/4,taza,16,16,63,2.2,1.3,11.6,0.0,0.0,0.0,0.0,,1.6,,,,47.5,0.3,,,,0.0,,,TRUE
9,Anillos de trigo azucarados de colores,1/2,taza,16,16,63,1.0,0.6,13.4,0.2,0.1,0.1,0.0,8.0,0.2,49.2,7.5,,1.5,2.3,,53.5,,0.0,,,TRUE
9,Animalitos,9,pieza,20,20,73,1.4,0.7,15.4,0.3,0.2,0.2,0.0,5.6,0.5,,,44.0,,1.7,,109.3,,0.0,,,TRUE
9,Arroz cocido,1/4,taza,47,47,60,1.1,0.1,13.3,0.0,0.0,0.0,0.0,,0.1,,,26.0,1.4,0.7,13.5,,20.0,0.0,64.0,30.0,TRUE
9,Arroz crudo,20,gramos,20,20,72,1.3,0.1,15.9,0.0,0.0,0.0,0.0,,,,,1.8,1.8,0.2,17.2,0.2,,0.0,,,TRUE
9,Arroz inflado con cocoa,1/2,taza,17,17,64,0.9,0.2,14.7,0.0,0.0,0.0,0.0,,0.1,218.5,,58.2,3.0,1.0,24.4,126.2,,0.0,82.0,14.0,TRUE
9,Arroz inflado natural,1/2,taza,17,17,65,1.1,0.1,14.6,0.0,0.0,0.0,0.0,,0.5,,,58.2,3.0,1.0,24.4,126.2,,0.0,,,TRUE
9,Arroz integral cocido,1/3,taza,65,65,73,1.5,0.5,15.3,0.1,0.2,0.2,0.0,,1.2,,,2.6,6.7,0.3,51.4,0.7,54.0,0.0,66.0,43.0,TRUE
9,Arroz integral crudo,20,gramos,20,20,72,1.5,0.5,15.2,0.0,0.0,0.0,0.0,0.0,0.7,0.0,0.0,4.0,6.6,0.4,53.6,0.8,0.0,0.0,0.0,0.0,TRUE
9,Arroz para sushi,1/7,taza,25,25,89,1.5,0.0,19.7,0.0,0.0,0.0,0.0,,0.5,,,,,0.2,,,,0.0,,,TRUE
9,Arroz precocido cocido,1/3,taza,52,52,64,1.5,0.2,13.6,0.0,0.0,0.0,0.0,0.1,0.5,,,1.6,9.9,0.1,29.2,1.0,,0.0,48.0,25.0,TRUE
9,Arroz precocido crudo,20,gramos,20,20,75,1.6,0.2,16.1,0.0,0.0,0.0,0.0,0.1,0.4,,,1.6,11.0,0.1,37.4,0.6,,0.0,,,TRUE
9,Arroz pulido crudo,20,gramos,20,20,72,1.3,0.1,15.9,0.0,0.0,0.0,0.0,,,,,1.8,1.8,0.2,17.2,0.2,,0.0,,,TRUE
9,Arroz salvaje cocido,1/3,taza,54,54,55,2.1,0.2,11.6,0.0,0.0,0.1,0.0,0.4,1.0,,,14.1,1.7,0.3,54.8,1.7,44.2,0.0,54.0,29.0,TRUE
9,Arroz salvaje crudo,20,gramos,20,20,71,2.9,0.2,15.0,0.0,0.0,0.0,0.0,0.5,1.2,,,19.0,4.2,0.4,85.4,1.4,,0.0,,,TRUE
9,Atole en polvo,7,cdita,18,18,68,0.0,0.0,16.4,0.0,0.0,0.0,0.0,,0.0,,,,,,,,,0.0,74.0,13.0,TRUE
9,Atole en sobre,1/3,sobre,16,16,58,0.0,0.0,14.0,0.0,0.0,0.0,0.0,,0.0,,,,,,,,,0.0,51.0,8.0,TRUE
9,Atole sabor cajeta,2,cda,18,18,70,0.0,0.0,16.0,0.0,0.0,0.0,0.0,,0.0,,,,,,,100.0,,0.0,,,TRUE
9,Atole sabor chocolate,2,cda,18,18,67,0.2,0.7,15.0,0.4,0.1,0.2,0.0,0.1,0.3,,,,,,,33.5,,0.0,,,TRUE
9,Atole sabor fresa,2,cda,118,18,68,0.1,0.8,15.1,0.6,0.1,0.2,0.0,0.1,0.1,,,,,,,33.1,,0.0,,,TRUE
9,Atole sabor nuez,2,cda,18,18,68,0.1,0.8,15.1,0.6,0.1,0.2,0.0,0.1,0.1,,,,,,,33.1,,0.0,,,TRUE
9,Atole sabor vainilla,2,cda,18,18,68,0.1,0.8,15.1,0.6,0.1,0.2,0.0,0.1,0.1,,,,,,,33.1,,0.0,,,TRUE
9,Atole vitaminado,1/3,sobre,16,16,59,0.0,0.0,14.1,0.0,0.0,0.0,0.0,,0.0,,,,,,,,,0.0,51.0,8.0,TRUE
9,Avena cocida,3/4,taza,164,164,66,5.2,1.3,18.8,0.3,0.4,0.6,0.0,,4.3,,,10.5,16.4,1.4,150.8,1.5,195.6,0.0,50.0,82.0,TRUE
9,Avena con canela y especias,1/3,sobre,15,15,56,1.3,0.7,11.7,0.0,0.1,0.1,0.0,5.1,1.0,44.6,,29.0,36.3,1.3,38.1,81.2,13.7,0.0,65.0,10.0,TRUE
9,Avena con manzana y canela,1/3,sobre,14,14,53,1.2,0.7,10.9,0.0,0.1,0.1,0.0,4.8,0.9,41.7,,27.1,33.9,1.2,35.6,75.9,12.8,0.0,65.0,9.0,TRUE
9,Avena con pasitas y especias,1/3,sobre,14,14,53,1.2,0.7,10.9,0.0,0.1,0.1,0.0,4.8,0.9,41.7,,27.1,33.9,1.2,35.6,75.9,12.8,0.0,65.0,9.0,TRUE
9,Avena en hojuelas,1/2,taza,20,20,73,3.2,1.3,13.4,0.2,0.4,0.5,0.0,0.2,2.0,,,,10.4,0.8,70.0,0.8,94.8,0.0,65.0,13.0,TRUE
9,Avena Instantánea 0% Quaker Sabor Manzana Canela,1/2,sobre,18,18,60,1.5,0.7,11.8,0.2,0.3,0.3,0.0,2.1,1.8,9.9,,7.3,42.5,0.4,,85.0,27.9,0.0,,,TRUE
9,Avena Instantánea PLUS Varios Sabores,1/3,sobre,14,14,53,1.3,1.0,9.8,,,,,3.0,1.2,,,,,,,38.7,,0.0,,,TRUE
9,Avena instantánea preparada,1/3,taza,77,77,53,1.8,1.1,9.0,0.2,0.3,0.3,0.0,0.4,1.3,,,54.8,61.8,4.6,435.9,37.8,567.9,0.0,65.0,50.0,TRUE
9,Avena Instantánea Quaker Sabor Fresas con Crema,1/2,sobre,18,18,66,2.9,1.3,12.2,0.2,0.4,0.6,0.0,5.6,1.1,9.9,,7.3,18.9,0.4,,,13.9,0.0,,,TRUE
9,Avena Instantánea Varios Sabores,1/3,sobre,14,14,51,1.0,1.0,9.4,,,,,4.3,0.8,,,,,,,88.9,,0.0,,,TRUE
9,Avena integral,1/3,taza,26,26,65,4.6,1.9,17.5,0.3,0.6,0.8,0.0,,4.1,,,13.6,15.3,1.4,149.0,0.9,194.2,0.0,,,TRUE
9,Avena integral con pasitas instantánea preparada,1/2,sobre,22,22,77,1.7,0.9,16.4,0.0,0.1,0.1,0.0,7.8,1.3,60.0,,44.1,55.0,2.0,77.6,120.8,18.1,0.0,,,TRUE
9,Avena Quaker 3 Minutos,1/2,taza,20,20,67,3.3,0.9,11.6,0.2,0.3,0.3,0.0,,1.7,44.3,,,16.2,0.3,,,27.9,0.0,,,TRUE
9,Avena Quaker Oíd Fashion,1/2,taza,20,20,68,2.8,1.1,11.8,,,,,0.3,1.9,,,,,,,,,0.0,,,TRUE
9,Avena Quaker Oíd Fashioned,1/2,taza,20,20,71,2.7,1.5,11.7,0.3,0.5,0.4,0.0,0.3,1.9,,,,,,,,,0.0,,,TRUE
9,Bagel,1/3,pieza,24,24,65,2.5,0.4,12.6,0.1,0.0,0.2,0.0,,0.5,,,5.3,17.7,0.8,24.0,126.3,22.7,0.0,72.0,17.0,TRUE
9,Bagel de ajo,1/3,pieza,24,24,67,2.5,0.4,12.9,0.0,0.0,0.0,0.0,,0.6,,,5.5,18.1,0.9,24.6,129.4,23.2,0.0,,,TRUE
9,Bagel de ajonjolí,1/3,pieza,24,24,74,2.7,0.7,12.9,0.0,0.0,0.0,0.0,,0.6,,,5.3,,,,145.6,,0.0,,,TRUE
9,Bagel de avena,1/3,pieza,24,24,60,2.5,0.3,12.6,0.0,0.1,0.1,0.0,,0.9,,,11.0,3.0,0.7,48.3,120.0,39.0,0.0,,,TRUE
9,Bagel de canela y pasas,1/3,pieza,24,24,65,2.3,0.4,13.1,0.1,0.0,0.2,0.0,,0.5,2.0,,5.0,4.3,0.9,36.0,76.3,18.3,0.0,,,TRUE
9,Bagel de cebolla,1/3,pieza,24,24,74,2.7,0.7,12.9,0.0,0.0,0.0,0.0,,0.6,,,11.0,,,,145.6,,0.0,,,TRUE
9,Bagel integral,1/3,pieza,24,24,60,2.5,0.3,12.6,0.0,0.0,0.0,0.0,,0.9,,,,,,,120.0,,0.0,,,TRUE
9,Baguette,1/7,pieza,27,27,72,2.2,1.0,13.4,0.2,0.4,0.2,0.0,1.0,0.6,,,9.7,29.2,0.8,32.4,145.8,25.9,0.0,95.0,26.0,TRUE
9,Barquillo,1.5,pieza,15,15,64,1.1,1.1,12.0,0.0,0.4,0.4,0.0,,0.4,,,,3.8,0.5,15.0,22.5,15.0,0.0,,,TRUE
9,Barra de amaranto,1.5,pieza,21,21,74,1.7,0.6,15.5,0.2,0.0,0.0,0.0,11.3,1.5,,,,,,,1.1,,0.0,,,TRUE
9,Barra de cereal con fruta,1.5,pieza,21,21,72,1.2,0.2,16.3,0.0,0.1,0.1,0.0,9.5,1.6,0.2,0.4,,0.6,0.8,,3.4,,0.0,,,TRUE
9,Barra Kellogg's® Special K® Chocolate semiamargo,1,barra,21,21,80,1.1,1.6,15.4,0.7,,,,5.8,0.9,,,100.0,,3.5,,45.8,,,,,TRUE
9,Barra Kellogg's® Special K® Cosecha roja,1,barra,21,21,80,1.0,1.4,15.9,0.6,,,,6.4,0.7,,,100.0,,3.5,,40.7,,,,,TRUE
9,Barra Kellogg's® Special K® Sabor Vainilla y Frambuesa,1,barra,21,21,81,1.1,1.5,15.7,0.8,,,,5.8,0.7,,,100.0,,3.5,,42.2,,,,,TRUE
9,Barra Special K Varios Sabores,1,pieza,24,24,90,2.0,1.0,19.0,0.3,0.3,0.4,0.0,2.6,0.5,,,,,,,104.9,,0.0,,,TRUE
9,Barra Stila Quaker Sabor Manzana Canela,3/4,pieza,19,19,66,1.5,1.3,12.2,0.5,0.5,0.4,0.0,5.2,1.5,,,,,,,71.3,,0.0,,,TRUE
9,Barra Stila Varios Sabores,3/4,pieza,19,19,68,1.6,1.3,12.4,,,,,5.3,1.5,,,,,,,71.3,,0.0,,,TRUE
9,Barrita de avena,1/2,pieza,14,14,56,0.8,1.1,11.1,0.3,0.5,0.2,0.0,4.8,0.5,,,2.0,4.5,0.3,31.0,52.5,21.5,0.0,,,TRUE
9,Barrita de granola sabor manzana,1/2,pieza,14,14,55,0.8,1.0,11.3,0.3,0.5,0.2,0.0,5.1,0.7,,,2.0,4.5,0.3,30.5,39.5,24.5,0.0,,,TRUE
9,Bebida vegetal Sllk® Avena sin azúcar y sin endulzar,1,taza,240,240,75,1.0,3.4,10.3,0.5,2.4,0.5,0.0,3.4,0.2,95.5,,,421.2,,,141.4,,,,,TRUE
9,Birote,1/3,pieza,22,22,67,2.1,0.0,14.1,0.0,0.0,0.0,0.0,,0.1,,,,9.1,0.3,24.3,123.3,27.5,0.0,,,TRUE
9,Bolillo,1/3,pieza,20,20,73,2.2,0.3,15.2,0.0,0.0,0.0,0.0,,0.7,,,,8.3,0.2,22.2,112.7,25.1,0.0,,,TRUE
9,Bolillo integral,1/3,pieza,20,20,64,2.1,0.1,13.4,0.0,0.0,0.0,0.0,,0.2,,,,12.3,0.6,,68.5,24.4,0.0,,,TRUE
9,Bolillo integral sin migajón,1/2,pieza,27,27,73,2.6,1.0,13.8,0.3,0.2,0.3,0.1,,0.3,,,,16.9,0.8,,94.5,33.6,0.0,,,TRUE
9,Bolillo sin migajón,1/2,pieza,30,30,79,2.5,0.9,15.2,0.3,0.2,0.2,0.1,,0.2,,,,12.6,0.4,33.6,170.7,38.1,0.0,,,TRUE
9,Bollo de hamburguesa,1/3,pieza,9,9,23,0.9,0.4,4.5,0.0,0.0,0.0,0.0,0.6,0.2,,,,9.3,0.3,,39.0,,0.0,,,TRUE
9,Bollos para hamburguesa,1/3,pieza,25,25,65,2.4,1.1,12.5,0.1,0.0,0.0,0.0,1.8,0.6,,,,25.7,0.7,,108.2,,0.0,,,TRUE
9,Burbujas de maíz azucaradas,1/2,taza,16,16,59,0.7,0.1,14.0,0.0,0.1,0.1,0.0,7.0,0.2,,7.5,50.0,2.0,0.9,13.5,59.5,4.0,0.0,80.0,12.0,TRUE
9,Camote al horno,1/3,taza,70,70,70,1.2,0.1,16.4,0.0,0.0,0.0,0.0,,1.3,1148.6,6.4,15.9,24.7,0.4,264.1,5.6,31.0,0.0,,,TRUE
9,Camote amarillo,1/3,taza,69,54,68,0.8,0.4,15.3,0.1,0.0,0.2,0.0,,1.6,162.2,14.6,7.6,23.2,1.3,131.4,5.4,,0.0,,,TRUE
9,Camote cocido,1/3,taza,69,69,73,1.1,0.2,16.8,0.0,0.0,0.1,0.0,,1.3,1181.6,11.8,7.6,14.4,0.4,127.6,8.9,18.6,0.0,,,TRUE
9,Camote con miel,1/3,taza,59,59,59,0.3,0.0,14.4,0.0,0.0,0.0,0.0,,1.2,,0.9,,4.3,0.2,55.9,7.6,7.1,0.0,,,TRUE
9,Camote con naranja,1/5,taza,40,40,61,0.2,0.0,15.2,0.0,0.0,0.0,0.0,,0.0,,1.4,,3.3,0.1,33.7,4.2,3.9,0.0,,,TRUE
9,Camote en dulce,1/5,taza,52,52,71,0.4,1.7,14.5,0.7,0.3,0.1,4.0,,1.2,217.9,3.5,5.9,13.4,0.6,98.1,36.6,13.4,0.0,,,TRUE
9,Camote largo,1/4,pieza,75,59,73,0.8,0.5,16.6,0.1,0.0,0.2,0.0,,1.7,175.5,15.8,8.2,25.2,1.4,142.2,5.9,,0.0,,,TRUE
9,Camote poblano (dulce),3/4,pieza,45,45,62,0.4,1.5,12.6,0.6,0.3,0.1,3.4,,1.1,188.6,3.0,5.1,11.6,0.5,84.9,31.7,11.6,0.0,,,TRUE
9,Canelones,4,pieza,20,20,68,1.9,0.1,14.6,0.0,0.0,0.0,0.0,,0.4,,,5.0,5.2,0.4,39.4,0.4,,0.0,,,TRUE
9,Cáscara de papa cruda,2.5,taza,125,125,73,3.2,0.1,15.6,0.0,0.0,0.0,0.0,,3.1,,24.6,21.3,37.5,4.1,516.3,12.5,58.0,0.0,,,TRUE
9,Cebada,20,gramos,20,20,69,2.2,0.5,15.3,0.1,0.0,0.2,0.0,0.1,2.1,,,4.6,5.4,0.4,52.1,1.3,42.1,0.0,,,TRUE
9,Cebada perla cocida,1/3,taza,52,52,64,1.2,0.2,14.8,0.0,0.0,0.1,0.0,,2.0,0.7,,8.3,5.7,0.7,48.7,1.7,28.3,0.0,25.0,13.0,TRUE
9,Centeno,5,cdita,22,22,72,2.6,0.4,15.9,0.0,0.0,0.0,0.0,,0.4,,,,8.2,0.8,,,,0.0,41.0,9.0,TRUE
9,Cereal Avena Flakes,3/4,taza,19,19,68,1.9,1.1,12.6,,,,,2.8,1.9,,,,,,,53.1,,0.0,,,TRUE
9,Cereal Chewy para Niños Varios Sabores,1/2,pieza,14,14,52,0.9,0.7,10.5,,,,,3.3,1.2,,,,,,,46.7,,0.0,,,TRUE
9,Cereal con almendras y pasas,1/3,taza,19,19,70,1.5,0.7,16.5,0.0,0.0,0.0,0.0,4.0,1.6,,,33.3,9.3,2.1,60.0,100.0,50.0,0.0,,,TRUE
9,Cereal de arroz,1/2,taza,17,17,67,1.4,0.5,14.1,0.0,0.0,0.0,0.0,0.2,1.1,,7.5,2.5,9.1,7.9,63.7,2.0,20.0,0.0,,,TRUE
9,Cereal de arroz inflado con chocolate,1/2,taza,16,16,62,1.1,0.6,13.8,0.3,0.1,0.1,0.0,1.5,1.2,,7.7,3.0,4.5,0.2,38.1,1.9,10.3,0.0,82.0,13.0,TRUE
9,Cereal de avena con maple,1/3,taza,27,27,65,4.6,1.9,17.6,0.3,0.6,0.8,0.0,,4.1,,,13.8,15.5,1.4,150.5,0.9,196.1,0.0,,,TRUE
9,"Cereal de avena integral, seco",1/3,taza,19,19,71,2.9,1.0,13.8,0.2,0.3,0.4,0.0,3.1,2.2,,2.0,34.7,10.3,5.4,86.0,68.3,100.7,0.0,,,TRUE
9,Cereal de galletas de chispa de chocolate,1/2,taza,15,15,60,0.5,0.8,13.0,0.0,0.3,0.0,0.0,6.5,0.6,,3.0,,50.0,2.3,,85.0,,0.0,,,TRUE
9,Cereal de maíz reventado con azúcar,1/2,taza,16,16,59,0.5,0.5,13.6,0.1,0.2,0.1,0.0,6.7,0.6,,3.1,,25.8,9.9,,620.0,,0.0,,,TRUE
9,Cereal de maíz reventado sabor chocolate y crema de cacahuate,1/3,taza,14,14,61,0.9,1.6,10.6,0.2,0.7,0.5,0.0,5.6,0.6,,2.8,,46.7,2.3,,93.3,,0.0,,,TRUE
9,Cereal de salvado de trigo,1/3,taza,21,21,54,2.6,0.7,15.3,0.1,0.1,0.5,0.0,4.0,6.7,,10.0,66.7,66.7,3.0,206.7,189.3,200.0,0.0,42.0,9.0,TRUE
9,Cereal de trigo con canela,1/3,taza,13,13,58,0.4,1.6,10.7,0.2,0.4,0.0,0.0,4.4,0.4,,6.7,44.4,17.8,2.0,20.0,93.3,26.7,0.0,,,TRUE
9,Cereal de trigo sabor frutas,1/2,taza,15,15,60,0.5,0.8,13.0,0.0,0.5,0.0,0.0,6.5,0.0,,7.5,50.0,10.0,2.1,10.0,100.0,10.0,0.0,69.0,10.0,TRUE
9,Cereal integral con pasitas,1/3,taza,20,20,66,2.0,0.5,15.7,0.0,0.2,0.3,0.0,6.0,2.7,,,33.3,11.7,1.5,116.7,130.0,66.7,0.0,42.0,9.0,TRUE
9,Cereal Kellogg's® All-Bran® Flakes Cosecha Frutal,2/3,taza,26,26,78,2.6,0.4,15.8,0.1,,,,3.8,3.4,,,66.0,,2.3,,57.6,,,,,TRUE
9,Cereal Kellogg's® All-Bran® Flakes Manzana Crunch,2/3,taza,26,26,87,3.3,1.4,15.3,0.1,,,,4.2,4.6,,,66.0,,2.3,,61.2,,,,,TRUE
9,Cereal Kellogg's® All-Bran® Flakes Natural,2/3,taza,26,26,85,3.2,0.4,17.2,0.0,,,,2.1,4.0,,,66.0,,2.3,,68.6,,,,,TRUE
9,Cereal Kellogg's® All-Bran® Flakes Pasas,2/3,taza,26,26,79,2.5,0.4,16.4,0.1,,,,4.2,3.4,,,66.0,,2.3,,51.7,,,,,TRUE
9,Cereal Kellogg's® All-Bran® Original,3/4,taza,30,30,82,3.0,1.1,15.0,0.0,,,,4.5,8.7,,,75.0,,2.6,,67.5,,,,,TRUE
9,Cereal Kellogg's®Choco Krispis® Krunchers®,3/4,taza,26,26,69,1.8,0.8,13.7,0.3,0.3,0.3,0.0,1.3,6.0,175.1,13.1,42.0,131.3,3.1,,91.6,,,,,TRUE
9,Cereal Kellogg's® Com Flakes,2/3,taza,20,20,73,1.2,0.2,16.6,0.0,,,,1.8,0.7,,,65.9,,2.3,,69.1,,,,,TRUE
9,Cereal Kellogg's® Froot Loops® Krunchers®,1,taza,30,30,82,1.8,1.2,15.9,0.8,0.2,0.3,0.0,2.1,6.6,,,99.9,,3.5,,104.7,,,,,TRUE
9,Cereal Kellogg's® Rice Krisples®,1/2,taza,18,18,67,1.4,0.2,15.0,0.1,,,,0.1,0.2,,,59.5,,2.1,,57.5,,,,,TRUE
9,Cereal Kellogg's® Special K® Antioxidantes,1/2,taza,19,19,69,1.5,0.3,15.0,0.0,,,,1.2,0.9,125.1,9.4,30.0,93.8,2.2,,65.4,,,,,TRUE
9,Cereal Kellogg's® Special K ® Energía,1/2,taza,19,19,74,1.3,0.9,15.0,0.8,,,,3.9,0.6,125.1,9.4,30.0,93.8,2.2,,65.4,,,,,TRUE
9,Cereal Kellogg's® Special K ® Equilibrio,1/2,taza,19,19,75,1.6,1.0,15.0,0.1,,,,1.0,0.8,129.9,9.7,31.2,97.4,2.3,,68.0,,,,,TRUE
9,Cereal Kellogg's® Special K® Original,2/3,taza,20,20,72,1.6,0.3,15.6,0.1,0.0,0.2,0.0,1.0,1.0,132.1,9.9,31.7,99.0,2.3,,69.1,,,,,TRUE
9,Cereal Kellogg's® Zucarltas® Krunchers®,1,taza,36,36,98,2.2,1.4,19.1,0.7,0.4,0.4,0.0,2.5,7.9,,,119.9,,4.2,,125.6,,,,,TRUE
9,Cereal Multibran Flakes,3/4,taza,19,19,65,2.4,1.3,11.1,,,,,0.4,2.6,,,,,,,90.6,,0.0,,,TRUE
9,Cereal Multibran Pasas,3/4,taza,19,19,66,2.0,1.0,12.1,,,,,3.9,2.3,,,,,,,71.9,,0.0,,,TRUE
9,Cereal multigrano,1/4,taza,20,20,67,2.3,0.5,14.7,0.1,0.1,0.3,0.0,0.1,2.4,,,5.5,7.0,0.6,82.5,0.5,69.0,0.0,,,TRUE
9,Cereal Quaker Avena Oh's,2/3,taza,20,20,70,1.4,0.7,14.5,0.1,0.2,0.2,0.0,4.7,1.9,26.3,2.4,8.4,,0.5,,46.9,,0.0,,,TRUE
9,Cereal Quaker Chewy Sabor Frutas,2/3,taza,20,20,73,1.3,0.9,14.8,0.4,0.2,0.2,0.0,5.0,1.7,25.1,2.3,4.6,,0.3,,100.5,,0.0,,,TRUE
9,Cereal Quaker Multibran Pasas,2/3,taza,20,20,70,2.1,1.1,13.0,0.2,0.3,0.5,0.0,4.2,2.4,19.4,1.7,6.1,,0.6,,77.1,8.0,0.0,,,TRUE
9,Cereal Quaker Stila Sabor Manzana Canela,2/3,taza,20,20,74,1.7,1.0,14.4,0.2,0.4,0.3,0.0,3.7,1.8,,,,,,,90.5,,0.0,,,TRUE
9,Cereal sin azúcar,1/2,taza,14,14,51,1.2,0.1,12.0,0.1,0.0,0.1,0.0,1.0,0.6,,7.5,50.0,0.5,4.1,12.5,152.0,5.5,0.0,,,TRUE
9,Chapata,1/3,pieza,23,23,58,2.1,0.0,12.0,0.0,0.0,0.0,0.0,0.4,0.4,,,,24.7,0.7,,144.4,,0.0,,,TRUE
9,Codito crudo,20,gramos,20,20,74,2.5,0.2,15.0,0.0,0.0,0.1,0.0,,0.1,,,5.0,5.4,0.3,39.4,0.4,,0.0,,,TRUE
9,Coditos con crema deshidratados,1.5,cda,15,15,61,1.9,1.5,9.6,0.0,0.0,0.0,0.0,,0.0,,,,,0.2,,122.9,,0.0,,,TRUE
9,Couscous,1/3,taza,52,52,58,2.0,0.1,12.0,0.0,0.0,0.0,0.0,0.1,0.7,,,,4.3,0.2,,2.6,,0.0,,,TRUE
9,Crepas,2,pieza,30,30,69,1.6,1.0,13.1,0.0,0.0,0.0,0.5,,0.5,,,0.2,0.3,0.3,,147.5,,0.0,,,TRUE
9,Crepas para rellenar,2,pieza,30,30,69,2.3,1.4,11.6,0.0,0.0,0.0,22.5,,0.3,,,0.2,0.3,0.3,,116.4,,0.0,,,TRUE
9,Crepas saladas,2,pieza,30,30,69,1.6,1.0,13.1,0.0,0.0,0.0,0.5,,0.5,,,0.2,0.3,0.3,,147.5,,0.0,,,TRUE
9,Croutones,1/2,taza,15,15,61,1.8,1.0,11.1,0.3,0.5,0.2,0.0,,0.8,,,3.5,11.5,0.6,18.5,104.5,17.5,0.0,,,TRUE
9,Cuadritos de avena,1/3,taza,19,19,71,2.9,1.0,13.8,0.2,0.3,0.4,0.0,3.1,2.2,,2.0,34.7,10.3,5.4,86.0,68.3,100.7,0.0,,,TRUE
9,Cuadritos de avena con salvado,1/3,taza,19,19,71,2.9,1.0,13.8,0.2,0.3,0.4,0.0,3.1,2.2,,2.0,34.7,10.3,5.4,86.0,68.3,100.7,0.0,,,TRUE
9,Cúrcuma,160,gramos,160,138,73,5.6,0.0,13.2,0.0,0.0,0.0,0.0,,1.7,,6.9,,70.2,16.8,,,,0.0,,,TRUE
9,Discos de amaranto,1/7,pieza,4,4,23,2.3,0.4,15.0,0.1,0.0,0.2,0.0,,0.3,,,,,,,30.0,,0.0,,,TRUE
9,Elote amarillo cocido,1.5,pieza,174,66,71,2.2,0.8,16.6,0.2,0.2,0.4,0.0,2.7,1.9,14.5,4.0,30.4,1.6,0.3,140.2,,67.7,0.0,53.0,35.0,TRUE
9,Elote amarillo congelado,1.5,pieza,188,71,70,2.3,0.6,16.7,0.1,0.0,0.3,0.0,,2.0,,4.6,27.9,2.9,0.5,215.5,2.3,64.4,0.0,47.0,33.0,TRUE
9,Elote amarillo crudo,1.3333333333333333,pieza,186,71,61,2.3,0.9,17.7,0.1,0.3,0.4,0.0,,2.0,15.5,4.3,32.7,1.7,0.4,175.7,12.1,62.9,0.0,,,TRUE
9,Elote amarillo desgranado cocido,1/2,taza,83,83,66,2.3,0.4,16.2,0.2,0.3,0.5,0.0,2.6,2.0,18.2,5.1,38.5,3.3,0.3,122.0,4.2,85.0,0.0,,,TRUE
9,Elote amarillo desgranado crudo,1/2,taza,83,83,66,2.3,0.4,16.2,0.2,0.3,0.5,0.0,2.6,2.0,18.2,5.1,38.5,3.3,0.3,122.0,4.2,85.0,0.0,,,TRUE
9,Elote amarillo enlatado,1/2,taza,82,82,66,2.1,0.8,15.2,0.1,0.2,0.4,0.0,2.3,1.6,13.0,7.0,40.0,4.0,0.7,160.0,175.0,53.0,0.0,,,TRUE
9,Elote blanco cocido,1.5,pieza,215,82,70,2.6,1.0,15.5,0.1,0.3,0.4,0.0,2.6,2.2,,6.5,37.5,1.6,0.4,220.1,12.2,,0.0,59.0,48.0,TRUE
9,Elote blanco desgranado,1/2,taza,83,83,66,2.3,0.4,16.2,0.2,0.3,0.5,0.0,2.6,2.0,18.2,5.1,38.5,3.3,0.3,122.0,4.2,85.0,0.0,,,TRUE
9,Elote crudo,1.5,pieza,215,82,70,2.6,1.0,15.5,0.1,0.3,0.4,0.0,2.6,2.2,,6.5,37.5,1.6,0.4,220.1,12.2,,0.0,,,TRUE
9,Elote desgranado,1/2,taza,83,83,66,2.3,0.4,16.2,0.2,0.3,0.5,0.0,2.6,2.0,18.2,5.1,38.5,3.3,0.3,122.0,4.2,85.0,0.0,,,TRUE
9,Elote enlatado,1/2,taza,82,82,66,2.1,0.8,15.2,0.1,0.2,0.4,0.0,2.3,1.6,13.0,7.0,40.0,4.0,0.7,160.0,175.0,53.0,0.0,46.0,38.0,TRUE
9,English Muffin,1/2,pieza,29,29,67,2.2,0.5,13.1,0.1,0.1,0.3,0.0,,0.8,,,10.5,49.5,0.7,37.5,132.0,38.0,0.0,77.0,22.0,TRUE
9,Espagueti cocido,1/3,taza,46,46,57,2.5,0.2,12.3,0.0,0.0,0.1,0.0,0.4,2.1,,,2.3,6.9,0.5,20.3,1.4,25.1,0.0,44.0,20.0,TRUE
9,Espagueti con espinaca cocido,1/3,taza,47,47,61,2.1,0.3,12.2,0.0,0.0,0.1,0.0,,0.0,7.0,,5.7,14.0,0.5,27.0,6.7,50.3,0.0,,,TRUE
9,Espagueti crudo,20,gramos,20,20,70,2.9,0.3,15.0,0.0,0.0,0.1,0.0,,0.1,,,11.4,8.0,0.7,43.0,1.6,,0.0,,,TRUE
9,Espagueti integral cocido,1/3,taza,46,46,57,2.5,0.3,12.3,0.0,0.0,0.1,0.0,,2.1,,,2.3,6.9,0.5,20.5,1.3,41.3,0.0,,,TRUE
9,Espaguetti integral crudo,20,gramos,20,20,70,2.9,0.3,15.0,0.0,0.0,0.1,0.0,,0.1,,,11.4,8.0,0.7,43.0,1.6,,0.0,,,TRUE
9,Espaguetti cocido,1/3,taza,47,47,58,2.5,0.3,12.4,0.0,0.0,0.1,0.0,0.4,2.1,,,2.3,7.0,0.5,20.5,1.4,25.3,0.0,44.0,21.0,TRUE
9,Espaguetti con espinaca cocido,1/3,taza,47,47,61,2.1,0.3,12.2,0.0,0.0,0.1,0.0,,0.0,7.0,,5.7,14.0,0.5,27.0,6.7,50.3,0.0,,,TRUE
9,Espaguetti crudo,20,gramos,20,20,70,2.9,0.3,15.0,0.0,0.0,0.1,0.0,,0.1,,,11.4,8.0,0.7,43.0,1.6,,0.0,,,TRUE
9,Espaguetti integral cocido,1/3,taza,47,47,58,2.5,0.3,12.4,0.0,0.0,0.1,0.0,0.4,2.1,,,2.3,7.0,0.5,20.5,1.4,25.3,0.0,,,TRUE
9,Fécula de maiz,2,cda,16,16,60,0.0,0.0,14.4,0.0,0.0,0.0,0.0,,0.0,,,,,,,,,0.0,,,TRUE
9,Fécula de maiz de sabor,2,cda,16,16,60,0.0,0.0,14.4,0.0,0.0,0.0,0.0,,0.0,,,,,,,,,0.0,,,TRUE
9,Fetuccini crudo,20,gramos,20,20,70,2.7,0.5,14.1,0.1,0.1,0.3,0.0,0.6,0.6,,,3.9,4.3,0.6,38.2,3.2,31.4,0.0,,,TRUE
9,Fibra Uno,1/2,taza,30,30,60,2.0,1.0,25.0,0.1,0.1,0.4,0.0,,14.2,49.1,6.0,,100.0,4.5,,105.0,,0.0,,,TRUE
9,Fideo cocido,1/2,taza,20,20,74,2.5,0.2,15.0,0.0,0.0,0.1,0.0,,0.1,,,5.0,5.4,0.3,39.4,0.4,,0.0,,,TRUE
9,Fideo con tomate deshidratado,2,cda,20,20,72,2.6,1.0,13.3,0.0,0.0,0.0,0.0,,0.0,,,,,0.3,,399.4,,0.0,,,TRUE
9,Fideo crudo,20,gramos,20,20,72,2.7,0.5,14.5,0.1,0.1,0.3,0.0,0.7,0.7,,,4.2,4.2,0.6,37.5,1.1,32.3,0.0,,,TRUE
9,Fideo seco deshidratado,2,cda,20,20,72,2.6,1.0,13.3,0.0,0.0,0.0,0.0,,0.0,,,,,0.3,,399.4,,0.0,,,TRUE
9,Fideos de arroz,1/2,taza,20,20,73,1.2,0.1,16.0,0.0,0.4,0.0,0.0,,0.3,,,,3.6,0.1,,36.4,,0.0,,,TRUE
9,Fruitcake,1/2,rebanada,20,20,65,0.6,1.8,12.3,0.2,0.8,0.7,0.9,8.6,0.7,3.7,,0.5,6.5,0.4,30.7,54.0,10.2,0.0,,,TRUE
9,Fisili cocido,1/3,taza,46,46,57,2.5,0.2,12.3,0.0,0.0,0.1,0.0,0.4,2.1,,,2.3,6.9,0.5,20.3,1.4,25.1,0.0,,,TRUE
9,Fusili crudo,20,gramos,20,20,70,2.9,0.3,15.0,0.0,0.0,0.1,0.0,,0.1,,,11.4,8.0,0.7,43.0,1.6,,0.0,,,TRUE
9,Galleta barras de higo,1,pieza,16,16,56,0.6,1.2,11.3,0.2,0.6,0.2,0.0,,0.7,1.0,,2.0,10.0,0.5,33.0,56.0,10.0,0.0,,,TRUE
9,Galleta de animalitos,6,pieza,15,15,68,1.1,2.1,11.3,0.5,1.2,0.3,0.0,3.4,0.2,,,2.1,6.4,0.4,15.0,59.5,17.1,0.0,,,TRUE
9,Galleta de manzana,1,pieza,15,15,50,0.5,0.0,12.0,0.0,0.0,0.0,0.0,7.0,0.5,,,,,,,30.0,,0.0,,,TRUE
9,Galleta dulce,2,pieza,16,16,64,1.5,1.7,10.7,0.0,0.0,0.0,0.0,,0.7,,,1.1,3.5,0.3,15.2,48.5,,0.0,,,TRUE
9,Galleta dulce sin relleno,2,pieza,16,16,64,1.5,1.7,10.7,0.0,0.0,0.0,0.0,,0.7,,,1.1,3.5,0.3,15.2,48.5,,0.0,,,TRUE
9,Galleta María,5,pieza,19,19,69,1.3,1.3,13.8,0.0,0.0,0.0,0.0,11.3,0.1,31.3,,6.3,,0.5,,110.6,,0.0,,,TRUE
9,Galleta para sopa,14,pieza,18,18,70,1.2,1.8,12.8,0.0,0.6,0.0,0.0,,0.0,,,,,,,268.3,,0.0,,,TRUE
9,Galleta salada,4,pieza,16,16,69,1.4,2.1,11.2,1.3,0.8,0.1,20.8,,0.0,,,1.1,7.8,0.3,19.2,176.0,,0.0,,,TRUE
9,Galleta salada integral,4,pieza,16,16,70,1.6,1.9,11.2,0.5,0.0,0.0,0.0,0.6,0.4,,1.0,,4.3,0.1,,108.8,,0.0,,,TRUE
9,Galleta salada molida,2.5,cda,15,15,65,1.3,2.0,10.5,1.2,0.8,0.1,19.5,,0.0,,,1.1,7.4,0.2,18.0,165.0,,0.0,,,TRUE
9,Galletas de avena pasas,1.5,pieza,15,15,61,1.3,2.0,9.5,,,,,4.7,1.3,,,,,,,57.0,,0.0,,,TRUE
9,Galletas de maíz horneadas sin grasa (Salmas),3,pieza,18,18,64,1.4,0.6,13.0,0.1,0.1,0.4,0.0,,1.4,,,,,,,67.9,,0.0,,,TRUE
9,Galletas Marías,5,pieza,19,19,69,1.3,1.3,13.8,0.0,0.0,0.0,0.0,11.3,0.1,31.3,,6.3,,0.5,,110.6,,0.0,,,TRUE
9,Galletas Marías azucaradas,4,pieza,16,16,63,1.0,1.5,11.5,0.0,0.0,0.0,0.0,3.5,0.1,250.0,,32.8,,2.2,,98.0,,0.0,,,TRUE
9,Gluten de trigo,3,cda,18,18,68,7.5,0.3,8.5,0.0,0.0,0.0,0.0,,0.0,,,,7.2,,10.8,0.4,25.2,0.0,,,TRUE
9,Granola baja en grasa,3,cda,18,18,70,1.5,1.1,14.4,0.2,0.2,0.7,0.0,4.4,1.1,,0.7,36.7,7.0,0.7,44.8,44.1,36.7,0.0,,,TRUE
9,Granola con fruta seca baja en grasas,3,cda,18,18,69,1.3,0.8,14.4,0.0,0.3,0.2,0.0,6.2,1.0,,,,6.5,0.5,49.1,68.7,49.1,0.0,,,TRUE
9,Granola Quaker Sabor Pasas y Miel,2/3,taza,20,20,76,1.9,2.0,12.4,0.2,1.1,0.5,0.0,4.9,1.9,,,,,,,3.4,,0.0,,,TRUE
9,Habaneras arándano ciruela,2,pieza,18,18,71,1.3,2.2,11.5,1.1,0.8,0.3,0.0,2.2,1.5,,,,,,,83.3,,0.0,,,TRUE
9,Habaneras Bran Trigo Entero,2,pieza,18,18,72,1.7,2.4,11.0,,,,,0.8,1.6,,,,,,,90.0,,0.0,,,TRUE
9,Habaneras Bran Trigo Entero,4,galletas,18,18,72,1.7,2.4,11.0,,,,,0.8,1.6,,,,,,,90.0,,0.0,,,TRUE
9,Habaneras clásicas,4,galletas,18,18,74,1.6,1.4,13.8,0.7,0.4,0.3,0.0,0.1,0.7,,,39.8,,1.7,,129.2,,0.0,,,TRUE
9,Habaneras clásicas,4,pieza,18,18,74,1.6,1.4,13.8,0.7,0.4,0.3,0.0,0.1,0.7,,,39.8,,1.7,,129.2,,0.0,,,TRUE
9,Habaneras integrales,4,galletas,18,18,69,1.9,1.6,11.9,,,,,0.3,1.5,,,,,1.7,,83.7,,0.0,,,TRUE
9,Habaneras integrales,4,pieza,18,18,69,1.9,1.6,11.9,,,,,0.3,1.5,,,,,1.7,,83.7,,0.0,,,TRUE
9,Harina,2.5,cda,20,20,73,2.1,0.2,15.3,0.0,0.0,0.1,0.0,0.3,0.5,,,5.3,3.0,0.9,21.4,0.5,21.6,0.0,,,TRUE
9,Harina blanca,21/2,cda,20,20,73,2.1,0.2,15.3,0.0,0.0,0.1,0.0,0.3,0.5,,,5.3,3.0,0.9,21.4,0.5,21.6,0.0,,,TRUE
9,Harina blanca refinada,20,gramos,20,20,73,2.1,0.2,15.3,0.0,0.0,0.1,0.0,0.3,0.5,,,5.3,3.0,0.9,21.4,0.5,21.6,0.0,,,TRUE
9,Harina de alforfón,21/2,cda,20,20,67,2.5,0.6,14.1,0.1,0.2,0.2,0.0,0.5,2.0,,,,,,,7.0,,0.0,,,TRUE
9,Harina de amaranto,2,cda,19,19,68,2.7,1.0,11.9,0.0,0.0,0.0,0.0,,1.3,,,,,,,0.2,,0.0,66.0,13.0,TRUE
9,Harina de arroz,2,cda,20,20,72,1.4,0.6,15.1,0.1,0.2,0.2,0.0,0.2,0.9,,,3.1,2.1,0.4,57.1,1.6,66.5,0.0,,,TRUE
9,Harina de arroz refinada,2,cda,20,20,75,1.2,0.3,16.3,0.1,0.1,0.1,0.0,,0.5,,,0.9,2.0,0.1,15.5,,20.0,0.0,,,TRUE
9,Harina de avena,2,cda,16,16,65,2.3,1.5,10.5,0.3,0.5,0.5,0.0,0.1,1.0,,,,8.8,0.6,,3.0,,0.0,,,TRUE
9,Harina de cebada,2,cda,18,18,62,2.2,0.3,10.9,0.0,0.0,0.0,0.0,,2.2,,,,,,,0.4,,0.0,,,TRUE
9,Harina de cebada,21/2,cda,20,20,69,2.1,0.3,14.9,0.1,0.0,0.1,0.0,0.2,2.0,,,,,,,2.2,,0.0,,,TRUE
9,Harina de centeno,2,cda,18,18,63,2.1,0.3,13.6,0.0,0.0,0.0,0.0,,0.2,,,,4.9,0.5,36.8,0.2,,0.0,,,TRUE
9,Harina de centeno integral,2.5,cda,20,20,65,2.8,0.5,13.8,0.1,0.1,0.2,0.0,,4.5,,,12.0,11.3,1.3,145.9,0.2,126.4,0.0,,,TRUE
9,Harina de maíz,2.5,cda,18,18,65,1.7,0.7,13.6,0.1,0.2,0.3,0.0,,1.7,,,4.2,25.2,1.3,53.1,0.9,39.7,0.0,,,TRUE
9,Harina de maíz nixtamalizada,21/2,cda,18,18,65,1.7,0.7,13.6,0.1,0.2,0.3,0.0,,1.7,,,4.2,25.2,1.3,53.1,0.9,39.7,0.0,,,TRUE
9,Harina de maíz para atole,2,cda,15,15,60,1.2,0.8,11.8,0.1,0.2,0.4,0.0,,0.2,0.2,,,5.3,0.4,,,,0.0,,,TRUE
9,Harina de maíz para tamales,2,cda,14,14,62,1.4,0.7,12.7,0.1,0.2,0.3,0.0,,0.1,,,,19.4,0.5,,0.1,,0.0,,,TRUE
9,Harina de malta,2,cda,18,18,65,1.9,0.3,14.1,0.1,0.0,0.2,0.0,0.1,1.3,0.2,0.1,,6.7,0.8,,2.0,,0.0,,,TRUE
9,Harina de papa,2,cda,19,19,66,1.5,0.1,15.0,0.0,0.0,0.1,0.0,,1.1,,3.5,9.6,6.3,3.2,297.7,6.5,33.3,0.0,,,TRUE
9,Harina de quinoa,3,cda,24,24,86,3.4,0.9,16.3,0.0,0.0,0.0,0.0,0.9,2.6,,,,7.7,0.9,,,,0.0,,,TRUE
9,Harina de tapioca,2.5,cda,20,20,73,0.0,0.0,18.0,0.0,0.0,0.0,0.0,,0.0,,,,4.7,,,,,0.0,,,TRUE
9,Harina de trigo,2.5,cda,20,20,71,2.0,0.2,14.9,0.0,0.0,0.1,0.0,0.3,0.5,,,5.2,3.0,0.9,20.9,0.5,21.1,0.0,41.0,8.0,TRUE
9,Harina de trigo integral,2.5,cda,19,19,64,2.6,0.3,13.6,0.1,0.0,0.1,0.0,0.4,2.3,,,8.3,6.4,0.7,75.9,0.9,64.8,0.0,30.0,6.0,TRUE
9,Harina de trigo para panificación,2,cda,17,17,62,2.1,0.3,12.4,0.0,0.0,0.1,0.0,,0.4,,,5.0,2.6,0.8,17.1,0.4,16.6,0.0,,,TRUE
9,Harina de trigo para pastelería,2.5,cda,17,17,62,1.4,0.1,13.3,0.0,0.0,0.1,0.0,,0.3,,,3.3,2.3,1.2,17.8,0.3,14.5,0.0,,,TRUE
9,Harina integral,2.5,cda,19,19,64,2.6,0.3,13.6,0.1,0.0,0.1,0.0,0.4,2.3,,,8.3,6.4,0.7,75.9,0.9,64.8,0.0,,,TRUE
9,Harina integral de centeno,2.5,cda,20,20,65,2.8,0.5,13.8,0.1,0.1,0.2,0.0,,4.5,,,12.0,11.3,1.3,145.9,0.2,126.4,0.0,,,TRUE
9,Harina integral de trigo,2.5,cda,19,19,64,2.6,0.3,13.6,0.1,0.0,0.1,0.0,0.4,2.3,,,8.3,6.4,0.7,75.9,0.9,64.8,0.0,,,TRUE
9,Harina Kamut,2,cda,18,18,68,2.7,0.5,13.1,0.0,0.0,0.0,0.0,,1.8,,,,,,,,,0.0,,,TRUE
9,Harina nixtamalizada,2.5,cda,18,18,67,1.3,0.8,13.8,0.0,0.2,0.2,0.0,,1.7,0.2,,,24.9,0.7,,0.2,,0.0,,,TRUE
9,Harina para brownies,1.5,cda,13,13,60,0.7,2.3,9.0,0.5,0.7,1.2,6.7,6.3,0.0,,,,,0.2,36.6,36.6,,0.0,,,TRUE
9,Harina para brownies baja en grasas,2,cda,18,18,61,0.9,1.2,12.6,0.2,0.2,0.2,0.0,8.4,0.5,,,,,0.5,51.4,56.1,,0.0,,,TRUE
9,Harina para hot cakes,2,cda,18,18,61,1.7,0.2,13.3,0.0,0.0,0.1,0.0,1.9,0.5,,,1.5,6.0,0.8,18.5,243.6,122.4,0.0,,,TRUE
9,Harina para repostería,2,cda,16,16,60,1.7,0.2,12.6,0.0,0.0,0.0,0.0,,0.1,,,,5.0,,14.8,0.3,,0.0,,,TRUE
9,Harina para tamales,2,cda,14,14,62,1.4,0.7,12.7,0.1,0.2,0.3,0.0,,0.1,,,,19.4,0.5,,0.1,,0.0,,,TRUE
9,Hilos de trigo entrelazados con miel maple y azúcar,9,pieza,20,20,69,1.6,0.3,16.0,0.1,0.0,0.2,0.0,4.7,1.9,94.3,,,6.4,6.1,,0.4,,0.0,,,TRUE
9,Hojuelas de 7 fibras,1/3,taza,20,20,70,2.8,0.3,15.4,0.1,0.1,0.1,0.0,0.4,2.8,,0.7,,13.9,0.5,,10.6,,0.0,,,TRUE
9,Hojuelas de arroz,1/2,taza,16,16,55,3.2,0.2,11.2,0.0,0.0,0.1,0.0,1.5,0.5,,7.5,50.0,2.5,4.1,27.0,125.0,30.0,0.0,,,TRUE
9,Hojuelas de avena,1/3,taza,26,26,65,4.6,1.9,17.5,0.3,0.6,0.8,0.0,,4.1,,,13.6,15.3,1.4,149.0,0.9,194.2,0.0,,,TRUE
9,Hojuelas de avena con maple,1/3,taza,26,26,65,4.6,1.9,17.5,0.3,0.6,0.8,0.0,,4.1,,,13.6,15.3,1.4,149.0,0.9,194.2,0.0,,,TRUE
9,Hojuelas de avena endulzadas con miel y almendras,1/3,taza,14,14,59,1.1,1.2,11.3,0.1,,,0.0,3.0,0.7,64.0,,,5.1,3.8,,87.3,,0.0,,,TRUE
9,"Hojuelas de avena instantáneas con pasas, dátiles y nueces. Preparado",1/4,taza,61,61,71,1.7,1.1,14.3,0.2,0.3,0.4,0.0,,1.3,303.8,,,56.6,2.1,,125.7,,0.0,,,TRUE
9,Hojuelas de avena instantáneas con pasas y especias. Preparado,1/4,taza,62,62,62,1.3,0.7,12.5,0.1,0.2,0.2,0.0,6.0,1.0,,,,42.9,1.5,,93.0,,0.0,,,TRUE
9,Hojuelas de avena instanteaneas con miel maple y azúcar morena. Preparado,1/4,taza,59,59,60,1.4,0.8,11.8,0.1,0.3,0.2,0.0,4.8,1.1,1700.0,,,40.9,1.4,,95.9,,0.0,,,TRUE
9,"Hojuelas de avena, fruta seca y nueces",1/4,taza,21,21,72,2.1,1.1,16.5,0.2,0.5,0.3,0.0,6.6,1.6,157.7,,,,1.9,,49.0,,0.0,,,TRUE
9,Hojuelas de cereales con fruta seca,1/3,taza,18,18,70,1.3,1.0,14.0,0.0,0.3,0.3,0.0,,1.0,,5.0,33.3,83.3,1.5,56.7,110.0,83.3,0.0,,,TRUE
9,Hojuelas de cereales con frutas secas,1/3,taza,18,18,70,1.3,1.0,14.0,0.0,0.3,0.3,0.0,,1.0,,5.0,33.3,83.3,1.5,56.7,110.0,83.3,0.0,,,TRUE
9,Hojuelas de maíz,3/4,taza,19,19,67,1.4,0.1,15.8,0.0,0.0,0.0,0.0,1.8,0.6,334.9,3.9,109.3,1.3,5.4,31.5,136.7,19.1,0.0,81.0,15.0,TRUE
9,Hojuelas de maíz azucaradas,1/3,taza,13,13,52,0.7,0.1,12.0,0.0,0.0,0.0,0.0,4.9,0.3,156.6,8.1,106.5,,1.9,8.7,75.6,4.5,0.0,,,TRUE
9,Hojuelas de maíz y trigo con fruta y nueces,1/3,taza,18,18,70,1.3,1.0,14.0,0.0,0.3,0.3,0.0,,1.0,,5.0,33.3,83.3,1.5,56.7,110.0,83.3,0.0,,,TRUE
9,Hojuelas de papa para puré,20,gramos,20,20,71,1.7,0.1,16.2,0.0,0.0,0.0,0.0,0.7,1.3,,,9.2,5.4,0.2,210.6,20.8,,0.0,,,TRUE
9,Hojuelas de salvado,1/3,taza,21,21,67,1.8,0.5,16.0,0.1,0.1,0.1,0.0,6.2,2.3,149.9,,,9.8,2.6,,119.7,,0.0,,,TRUE
9,Hojuelas de salvado con pasas,1/3,taza,19,19,66,1.1,0.4,15.8,0.1,0.1,0.1,0.0,7.0,1.4,87.0,0.4,,6.7,1.6,,73.2,,0.0,,,TRUE
9,Hojuelas de trigo,1/2,taza,18,18,59,1.8,0.3,14.1,0.0,0.0,0.0,0.0,,0.3,,,,7.2,0.8,,180.6,,0.0,,,TRUE
9,Hojuelas de trigo con miel,1/2,taza,18,18,62,1.6,0.4,14.3,0.1,0.1,0.1,0.0,,1.9,231.9,9.4,11.9,8.1,2.8,75.0,101.3,66.3,0.0,,,TRUE
9,Hojuelas de trigo integral,1/2,taza,16,16,59,3.5,0.3,11.0,0.1,0.2,0.1,0.0,2.0,0.4,,10.5,,4.5,4.2,,112.0,,0.0,,,TRUE
9,Hojuelas de trigo integral con frutos rojos,1/2,taza,16,16,57,1.9,0.2,12.5,0.1,0.1,0.1,0.0,5.0,0.5,,10.5,,9.5,4.1,,110.0,,0.0,,,TRUE
9,Hojuelas de trigo integra con chispas de yoghurt,1/2,taza,19,19,64,2.1,1.0,14.7,0.6,0.1,0.3,0.0,2.4,3.4,19.9,2.0,,12.0,1.5,,78.3,,0.0,,,TRUE
9,Hojuelas de trigo integral con fibra extra,1/2,taza,26,26,50,3.8,1.2,26.0,0.3,0.3,0.8,0.0,1.3,16.9,123.9,7.8,,1404.0,60.8,,1612.0,,0.0,,,TRUE
9,Hojuelas de trigo integral con frutas y yoghurt,1/3,taza,15,15,57,1.0,0.4,11.6,0.2,0.0,0.2,0.0,6.0,0.4,,7.0,,3.3,2.1,,63.9,,0.0,,,TRUE
9,Hojuelas de trigo negro,1/3,taza,59,59,54,2.0,0.4,11.7,0.1,0.1,0.1,0.0,0.5,1.6,,,,4.2,0.5,,2.5,,0.0,,,TRUE
9,"Hojuelas fortificadas de trigo entero, almendras, nueces y miel",1/4,taza,15,15,58,1.5,1.3,11.4,0.4,0.5,0.3,0.0,3.3,1.3,,,24.9,39.9,1.7,,75.5,50.0,0.0,,,TRUE
9,Hojuelasde avena instantáneas con manzana y canela,1/3,taza,79,79,69,1.4,0.8,14.0,0.1,0.3,0.2,0.0,6.4,1.4,414.1,,,58.1,2.0,,87.2,,0.0,,,TRUE
9,Hot cake,3/4,pieza,38,38,69,2.5,2.3,9.7,0.7,0.7,0.8,21.7,,0.0,20.7,,4.9,81.9,0.7,49.3,164.8,59.2,0.0,67.0,25.0,TRUE
9,Kamut (trigo de Jorasán) cocido,1/3,taza,54,54,72,3.1,0.5,15.0,0.0,0.0,0.1,0.0,1.7,2.3,2.2,,,4.9,1.0,,4.3,,0.0,,,TRUE
9,Lasagna cruda,20,gramos,20,20,68,1.9,0.1,14.6,0.0,0.0,0.0,0.0,,0.4,,,5.0,5.2,0.4,39.4,0.4,,0.0,,,TRUE
9,Lasaña cruda,20,gramos,20,20,68,1.9,0.1,14.6,0.0,0.0,0.0,0.0,,0.4,,,5.0,5.2,0.4,39.4,0.4,,0.0,,,TRUE
9,Linaza,4,cda,48,48,256,8.8,20.2,13.9,1.8,3.6,13.8,0.0,0.7,13.1,,0.3,,122.4,2.8,,14.4,,0.0,,,TRUE
9,Maca,2,cda,18,18,64,2.3,0.2,13.2,0.0,0.0,0.0,0.0,,1.2,,0.5,,85.5,2.0,,1.4,,0.0,,,TRUE
9,Macarrón cocido,1/3,taza,47,47,58,2.5,0.3,12.4,0.0,0.0,0.1,0.0,,1.3,,,2.3,7.0,0.5,20.7,1.3,41.7,0.0,,,TRUE
9,Macarrón crudo,20,gramos,20,20,68,1.9,0.1,14.6,0.0,0.0,0.0,0.0,,0.4,,,5.0,5.2,0.4,39.4,0.4,,0.0,,,TRUE
9,Macarrón integral cocido,1/3,taza,47,47,58,2.5,0.3,12.4,0.0,0.0,0.1,0.0,,1.3,,,2.3,7.0,0.5,20.7,1.3,41.7,0.0,,,TRUE
9,Maicena,2,cda,16,16,60,0.0,0.0,14.4,0.0,0.0,0.0,0.0,,0.0,,,,,,,,,0.0,,,TRUE
9,Maicena de sabor,2,cda,16,16,60,0.0,0.0,14.4,0.0,0.0,0.0,0.0,,0.0,,,,,,,,,0.0,,,TRUE
9,Maíz,20,gramos,20,18,67,2.2,0.9,13.0,0.1,0.2,0.5,0.0,,2.2,,,,1.5,0.4,52.3,0.2,,0.0,,,TRUE
9,Maíz amarillo,20,gramos,20,18,67,2.2,0.9,13.0,0.1,0.2,0.5,0.0,,2.2,,,,1.5,0.4,52.3,0.2,,0.0,53.0,10.0,TRUE
9,Maíz amarillo cocido,20,gramos,20,18,67,2.2,0.9,13.0,0.1,0.2,0.5,0.0,,2.2,,,,1.5,0.4,52.3,0.2,,0.0,,,TRUE
9,Maíz azul,20,gramos,20,18,67,1.5,0.8,13.7,0.1,0.2,0.4,0.0,,2.2,0.9,,,29.3,0.5,52.3,0.2,,0.0,,,TRUE
9,Maíz blanco,20,gramos,20,18,67,2.2,0.9,13.0,0.1,0.2,0.5,0.0,,2.2,,,,1.5,0.4,52.3,0.2,,0.0,,,TRUE
9,Maíz blanco cocido,25,gramos,25,19,68,2.2,0.9,13.3,0.1,0.2,0.5,0.0,,2.3,,,,1.5,0.4,53.3,0.2,,0.0,59.0,11.0,TRUE
9,Maíz cacahuacintle,20,gramos,20,18,67,2.2,0.9,13.0,0.1,0.2,0.5,0.0,,2.2,,,,1.5,0.4,52.3,0.2,,0.0,,,TRUE
9,Maíz cacahuazintle,20,gramos,20,18,67,2.2,0.9,13.0,0.1,0.2,0.5,0.0,,2.2,,,,1.5,0.4,52.3,0.2,,0.0,,,TRUE
9,Maíz palomero,20,gramos,20,20,73,2.4,0.9,14.2,0.1,0.3,0.5,0.0,,2.4,1.8,,,3.4,0.4,56.8,0.2,,0.0,,,TRUE
9,Maíz pozolera,1/3,taza,54,54,58,1.8,0.7,13.6,0.1,0.2,0.3,0.0,,1.5,,3.4,,1.1,0.3,134.8,9.2,55.7,0.0,,,TRUE
9,Malzena,2,cda,16,16,60,0.0,0.0,14.4,0.0,0.0,0.0,0.0,,0.0,,,,,,,,,0.0,,,TRUE
9,Maizena,2,cda,16,16,60,0.0,0.0,14.4,0.0,0.0,0.0,0.0,,0.0,,,,,,,,,0.0,,,TRUE
9,Malanga,70,gramos,70,60,67,0.9,0.1,15.9,0.0,0.0,0.0,0.0,,2.5,,2.7,13.2,25.9,0.3,355.8,6.6,50.6,0.0,,,TRUE
9,Marías,5,pieza,19,19,75,1.4,1.4,14.3,0.7,0.4,0.3,0.0,4.8,0.4,63.9,,26.1,33.8,1.1,,112.5,,0.0,,,TRUE
9,Marías Cerealé fresa,1.5,pieza,15,15,66,1.1,2.1,10.7,0.7,1.1,0.3,0.0,3.5,1.4,,,,,,,63.8,,0.0,,,TRUE
9,Marinela Sponch,1,pieza,20,20,80,1.3,1.3,14.7,0.7,0.7,0.0,0.0,8.0,0.0,,,,,,,26.7,,0.0,,,TRUE
9,Masa de maiz,45,gramos,45,45,69,1.6,0.9,14.3,0.1,0.2,0.5,0.0,,1.5,,,,31.5,0.7,,,,0.0,,,TRUE
9,Masa de maiz amarillo,35,gramos,35,35,66,1.5,0.8,13.5,0.1,0.2,0.4,0.0,,1.2,2.1,,,30.8,0.6,,,,0.0,,,TRUE
9,Masa de maiz blanco,45,gramos,45,45,69,1.6,0.9,14.3,0.1,0.2,0.5,0.0,,1.5,,,,31.5,0.7,,,,0.0,,,TRUE
9,Masa para pizza,3,cda,27,27,70,2.7,0.8,13.5,0.0,0.0,0.0,0.0,1.1,0.5,,,,,1.0,,156.6,,0.0,,,TRUE
9,Masa para tortillas,45,gramos,45,45,69,1.6,0.9,14.3,0.1,0.2,0.5,0.0,,1.5,,,,31.5,0.7,,,,0.0,,,TRUE
9,Masa Yucatán,40,gramos,40,40,69,1.8,0.5,14.6,0.1,0.2,0.3,0.0,,1.4,,,,36.0,0.8,,,,0.0,,,TRUE
9,Media Noche,1/2,pieza,22,22,55,2.0,1.0,10.5,0.0,0.0,0.0,0.0,1.5,0.5,,,,10.0,0.5,,105.0,,0.0,,,TRUE
9,Media Noche con ajonjolí,1/2,pieza,22,22,55,2.0,1.0,10.5,0.0,0.0,0.0,0.0,1.5,0.5,,,,10.0,0.5,,105.0,,0.0,,,TRUE
9,Mijo cocido,1/3,taza,57,57,68,2.0,0.6,13.6,0.1,0.1,0.3,0.0,0.1,0.8,,,,1.6,0.4,,1.0,,0.0,,,TRUE
9,Mijo crudo,15,gramos,15,15,57,1.7,0.6,10.9,0.1,0.1,0.3,0.0,,1.3,,,,1.2,0.5,,0.8,,0.0,,,TRUE
9,Mini chapata,1,pieza,35,35,88,3.1,0.0,18.1,0.0,0.0,0.0,0.0,0.6,0.6,,,,37.5,1.1,,218.8,,0.0,,,TRUE
9,Mueslix con manzana y almendra,1/4,taza,18,18,68,1.7,1.6,13.2,0.0,0.0,0.0,0.0,3.0,1.5,,,,11.1,1.5,67.3,87.1,50.2,0.0,,,TRUE
9,Nixtamal,45,gramos,45,45,69,1.6,0.9,14.3,0.1,0.2,0.5,0.0,,1.5,,,,31.5,0.7,,,,0.0,,,TRUE
9,Nutrigrain de fresa,1/2,pieza,19,19,69,1.0,1.5,13.0,0.7,0.0,0.0,0.0,6.5,0.5,,,,,,,30.0,,0.0,,,TRUE
9,Nutrigrain sabor fresa,1/2,pieza,19,19,69,1.0,1.5,13.0,0.7,0.0,0.0,0.0,6.5,0.5,,,,,,,30.0,,0.0,,,TRUE
9,Nutritas variedad de sabores,1/2,bolsita,17,17,67,1.4,1.4,12.3,,,,,0.5,0.5,,,,,,,99.0,,0.0,,,TRUE
9,Ñame,100,gramos,100,86,66,1.9,0.1,15.1,0.0,0.0,0.0,0.0,,0.4,,7.7,19.8,11.2,0.4,701.8,7.7,,0.0,,,TRUE
9,Oblea,4,pieza,16,16,68,1.7,0.1,13.5,0.0,0.0,0.0,0.0,2.0,0.7,,,,,,,46.2,,0.0,,,TRUE
9,Obleas con pepita,3,pieza,21,21,84,2.1,1.2,16.4,0.0,0.0,0.0,0.0,,0.2,,,,8.5,1.1,,17.1,,0.0,,,TRUE
9,Palanqueta de amaranto,1/2,pieza,20,20,72,3.2,1.7,16.6,,,,,11.2,0.6,,,,,,,,,0.0,,,TRUE
9,Palanqueta de amaranto con pasas,1/3,pieza,13,13,52,1.0,,11.2,,,,,,,,,,,,,,,0.0,,,TRUE
9,Palitos de pan,3,pieza,18,18,74,2.2,1.7,12.3,0.3,0.6,0.6,0.0,,0.5,,,5.4,3.6,0.8,22.5,117.9,21.6,0.0,,,TRUE
9,Palomitas,2.5,taza,18,18,70,3.5,0.0,14.0,0.0,0.0,0.0,0.0,,3.5,,,,,,35.0,140.0,,0.0,55.0,10.0,TRUE
9,Palomitas acarameladas,1/2,taza,18,18,76,0.7,2.3,13.9,0.7,0.5,0.8,1.0,6.9,0.9,2.0,,0.5,7.5,0.3,19.0,36.0,14.5,0.0,,,TRUE
9,Palomitas acarameladas sin grasa,3/4,taza,19,19,69,1.7,0.0,10.0,0.0,0.0,0.0,0.0,0.6,0.0,,,,,,,131.3,,0.0,,,TRUE
9,Palomitas fat free,2.5,taza,18,18,70,3.5,0.0,14.0,0.0,0.0,0.0,0.0,,3.5,,,,,,35.0,140.0,,0.0,,,TRUE
9,Palomitas naturales,2.5,taza,18,18,70,3.5,0.0,14.0,0.0,0.0,0.0,0.0,,3.5,,,,,,35.0,140.0,,0.0,,,TRUE
9,Palomitas sin grasa,2.5,taza,18,18,70,3.5,0.0,14.0,0.0,0.0,0.0,0.0,,3.5,,,,,,35.0,140.0,,0.0,,,TRUE
9,Pambazo,1/2,pieza,25,25,67,2.5,1.0,12.5,0.2,0.0,0.0,0.0,1.0,1.5,,,,10.5,0.3,28.0,142.3,31.8,0.0,,,TRUE
9,Pan 5 granos,1,rebanada,25,25,62,2.4,2.1,9.6,0.0,0.0,0.0,0.0,,1.6,,,,,,,83.0,,0.0,,,TRUE
9,Pan 7 granos,1,rebanada,26,26,65,2.6,1.0,12.1,0.2,0.4,0.2,0.0,,1.7,,,12.0,24.0,0.9,53.0,127.0,46.0,0.0,55.0,14.0,TRUE
9,Pan ácimo,1/3,pieza,20,20,57,1.3,1.0,11.1,0.2,0.4,0.3,3.6,,0.5,9.9,,2.0,16.2,0.5,52.8,78.9,22.4,0.0,,,TRUE
9,Pan árabe,1/3,pieza,20,20,54,1.8,0.2,11.0,0.0,0.0,0.1,0.0,0.3,0.4,,,,17.0,0.5,23.8,106.1,19.2,0.0,,,TRUE
9,Pan árabe integral,1/3,pieza,21,21,56,2.1,0.6,11.6,0.1,0.1,0.2,0.0,,1.6,,,7.3,3.3,0.6,36.0,112.2,38.0,0.0,,,TRUE
9,Pan bagel dulce,1/3,pieza,23,23,64,2.3,0.4,12.9,0.1,0.0,0.2,0.0,,0.5,2.0,,5.0,4.3,0.9,35.6,75.6,18.2,0.0,,,TRUE
9,Pan bagel integral,1/3,pieza,23,23,60,2.5,0.3,12.5,0.0,0.0,0.0,0.0,,0.8,,,,,,,118.8,,0.0,,,TRUE
9,Pan bagel salado,1/3,pieza,23,23,64,2.5,0.4,12.5,0.1,0.0,0.2,0.0,,0.5,,,5.3,17.5,0.8,23.8,125.1,22.4,0.0,,,TRUE
9,Pan baguette,1/7,pieza,27,27,72,2.2,1.0,13.4,0.2,0.4,0.2,0.0,1.0,0.6,,,9.7,29.2,0.8,32.4,145.8,25.9,0.0,,,TRUE
9,Pan birote,1/3,pieza,22,22,67,2.1,0.0,14.1,0.0,0.0,0.0,0.0,,0.1,,,,9.1,0.3,24.3,123.3,27.5,0.0,,,TRUE
9,Pan blanco,1,rebanada,27,27,71,2.2,0.8,13.6,0.2,0.1,0.2,0.1,,0.5,,,27.8,101.3,1.1,32.4,149.9,25.9,0.0,70.0,19.0,TRUE
9,Pan cemita,1/3,pieza,23,23,66,2.0,0.5,12.7,0.1,0.2,0.1,0.6,2.1,0.4,,,,16.4,0.6,,100.7,,0.0,,,TRUE
9,Pan centeno,3/4,rebanada,24,24,62,2.0,0.8,11.6,0.2,0.3,0.2,0.0,,1.4,,,12.0,17.3,0.7,39.8,158.3,30.0,0.0,41.0,10.0,TRUE
9,Pan con salvado,3/4,rebanada,27,27,67,2.4,0.9,12.9,0.2,0.5,0.2,0.0,,1.1,,,6.8,20.3,0.8,61.5,131.3,50.3,0.0,,,TRUE
9,Pan de 5 granos,1,rebanada,25,25,62,2.4,2.1,9.6,0.0,0.0,0.0,0.0,,1.6,,,,,,,83.0,,0.0,,,TRUE
9,Pan de 7 granos,1,rebanada,26,26,65,2.6,1.0,12.1,0.2,0.4,0.2,0.0,,1.7,,,12.0,24.0,0.9,53.0,127.0,46.0,0.0,55.0,14.0,TRUE
9,Pan de avena,1,rebanada,30,30,71,3.1,1.3,11.9,0.2,0.5,0.5,0.0,,1.3,,,8.0,20.0,0.9,34.0,122.0,32.0,0.0,47.0,14.0,TRUE
9,Pan de caja,1,rebanada,27,27,71,2.2,0.8,13.6,0.2,0.1,0.2,0.1,,0.5,,,27.8,101.3,1.1,32.4,149.9,25.9,0.0,70.0,19.0,TRUE
9,Pan de caja integral,1,rebanada,25,25,67,2.4,1.0,12.6,0.3,0.2,0.3,0.1,,1.1,,,29.0,78.0,1.0,63.4,145.8,57.1,0.0,54.0,14.0,TRUE
9,Pan de centeno y comino,1,rebanada,20,20,55,1.7,0.5,11.0,0.0,0.0,0.0,0.0,,0.3,,,,,,,140.0,,0.0,41.0,8.0,TRUE
9,Pan de centeno y trigo,1,rebanada,28,28,73,2.6,0.2,15.0,0.0,0.0,0.0,0.0,,0.1,,,,10.6,0.8,40.6,156.0,,0.0,41.0,11.0,TRUE
9,Pan de girasol integral,1,pieza,25,25,57,2.1,1.4,9.7,0.2,0.3,0.9,0.0,,1.1,,,,,,,90.5,,0.0,57.0,14.0,TRUE
9,Pan de hamburguesa chico,1/2,pieza,26,26,67,2.5,1.1,12.9,0.1,0.0,0.0,0.0,1.9,0.7,,,,26.5,0.7,,111.5,,0.0,,,TRUE
9,Pan de hot dog,1/2,pieza,22,22,55,2.0,1.0,10.5,0.0,0.0,0.0,0.0,1.5,0.5,,,,10.0,0.5,,105.0,,0.0,,,TRUE
9,Pan de hot dog con ajonjolí,1/2,pieza,22,22,55,2.0,1.0,10.5,0.0,0.0,0.0,0.0,1.5,0.5,,,,10.0,0.5,,105.0,,0.0,,,TRUE
9,Pan de jengibre,1,rebanada,25,25,72,0.9,2.2,11.9,0.6,0.8,0.2,7.8,6.3,0.0,,,,18.8,0.5,46.9,115.6,,0.0,,,TRUE
9,Pan de miel y avena,1,rebanada,28,28,71,3.0,1.1,12.7,0.0,0.0,0.0,0.0,,0.9,,,,19.0,1.0,,140.0,,0.0,,,TRUE
9,Pan de plátano,3/4,rebanada,21,21,68,0.9,2.2,11.5,0.0,0.0,0.0,3.2,,0.2,,,,4.4,0.3,28.1,63.4,12.2,0.0,,,TRUE
9,Pan de trigo con arroz,3/4,rebanada,21,21,59,1.4,1.5,10.2,0.0,0.0,0.0,3.2,,0.0,,,,14.7,0.4,,85.5,,0.0,,,TRUE
9,Pan integral,1,rebanada,25,25,67,2.4,1.0,12.6,0.3,0.2,0.3,0.1,,1.1,,,29.0,78.0,1.0,63.4,145.8,57.1,0.0,54.0,14.0,TRUE
9,Pan italiano,1/3,pieza,23,23,63,2.0,0.8,11.6,0.0,0.2,0.3,0.0,0.7,0.7,,,,18.0,0.7,,127.1,,0.0,,,TRUE
9,Pan matza,1/2,pieza,14,14,56,1.4,0.2,11.9,0.1,0.0,0.1,0.0,,0.5,,,2.0,2.0,0.5,16.0,0.5,12.5,0.0,,,TRUE
9,Pan Melba,3,pieza,15,15,60,1.8,0.6,11.4,0.0,0.0,0.3,0.0,,0.9,,,3.0,15.0,0.6,30.0,123.0,30.0,0.0,70.0,11.0,TRUE
9,Pan molido,8,cdita,16,16,66,2.1,1.0,11.8,0.0,0.0,0.0,0.0,,0.3,,,,6.2,0.2,12.8,95.8,15.2,0.0,,,TRUE
9,Pan negro,1,rebanada,26,26,69,2.1,0.5,15.2,0.0,0.0,0.0,0.0,,0.3,,,,12.7,2.4,37.7,144.8,,0.0,47.0,12.0,TRUE
9,Pan negro con trigo,1,rebanada,25,25,65,2.0,0.5,14.6,0.0,0.0,0.0,0.0,,0.3,,,,,,,,,0.0,47.0,12.0,TRUE
9,Pan panini,1/2,pieza,23,23,61,1.9,0.5,11.7,0.0,0.0,0.0,0.0,0.5,0.5,,,,28.1,0.7,,89.1,,0.0,,,TRUE
9,Pan para hamburguesa chico,1/2,pieza,26,26,67,2.5,1.1,12.9,0.1,0.0,0.0,0.0,1.9,0.7,,,,26.5,0.7,,111.5,,0.0,,,TRUE
9,Pan para hamburguesa grande,1/3,pieza,25,25,65,2.4,1.1,12.5,0.1,0.0,0.0,0.0,1.8,0.6,,,,25.7,0.7,,108.2,,0.0,,,TRUE
9,Pan para pambazo,1/2,pieza,25,25,67,2.5,1.0,12.5,0.2,0.0,0.0,0.0,1.0,1.5,,,,10.5,0.3,28.0,142.3,31.8,0.0,,,TRUE
9,Pan pita,1/3,pieza,23,23,64,2.1,0.3,12.9,0.0,0.0,0.1,0.0,,0.5,,,,19.9,0.3,,123.8,,0.0,,,TRUE
9,Pan Thin,1.5,pieza,42,42,77,3.9,1.0,13.3,0.3,0.2,0.4,0.0,1.1,4.5,,,,,,,144.5,,0.0,,,TRUE
9,"Pan tipo ""English Muffin""",1/2,pieza,29,29,67,2.2,0.5,13.1,0.1,0.1,0.3,0.0,,0.8,,,10.5,49.5,0.7,37.5,132.0,38.0,0.0,77.0,22.0,TRUE
9,Pan tipo Media Noche,1/2,pieza,22,22,55,2.0,1.0,10.5,0.0,0.0,0.0,0.0,1.5,0.5,,,,10.0,0.5,,105.0,,0.0,,,TRUE
9,Pan tostado,1,rebanada,15,15,64,1.6,1.2,11.8,0.3,0.4,0.5,0.0,2.2,0.1,,,,13.5,0.9,15.6,88.1,21.8,0.0,,,TRUE
9,Panqué fat-free,1/2,rebanada,25,25,71,1.4,0.3,15.3,0.1,0.1,0.1,0.0,8.6,0.3,7.3,,17.5,10.8,0.5,27.5,85.3,27.5,0.0,,,TRUE
9,Papa al horno con cáscara,1/2,pieza,78,78,73,1.5,0.1,16.8,0.0,0.0,0.0,0.0,1.3,1.2,,10.0,7.0,3.9,0.3,305.0,3.9,44.4,0.0,60.0,47.0,TRUE
9,Papa al horno sin cáscara,1/2,pieza,78,78,73,1.6,0.1,16.8,0.0,0.0,0.1,0.0,1.4,1.2,,10.0,7.0,4.0,0.3,305.0,4.0,39.0,0.0,,,TRUE
9,Papa cocida,1/2,pieza,68,68,59,1.3,0.1,13.7,0.0,0.0,0.1,0.0,0.6,1.2,,9.1,7.1,3.5,0.2,257.9,2.5,29.7,0.0,54.0,37.0,TRUE
9,Papa cocida sin cáscara,1/2,pieza,68,68,58,1.2,0.1,13.7,0.0,0.0,0.0,0.0,0.6,1.2,,13.4,6.1,5.4,0.2,223.0,3.4,31.6,0.0,,,TRUE
9,Papa de agua,1,pieza,95,78,71,2.6,0.2,15.5,0.0,0.0,0.0,0.0,,0.4,,3.9,,14.8,1.6,,,,0.0,,,TRUE
9,Papa de cambray,5,pieza,115,94,72,1.5,0.1,16.5,0.0,0.0,0.0,0.0,,0.5,,14.1,12.3,12.3,2.5,512.0,5.7,,0.0,,,TRUE
9,Papa hervida con piel,1/2,pieza,68,68,59,1.3,0.1,13.7,0.0,0.0,0.1,0.0,0.6,1.2,,9.1,7.1,3.5,0.2,257.9,2.5,29.7,0.0,65.0,44.0,TRUE
9,Papa hervida pelada,1/2,pieza,68,68,58,1.2,0.1,13.7,0.0,0.0,0.0,0.0,0.6,1.2,,13.4,6.1,5.4,0.2,223.0,3.4,31.6,0.0,,,TRUE
9,Papa picada,3/4,taza,128,105,72,1.8,0.1,16.4,0.0,0.0,0.0,0.0,1.2,2.5,,17.8,18.8,9.4,0.5,425.5,6.3,,0.0,,,TRUE
9,Papa roja cruda,1/2,pieza,85,85,60,1.6,0.1,13.5,0.0,0.0,0.0,0.0,0.9,1.4,,16.7,15.3,8.5,0.6,386.8,5.1,39.5,0.0,,,TRUE
9,Papas hojuelas para puré,20,gramos,20,20,71,1.7,0.1,16.2,0.0,0.0,0.0,0.0,0.7,1.3,,,9.2,5.4,0.2,219.6,20.8,,0.0,,,TRUE
9,Papel de arroz,5,pieza,20,20,63,0.0,0.0,15.5,0.0,0.0,0.0,0.0,,0.0,,,,7.0,0.4,,100.8,,0.0,,,TRUE
9,Papilla de arroz,1/2,taza,17,17,67,1.4,0.5,14.1,0.0,0.0,0.0,0.0,0.2,1.1,,7.5,2.5,9.1,7.9,63.7,2.0,20.0,0.0,,,TRUE
9,Papilla de arroz deshidratada,15,gramos,15,15,59,1.1,0.7,11.6,0.0,0.0,0.0,0.0,,0.1,,,3.6,127.5,7.1,57.8,4.8,,0.0,,,TRUE
9,Papilla de avena deshidratada,15,gramos,15,15,56,1.0,0.2,12.0,0.0,0.0,0.0,0.0,,0.1,,,,128.7,7.5,31.2,41.0,,0.0,,,TRUE
9,Papilla de maíz deshidratada,3/4,sobre,21,21,72,1.8,0.2,16.6,0.0,0.0,0.1,0.0,0.1,1.1,,,1.5,4.5,6.6,30.8,228.8,23.3,0.0,,,TRUE
9,Pasta cocida,1/2,taza,60,60,78,3.2,1.1,14.0,0.2,0.3,0.3,24.2,,0.0,10.5,,11.6,6.3,0.7,12.6,49.5,30.5,0.0,44.0,26.0,TRUE
9,Pasta con huevo,1/3,taza,15,15,57,1.9,0.6,11.0,0.1,0.3,0.0,0.0,,0.0,9.8,,,5.2,0.4,,0.7,,0.0,,,TRUE
9,Pasta cruda para sopa,20,gramos,20,20,68,1.9,0.1,14.6,0.0,0.0,0.0,0.0,,0.4,,,5.0,5.2,0.4,39.4,0.4,,0.0,,,TRUE
9,Pasta de codito,1/2,taza,20,20,74,2.5,0.2,15.0,0.0,0.0,0.1,0.0,,0.1,,,5.0,5.4,0.3,39.4,0.4,,0.0,,,TRUE
9,Pasta de estrellitas,1/4,taza,19,19,69,2.3,0.2,14.1,0.0,0.0,0.1,0.0,,0.1,,,4.7,5.1,0.2,36.9,0.4,,0.0,,,TRUE
9,Pasta de lagrimitas,1/4,taza,19,19,69,2.3,0.2,14.1,0.0,0.0,0.1,0.0,,0.1,,,4.7,5.1,0.2,36.9,0.4,,0.0,,,TRUE
9,Pasta de letras,1/4,taza,19,19,69,2.3,0.2,14.1,0.0,0.0,0.1,0.0,,0.1,,,4.7,5.1,0.2,36.9,0.4,,0.0,,,TRUE
9,Pasta de moño,1/2,taza,20,20,74,2.5,0.2,15.0,0.0,0.0,0.1,0.0,,0.1,,,5.0,5.4,0.3,39.4,0.4,,0.0,,,TRUE
9,Pasta de municiones,1/4,taza,19,19,69,2.3,0.2,14.1,0.0,0.0,0.1,0.0,,0.1,,,4.7,5.1,0.2,36.9,0.4,,0.0,,,TRUE
9,Pasta de trigo cocida,1/2,taza,60,60,78,3.2,1.1,14.0,0.2,0.3,0.3,24.2,,0.0,10.5,,11.6,6.3,0.7,12.6,49.5,30.5,0.0,,,TRUE
9,Pasta de trigo fresca,25,gramos,25,25,72,2.8,0.6,13.7,0.1,0.1,0.2,18.3,,0.0,,,44.0,3.8,0.8,44.8,6.5,40.8,0.0,,,TRUE
9,Pasta fresca,25,gramos,25,25,72,2.8,0.6,13.7,0.1,0.1,0.2,18.3,,0.0,,,44.0,3.8,0.8,44.8,6.5,40.8,0.0,,,TRUE
9,Pasta integral cocida,1/3,taza,46,46,57,2.5,0.3,12.3,0.0,0.0,0.1,0.0,,2.1,,,2.3,6.9,0.5,20.5,1.3,41.3,0.0,,,TRUE
9,Pasta para sopa cruda,20,gramos,20,20,65,2.7,0.1,14.5,0.0,0.0,0.0,0.0,,0.4,,,,10.4,0.5,62.4,1.6,45.0,0.0,,,TRUE
9,Pasta tornillo cocida,1/3,taza,15,15,57,1.9,0.6,11.0,0.1,0.3,0.0,0.0,,0.0,9.8,,,5.2,0.4,,0.7,,0.0,,,TRUE
9,Pastel ángel,1,rebanada,28,28,73,1.7,0.2,16.4,0.0,0.0,0.1,0.0,,0.4,,,1.0,40.0,0.2,26.0,212.0,66.0,0.0,67.0,19.0,TRUE
9,Peneques,2,pieza,26,26,58,1.5,0.4,12.3,0.0,0.1,0.2,0.0,,1.2,0.5,,,28.1,0.7,,,,0.0,,,TRUE
9,Pinole,15,gramos,15,15,58,1.6,0.9,11.3,0.0,0.0,0.0,0.0,,0.0,,,,11.9,1.2,,,37.5,0.0,,,TRUE
9,Populares,2,pieza,17,17,62,1.2,0.5,13.1,0.2,0.2,0.2,0.0,4.7,0.4,,,36.1,,1.3,,97.5,,0.0,,,TRUE
9,Pretzels,6,pieza,18,18,69,1.7,0.6,14.5,0.1,0.3,0.2,0.0,,0.6,,,15.4,6.4,0.8,26.4,312.4,20.6,0.0,83.0,15.0,TRUE
9,Puré de camote,1/4,taza,60,60,60,1.2,0.1,13.8,0.0,0.0,0.0,0.0,,1.0,900.2,3.0,0.1,18.0,0.8,125.1,44.6,31.0,0.0,,,TRUE
9,Puré de camote con naranja,1/4,taza,50,50,77,0.2,0.0,19.0,0.0,0.0,0.0,0.0,,0.0,,1.7,,4.2,0.1,42.2,5.2,4.9,0.0,,,TRUE
9,Puré de papa hojuelas,1/3,taza,20,20,70,1.7,0.1,16.1,0.0,0.0,0.0,0.0,0.7,1.3,,,9.1,5.3,0.2,217.4,20.6,,0.0,,,TRUE
9,Quaker Instant 0% Azúcar,1/2,sobre,18,18,60,1.5,0.7,11.8,0.2,0.3,0.2,0.0,2.0,1.8,,,,,,,85.1,,0.0,,,TRUE
9,Quinoa cruda,20,gramos,20,20,74,2.8,1.2,12.8,0.1,0.3,0.7,0.0,,1.4,0.2,,,9.4,0.9,,0.9,,0.0,,,TRUE
9,Quinoa inflada,1/2,taza,17,17,60,0.6,0.1,14.1,0.0,0.0,0.0,0.0,,0.6,,,,,,,1.8,,0.0,,,TRUE
9,Raíz de chayote,100,gramos,100,80,63,1.6,0.2,14.2,0.0,0.0,0.0,0.0,,0.3,,15.2,,5.6,0.6,,,,0.0,,,TRUE
9,Sagú,55,gramos,55,44,70,1.1,0.0,16.3,0.0,0.0,0.0,0.0,,0.8,,4.0,,8.8,1.4,,,,0.0,,,TRUE
9,Saladitas,5,pieza,16,16,68,1.5,1.8,11.4,0.9,0.6,0.3,0.0,0.5,0.5,,,38.0,,1.3,,231.3,,0.0,,,TRUE
9,Saladitas integrales,9,pieza,18,18,70,1.6,1.9,11.5,0.9,0.7,0.3,0.0,0.5,1.5,,,38.8,,1.6,,252.0,,0.0,,,TRUE
9,Salvado de avena,3,cda,27,27,62,4.4,1.8,16.8,0.3,0.6,0.7,0.0,0.4,3.9,,,,14.9,1.4,,1.1,,0.0,,,TRUE
9,Salvado de maíz,6,cda,29,29,64,2.4,0.2,24.4,0.0,0.1,0.1,0.0,,24.4,2.3,,1.1,12.5,0.8,12.5,2.3,20.5,0.0,,,TRUE
9,Salvado de trigo,8,cda,31,31,66,4.8,1.3,19.8,0.2,0.2,0.7,0.0,0.7,13.1,,,24.5,22.5,3.2,362.6,1.0,310.5,0.0,,,TRUE
9,Sémola de maíz preparada,1/2,taza,121,121,72,1.7,0.3,15.6,0.1,0.1,0.1,0.0,0.1,0.4,,,,3.5,0.2,,2.5,,0.0,,,TRUE
9,Sernollna,20,gramos,20,20,72,2.5,0.2,14.6,0.0,0.0,0.1,0.0,,0.8,,,14.3,3.3,0.9,37.1,0.2,27.1,0.0,,,TRUE
9,Sopa Instant Ramen sin preparar,50,gramos,50,50,67,2.0,1.0,11.3,0.3,0.0,0.0,0.0,1.3,0.7,,,,,1.4,,493.5,,0.0,,,TRUE
9,Sorgo,1.5,cda,18,18,61,2.0,0.6,13.4,0.1,0.2,0.2,0.0,,0.0,,,,5.1,0.8,63.0,1.1,51.8,0.0,,,TRUE
9,Tallarín cocido,1/3,taza,16,16,60,2.0,0.3,12.1,0.0,0.0,0.0,0.0,,0.1,62.2,,,10.2,0.5,,,,0.0,,,TRUE
9,Tallarín crudo,20,gramos,20,20,74,2.5,0.2,15.0,0.0,0.0,0.1,0.0,,0.1,,,5.0,5.4,0.3,39.4,0.4,,0.0,,,TRUE
9,Tallarines estilo japonés,1/2,taza,20,20,69,2.9,0.2,15.0,0.0,0.0,0.0,0.0,0.4,0.7,,,,14.7,0.3,,20.1,,0.0,,,TRUE
9,Tapioca,2,cda,19,19,65,0.0,0.0,16.2,0.0,0.0,0.0,0.0,,0.0,,,,,,,,,0.0,70.0,14.0,TRUE
9,Telera,1/3,pieza,23,23,62,1.8,0.8,11.5,0.2,0.4,0.2,0.0,0.8,0.6,,,8.3,24.9,0.7,27.7,124.7,22.2,0.0,,,TRUE
9,Tortilla,1,pieza,30,30,64,1.4,0.5,13.6,0.1,0.2,0.3,0.0,,0.6,6.0,,,58.8,0.8,,,,0.0,52.0,16.0,TRUE
9,Tortilla burrera,1,pieza,30,30,76,2.3,0.4,16.0,0.1,0.0,0.0,0.0,,0.8,,,,,,,95.8,,0.0,,,TRUE
9,Tortilla de maíz,1,pieza,30,30,64,1.4,0.5,13.6,0.1,0.2,0.3,0.0,,0.6,6.0,,,58.8,0.8,,,,0.0,52.0,16.0,TRUE
9,Tortilla de maíz amarillo,1,pieza,32,32,68,1.5,0.6,14.5,0.1,0.2,0.3,0.0,,0.7,6.4,,,62.7,0.8,,,,0.0,,,TRUE
9,Tortilla de maíz azul o negro,1,pieza,32,32,70,1.6,0.9,14.1,0.1,0.3,0.4,0.0,,0.3,1.0,,,40.0,0.8,48.3,0.2,26.2,0.0,,,TRUE
9,Tortilla de maíz blanco,1,pieza,30,30,67,1.8,0.5,14.2,0.0,0.1,0.2,0.0,,1.3,0.6,,,32.4,0.8,,,,0.0,52.0,16.0,TRUE
9,Tortilla de maíz y soya,1,pieza,33,33,75,2.2,1.4,13.8,0.1,0.4,0.7,0.0,,0.7,,,,42.2,1.6,,,,0.0,,,TRUE
9,Tortilla de maíz y trigo,1,pieza,32,32,73,3.2,0.5,14.9,0.1,0.1,0.3,0.0,,1.4,,,,32.6,0.7,,,,0.0,,,TRUE
9,Tortilla de nopal,3,pieza,69,69,60,3.2,1.2,13.1,0.1,0.3,0.6,0.0,,9.0,13.8,,,135.2,1.8,,,,0.0,,,TRUE
9,Tostada de maiz horneada,2,pieza,20,20,73,2.0,1.3,16.0,0.0,0.3,0.7,0.0,,2.0,,,,,,,,,0.0,,,TRUE
9,Tostada de nopal horneada,2,pieza,20,20,67,1.3,1.3,15.3,0.0,0.3,0.7,0.0,,2.7,,,,,,,,,0.0,,,TRUE
9,Trigo,1.5,cda,21,21,71,2.2,0.5,15.4,0.0,0.0,0.0,0.0,,0.7,,,,12.2,0.2,77.7,0.6,,0.0,,,TRUE
9,Trigo cocido,1.5,cda,21,21,70,2.2,0.5,15.1,0.0,0.0,0.0,0.0,,0.7,,,,12.0,0.2,76.3,0.6,,0.0,,,TRUE
9,Trigo entero,2,cda,19,19,63,2.0,0.5,13.8,0.0,0.0,0.0,0.0,,0.6,,,,10.9,0.2,69.4,0.6,,0.0,,,TRUE
9,Trigo negro,20,gramos,20,20,69,2.3,0.5,13.8,0.1,0.2,0.2,0.0,,2.1,,,,63.8,,,64.0,,0.0,,,TRUE
9,Trigo triturado,1.5,cda,20,20,66,2.1,0.5,14.3,0.0,0.0,0.0,0.0,,0.6,,,,11.3,0.2,72.2,0.6,,0.0,,,TRUE
9,Uchepos,1/4,pieza,44,44,74,1.0,0.4,17.3,0.0,0.0,0.0,0.0,,0.4,,,,28.3,0.2,,,,0.0,,,TRUE
9,Wonton,26,gramos,26,26,76,2.5,0.4,15.1,0.1,0.1,0.2,2.3,,0.5,1.0,,,12.2,0.9,,148.7,,0.0,,,TRUE
9,Yuca,1/4,pieza,88,60,72,0.6,0.4,16.8,0.1,0.1,0.0,0.0,,0.7,0.6,11.3,,30.9,1.4,454.6,4.8,,0.0,,,TRUE
9,Yuquilla,150,gramos,150,129,68,5.3,0.0,12.4,0.0,0.0,0.0,0.0,,1.5,,6.5,,65.8,15.7,,,,0.0,,,TRUE
8,Amaranto acaramelado,1/2,taza,32,32,122,1.6,3.2,21.6,0.0,0.0,0.0,0.0,13.6,1.6,,,,,,,,,0.0,,,TRUE
8,Aros de cebolla,2.5,pieza,38,38,104,1.6,5.4,12.7,0.8,1.1,2.9,0.0,1.9,0.8,,0.6,,11.6,0.5,,138.8,,0.0,,,TRUE
8,Banderillas,1/2,pieza,38,38,108,3.0,5.4,11.8,1.2,2.0,1.7,14.6,4.4,0.5,,,,19.9,0.7,,301.1,,0.0,,,TRUE
8,Barcel churritos chile y limón,1/3,bolsa,17,17,95,1.0,6.3,8.6,2.0,2.0,2.3,0.0,,0.7,,,,,,,141.9,,0.0,,,TRUE
8,Barra All Bran,3/4,pieza,30,30,116,2.3,5.3,15.0,2.5,2.0,0.8,7.5,6.8,5.3,,,,,,,48.8,,0.0,,,TRUE
8,Barra de amaranto sabor chocolate,2,pieza,28,28,99,1.6,3.6,15.2,0.8,0.0,0.0,0.0,8.8,3.6,,,,,,,2.1,,0.0,,,TRUE
8,Barra de chocolate amaranto,2,pieza,28,28,99,1.6,3.6,15.2,0.8,0.0,0.0,0.0,8.8,3.6,,,,,,,2.1,,0.0,,,TRUE
8,Barra de fruta con avena fresa,30,gramos,30,30,120,1.6,4.8,17.7,,,,,9.3,1.9,,,,,,,54.9,,0.0,,,TRUE
8,Barra de fruta Quaker Sabor Fresa,3/4,pieza,23,23,90,1.2,3.6,13.3,1.1,2.0,0.5,3.8,7.0,1.4,,,,,,,41.3,,0.0,,,TRUE
8,Barra de granola,3/4,pieza,21,21,101,2.2,4.2,13.7,0.5,0.9,2.6,0.0,,1.1,3.0,,5.3,12.8,0.6,71.3,62.3,59.3,0.0,,,TRUE
8,Barra Kellogg's® Special K® Nut Bar Arándanos,1,barra,33,33,142,4.2,6.7,16.3,1.1,,,,9.0,2.4,200.0,15.0,47.9,150.2,,,46.9,,,,,TRUE
8,Barra Kellogg's® Special K® Nut Bar Caramelo-Canela,1,barra,30,30,146,4.9,9.0,11.4,2.5,,,,5.8,2.4,200.1,15.0,48.0,150.0,,,39.0,,,,,TRUE
8,Barra Kellogg's® Special K® Nut Bar Sabor a chocolate oscuro,1,barra,33,33,162,4.2,9.4,15.1,3.4,,,,8.4,1.9,200.0,15.0,47.9,150.2,,,55.1,,,,,TRUE
8,Barra Kellogg's® Special K® Proteína,1,barra,40,40,169,10.0,8.8,12.5,3.0,,,,8.7,3.7,200.0,15.0,48.0,150.0,,,100.4,,,,,TRUE
8,Barra multigrano linaza,20,gramos,20,20,99,1.9,4.8,12.0,2.1,1.8,0.9,8.1,3.4,1.4,,,,,,,36.9,,0.0,,,TRUE
8,Barras Chewy para Niños Varios Sabores,1,paquete,23,23,95,1.6,2.3,17.0,,,,,6.2,1.5,,,,,,,69.9,,0.0,,,TRUE
8,Barrita de granola con cacahuate,1/3,pieza,19,19,87,1.4,5.0,11.0,1.2,0.0,0.0,0.0,5.9,0.7,,,,9.6,0.2,,31.7,,0.0,,,TRUE
8,Barrita de granola con choco chip,1,pieza,28,28,119,2.1,4.7,19.6,2.9,1.0,0.6,0.0,,1.4,1.0,,6.0,26.0,0.7,96.0,77.0,65.0,0.0,,,TRUE
8,Barrita de granola con pasitas y nuez,3/4,pieza,21,21,97,1.7,4.4,13.5,2.0,0.9,1.2,0.0,,1.2,0.8,,6.8,18.0,0.5,83.3,54.0,51.0,0.0,,,TRUE
8,Barrita de granola cubierta con chocolate,3/4,pieza,21,21,98,1.2,5.3,13.4,3.0,1.7,0.4,0.8,,0.8,1.5,,5.3,21.8,0.5,66.0,42.0,42.0,0.0,,,TRUE
8,Barritas de fresa,1/3,pieza,21,21,97,1.1,3.9,14.4,1.0,2.4,0.5,0.0,,0.3,79.2,7.9,26.4,,1.0,,36.6,,0.0,50.0,11.0,TRUE
8,Barritas Marinela,20,gramos,20,20,91,0.7,3.8,13.4,2.1,1.4,0.3,0.0,5.9,0.2,,,,,,,32.5,,0.0,,,TRUE
8,Barritas Marinela Fresa,3/4,pieza,25,25,116,1.5,4.9,16.5,3.0,1.5,0.4,0.0,6.7,0.0,,,,,,,37.5,,0.0,,,TRUE
8,Barritas Marinela Piña,3/4,pieza,25,25,116,1.5,4.9,16.5,3.0,1.5,0.4,0.0,6.7,0.0,,,,,,,37.5,,0.0,,,TRUE
8,Base para pay,20,gramos,20,20,110,1.0,8.0,9.0,2.0,0.0,0.0,0.0,,0.0,,,,,0.4,,150.0,,0.0,,,TRUE
8,Bigote relleno de chocolate,1/3,pieza,21,21,93,1.5,4.6,11.3,1.9,1.4,1.3,7.4,4.8,0.4,,,,,,,55.2,,0.0,,,TRUE
8,Bigotes de cajeta,1/3,pieza,22,22,103,2.4,5.0,9.0,1.0,1.2,0.5,14.5,,0.0,,,23.1,39.6,0.4,0.1,131.5,,0.0,,,TRUE
8,Bigotes de chocolate,1/3,pieza,22,22,103,2.4,5.0,9.0,1.0,1.2,0.5,14.5,,0.0,,,23.1,39.6,0.4,0.1,131.5,,0.0,,,TRUE
8,Bigotes miniatura de cajeta,2,pieza,26,26,119,2.8,5.8,10.5,1.2,1.3,0.6,16.8,,0.0,,,26.8,45.9,0.5,0.1,152.4,,0.0,,,TRUE
8,Bimbo Bran Frut Fresa,3/4,pieza,30,30,113,1.5,4.5,17.3,2.3,1.5,0.8,0.0,7.5,2.3,,,,,,,97.5,,0.0,,,TRUE
8,Bimbo Bran Frut Piña,3/4,pieza,30,30,122,1.5,4.5,18.8,2.3,1.5,0.8,0.0,6.0,1.5,,,,,,,86.3,,0.0,,,TRUE
8,Bimbo donas azucaradas,1,pieza,26,26,110,1.0,6.0,13.0,3.0,2.0,1.0,10.0,6.0,0.0,,,,,,,119.8,,0.0,,,TRUE
8,Bimbo Doraditas,1/2,pieza,18,18,95,1.0,4.9,11.8,2.5,1.7,0.7,0.0,4.4,0.0,,,,,,,53.9,,0.0,,,TRUE
8,Bimbo Mantecadas,3/4,pieza,23,23,102,1.5,5.6,11.3,1.9,1.5,2.3,26.3,6.0,0.0,,,,,,,78.8,,0.0,,,TRUE
8,Bimbo Multigrano Chia,3/4,pieza,24,24,115,2.2,6.4,12.0,1.9,3.0,1.5,11.2,4.0,1.5,,,,,,,45.0,,0.0,,,TRUE
8,Bimbo Multigrano Linaza,3/4,pieza,24,24,107,3.0,5.2,12.0,1.5,2.3,1.5,11.3,3.0,2.3,,,,,,,48.8,,0.0,,,TRUE
8,Bimbo Multigrano Nuez,1/2,pieza,17,17,89,1.5,5.0,9.5,1.5,2.2,1.2,5.0,3.0,1.0,,,,,,,32.5,,0.0,,,TRUE
8,Bimbo Nito,1/2,pieza,31,31,123,1.5,5.0,18.0,2.2,1.2,1.5,0.0,10.0,0.5,,,,,,,80.0,,0.0,,,TRUE
8,Bimbo panquecito gotas de chocolate,1/3,pieza,23,23,91,1.6,4.3,11.9,2.0,1.0,1.3,24.7,5.6,0.0,,,,,,,69.3,,0.0,,,TRUE
8,Bimbo rol de canela glaseado,1/2,pieza,30,30,97,1.8,2.2,17.4,1.1,0.7,0.4,8.9,8.5,0.4,,,,,,,55.7,,0.0,,,TRUE
8,Bimbo Tartinas fresa,1.5,pieza,25,25,103,1.9,2.9,17.2,1.0,1.9,0.0,0.0,9.6,0.0,,,,,,,28.7,,0.0,,,TRUE
8,Bimbo Tartinas piña,1/2,pieza,25,25,103,1.9,2.9,17.2,1.0,1.9,0.0,0.0,7.6,0.0,,,,,,,28.7,,0.0,,,TRUE
8,Bimbo Tartinas zarzamora,1.5,pieza,25,25,103,1.9,2.9,17.2,1.0,1.9,0.0,0.0,9.6,0.0,,,,,,,28.7,,0.0,,,TRUE
8,Bimbuñuelos,2,pieza,30,30,120,0.9,5.8,16.0,1.8,1.3,2.7,9.1,7.3,0.0,,,,,,,103.6,,0.0,,,TRUE
8,Bisquet,1/2,pieza,33,33,118,2.0,5.4,15.8,0.8,2.2,2.0,0.0,,0.5,,,1.9,15.8,1.1,72.4,341.7,140.2,0.0,,,TRUE
8,Bocadín,2,pieza,21,21,102,0.0,6.0,12.0,4.0,1.0,1.0,0.0,8.0,0.0,,,,,,,10.0,,0.0,,,TRUE
8,Botana con proteína de amaranto,1/2,bolsa,20,20,101,1.5,5.8,10.1,0.0,0.0,0.0,0.0,,0.5,,,,,,,100.4,,0.0,,,TRUE
8,Brownie casero,1,pieza,24,24,112,1.5,7.0,12.0,1.8,2.6,2.3,18.0,,0.0,48.0,,4.0,14.0,0.4,42.0,82.0,32.0,0.0,,,TRUE
8,Brownie comercial,1/2,pieza,28,28,114,1.4,4.6,17.9,1.2,2.4,0.7,5.0,,0.6,5.5,,3.5,8.0,0.6,41.5,87.5,28.5,0.0,,,TRUE
8,Buñuelos,1.5,pieza,25,25,103,0.8,4.6,14.8,1.2,2.6,0.6,2.7,8.7,0.3,0.5,,,3.5,0.2,,15.4,,0.0,,,TRUE
8,Campechanas,1.5,pieza,23,23,107,2.2,5.2,14.0,2.1,2.3,0.8,0.0,0.9,1.2,,,,,,,16.4,,0.0,,,TRUE
8,Cazares,1,bolsa chica,26,26,120,2.2,5.5,15.3,1.0,1.5,3.0,0.0,,2.3,,,,,,,52.0,,0.0,,,TRUE
8,Centro de dona,2,pieza,30,30,113,1.1,4.5,16.4,2.0,0.0,0.0,8.4,9.6,0.6,5.1,,,33.9,0.4,,124.5,,0.0,,,TRUE
8,Chalupa,1.5,pieza,71,71,121,4.1,6.1,12.5,0.0,0.0,0.0,0.0,,0.4,,,,80.3,1.0,,47.8,,0.0,,,TRUE
8,Charutos de amaranto,1/2,bolsa,20,20,101,1.5,5.8,10.1,0.0,0.0,0.0,0.0,,0.5,,,,,,,100.4,,0.0,,,TRUE
8,Cheescake,1,rebanada,30,30,96,1.7,6.8,7.7,3.0,2.6,0.5,16.5,,0.1,,,,,,,,,0.0,,,TRUE
8,Cheetos,20,gramos,20,20,110,0.8,7.2,10.4,2.4,3.6,0.8,0.0,0.8,0.0,,,,,,,128.0,,0.0,,,TRUE
8,Cheetos Poffs,20,gramos,20,20,109,1.3,6.7,10.7,2.4,3.0,1.0,0.0,0.7,0.7,,,,,,,161.2,,0.0,,,TRUE
8,Cheetos Poffs,2/3,bolsita,20,20,109,1.3,6.7,10.7,2.4,3.0,1.0,0.0,0.7,0.7,,,,,,,161.2,,0.0,,,TRUE
8,Cheetos Torcldltos,20,gramos,22,22,119,1.5,7.3,11.7,2.6,3.7,1.1,0.0,0.7,0.7,,,,,,,132.0,,0.0,,,TRUE
8,Cheetos Torciditos,1/2,bolsita,22,22,119,1.5,7.3,11.7,2.6,3.7,1.1,0.0,0.7,0.7,,,,,,,132.0,,0.0,,,TRUE
8,Chicharrón de harina enchilado,1/2,bolsa,23,23,106,2.1,5.6,12.5,0.0,0.0,0.0,0.0,,0.9,,,,,,,,,0.0,,,TRUE
8,Chips Ahoy,2,pieza,19,19,91,1.0,4.0,12.6,2.5,1.0,0.4,0.0,6.8,0.3,,,,,,,65.9,,0.0,,,TRUE
8,Chips de plátano,3/4,bolsa chica,21,21,109,0.5,7.1,12.3,6.1,0.4,0.2,0.0,7.4,1.7,,,,,,,,,0.0,,,TRUE
8,Choco chispas,4,pieza,18,18,93,1.0,4.2,12.7,2.7,1.2,0.4,0.0,5.0,0.2,,,,,,,49.2,,0.0,,,TRUE
8,Chocorroles,1,pieza,34,34,117,1.7,5.0,19.3,2.9,0.8,0.4,12.6,13.4,0.8,,,,,,,75.4,,0.0,,,TRUE
8,Chocotorro,1/2,pieza,25,25,102,1.0,4.5,14.5,3.0,1.0,0.5,5.0,10.5,0.5,,,,,,,52.5,,0.0,,,TRUE
8,Chokis,2.5,pieza,25,25,115,1.7,5.0,15.8,3.3,1.3,0.4,0.0,9.2,0.8,,,15.8,,0.6,,108.3,,0.0,,,TRUE
8,Chokis sin azúcar,2.5,pieza,26,26,119,1.3,6.0,14.9,3.3,2.2,0.5,0.0,0.8,1.9,,,38.0,,1.7,,95.8,,0.0,,,TRUE
8,Churrito con chile,1/4,bolsa chica,23,23,109,1.5,6.8,10.5,3.7,0.0,0.0,0.0,,2.3,,,,,,,335.3,,0.0,,,TRUE
8,Churritos Barcel,1/4,paquete,15,15,83,0.8,5.5,7.7,1.7,1.9,1.7,0.0,,0.7,,,,,,,191.7,,0.0,,,TRUE
8,Churritos de nopal,1/3,bolsa chica,20,20,90,1.3,3.3,13.9,0.7,0.7,2.0,0.0,,2.6,,,,,,,66.0,,0.0,,,TRUE
8,Churros,1/2,pieza,25,25,105,1.5,5.6,12.2,2.3,1.8,0.9,7.3,5.8,0.7,1.3,0.3,,27.5,0.6,,77.3,,0.0,,,TRUE
8,Cocoles,1/3,pieza,23,23,103,2.2,5.0,12.8,0.0,0.0,0.0,0.0,,0.1,,,,,,,0.0,,0.0,,,TRUE
8,Concha de chocolate,1/3,pieza,21,21,88,2.1,3.2,12.5,1.8,1.1,0.3,0.0,3.6,0.0,,,,,,,60.8,,0.0,,,TRUE
8,Concha de vainilla,1/3,pieza,21,21,88,2.1,3.2,12.5,1.8,1.1,0.3,0.0,3.6,0.0,,,,,,,60.8,,0.0,,,TRUE
8,Concha pan dulce,1/3,pieza,21,21,87,2.3,3.7,11.1,0.0,0.0,0.0,0.0,,0.0,,,,7.9,1.0,28.5,82.4,,0.0,,,TRUE
8,Costra para pay casera,90,gramos,90,90,109,1.4,7.2,9.8,1.8,3.2,1.9,0.0,,0.4,,,,,,,,,0.0,,,TRUE
8,Costra para pay congelada,125,gramos,125,125,101,1.3,5.8,11.3,1.9,2.8,0.8,0.0,0.9,0.6,,,,,,,,,0.0,,,TRUE
8,Cremax sin azúcar,2,pieza,23,23,116,1.1,5.8,14.9,4.1,1.2,0.5,0.0,0.6,0.5,,,25.3,,1.2,,30.0,,0.0,,,TRUE
8,Croissant,1/2,pza mediana,29,29,116,2.3,6.0,13.1,3.3,1.6,0.3,19.1,3.2,0.7,58.7,0.1,37.1,10.5,0.6,33.6,133.1,29.9,0.0,,,TRUE
8,Croissant de manzana,3/4,pza mediana,43,43,109,3.2,3.7,15.9,2.1,1.0,0.3,13.3,,1.1,40.2,0.2,37.6,12.8,0.5,38.5,117.1,24.8,0.0,,,TRUE
8,Croissant de queso,1/2,pza mediana,29,29,118,2.6,6.0,13.4,3.0,1.9,0.7,16.2,3.2,0.7,58.1,0.1,29.4,15.1,0.6,37.6,102.9,37.1,0.0,,,TRUE
8,Croutones sazonados,3/4,taza,23,23,105,2.4,4.1,14.3,1.1,2.1,0.6,0.6,,1.1,1.1,,9.0,21.4,0.6,40.5,278.4,31.5,0.0,,,TRUE
8,Crujitos,1/2,bolsa chica,20,20,93,1.3,4.7,11.3,2.0,1.3,1.3,0.0,0.7,1.3,,,,,,,186.7,,0.0,,,TRUE
8,Cuernito,1/2,pza mediana,29,29,116,2.3,6.0,13.1,3.3,1.6,0.3,19.1,3.2,0.7,58.7,0.1,37.1,10.5,0.6,33.6,133.1,29.9,0.0,,,TRUE
8,Cuernito de manzana,3/4,pza mediana,43,43,109,3.2,3.7,15.9,2.1,1.0,0.3,13.3,,1.1,40.2,0.2,37.6,12.8,0.5,38.5,117.1,24.8,0.0,,,TRUE
8,Cuernito de queso,1/2,pza mediana,29,29,118,2.6,6.0,13.4,3.0,1.9,0.7,16.2,3.2,0.7,58.1,0.1,29.4,15.1,0.6,37.6,102.9,37.1,0.0,,,TRUE
8,Cuerno,1/2,pza mediana,29,29,116,2.3,6.0,13.1,3.3,1.6,0.3,19.1,3.2,0.7,58.7,0.1,37.1,10.5,0.6,33.6,133.1,29.9,0.0,,,TRUE
8,Cupcake de chocolate,1/2,pieza,30,30,105,1.0,3.5,18.0,1.0,,,2.5,13.0,1.0,,,,,,,,,0.0,,,TRUE
8,Dálmata,1/3,pieza,19,19,83,0.8,4.0,10.9,2.7,0.9,0.4,7.3,7.2,0.2,,,,,,,47.9,,0.0,,,TRUE
8,Dona,1/3,pieza,21,21,90,1.0,4.9,10.7,0.8,2.1,1.7,7.8,3.6,0.3,3.7,,1.8,9.6,0.4,27.4,117.3,57.5,0.0,76.0,16.0,TRUE
8,Dona azucarada,1/3,pieza,21,21,90,1.0,4.9,10.7,0.8,2.1,1.7,7.8,3.6,0.3,3.7,,1.8,9.6,0.4,27.4,117.3,57.5,0.0,76.0,16.0,TRUE
8,Dona con coco,1/2,pieza,25,25,102,1.2,4.8,13.4,1.7,1.0,2.1,18.8,8.0,0.5,,,,,,,60.0,,0.0,,,TRUE
8,Dona glaseada de chocolate,1/3,pieza,21,21,102,1.0,6.6,10.3,1.8,3.7,0.8,12.5,,0.4,6.5,,3.5,7.5,0.5,24.4,91.8,43.4,0.0,,,TRUE
8,Dona glaseada sabor chocolate,1/3,pieza,21,21,102,1.0,6.6,10.3,1.8,3.7,0.8,12.5,,0.4,6.5,,3.5,7.5,0.5,24.4,91.8,43.4,0.0,,,TRUE
8,Dona glaseasa,1/3,pieza,21,21,90,1.0,4.9,10.7,0.8,2.1,1.7,7.8,3.6,0.3,3.7,,1.8,9.6,0.4,27.4,117.3,57.5,0.0,76.0,16.0,TRUE
8,Dona rellena de crema,1/3,pieza,26,26,95,1.7,6.5,7.9,1.4,3.2,0.8,6.3,3.8,0.2,2.9,0.0,,6.6,0.5,,81.6,,0.0,,,TRUE
8,Dona rellena de mermelada,1/3,pieza,26,26,90,1.6,4.9,10.3,1.3,2.7,0.6,6.9,5.6,0.2,4.5,,,6.6,0.5,,120.1,,0.0,,,TRUE
8,Donas con chocolate,1/3,pieza,25,25,112,1.2,6.2,12.7,3.3,2.1,0.5,4.7,6.6,0.5,1.0,0.3,,5.9,1.0,,80.7,,0.0,,,TRUE
8,Doraditas,1/2,pieza,18,18,98,0.9,5.0,12.3,2.7,1.8,0.4,0.0,4.3,0.0,,,,,,,139.3,,0.0,,,TRUE
8,Doritos Diablo,1/3,bolsa chica,20,20,91,1.3,4.7,10.7,2.0,2.0,0.7,0.0,,2.0,,,,,,,234.8,,0.0,,,TRUE
8,Dorltos Incógnita,1/3,paquete,19,19,90,15.4,4.5,10.8,2.1,1.6,0.7,0.0,,1.0,,,,,,,196.0,,0.0,,,TRUE
8,Doritos Nacho,1/3,bolsa chica,20,20,91,1.3,4.7,10.7,2.0,2.0,0.7,0.0,0.7,1.3,,,,,,,114.1,,0.0,,,TRUE
8,Doritos Nachos,20,gramos,20,20,95,1.6,5.0,11.0,,,,,0.4,1.0,,,,,,,152.0,,0.0,,,TRUE
8,Doritos Nachos,1/3,bolsita,20,20,94,1.4,4.7,11.5,2.0,2.0,0.7,0.0,0.7,0.7,,,,,,,108.3,,0.0,,,TRUE
8,Doritos Pizzerolas,1/3,bolsa chica,20,20,91,1.3,4.7,10.7,2.0,2.0,0.7,0.0,0.7,2.0,,,,,,,147.6,,0.0,,,TRUE
8,Doritos Pizzerolas,1/3,paquete,19,19,93,1.4,4.9,10.8,2.1,1.7,0.7,0.0,0.7,1.0,,,,,,,213.5,,0.0,,,TRUE
8,Eclair de chocolate,1/2,pieza,29,29,98,1.3,4.6,12.8,0.0,0.0,0.0,12.5,,0.0,,,,5.5,0.4,17.5,32.5,20.5,0.0,,,TRUE
8,Emperador chocolate,2.5,pieza,25,25,111,1.4,4.5,16.3,2.3,1.7,0.5,0.0,8.1,0.8,,,28.5,,1.8,,104.2,,0.0,,,TRUE
8,Emperador sin azúcar,21/3,pieza,24,24,111,1.3,5.0,15.0,2.6,1.9,0.5,0.0,0.2,0.7,,,32.5,,1.6,,93.2,,0.0,,,TRUE
8,Fiber One Sabor Chocolate,1.25,pieza,31,31,103,1.2,3.7,16.2,1.9,0.0,0.0,0.0,8.7,6.2,,,,,,,99.8,,0.0,,,TRUE
8,Fiber One Sabor Canela,1.25,pieza,31,31,101,1.2,3.7,16.2,1.9,0.0,0.0,0.0,10.0,6.2,,,,,,,106.1,,0.0,,,TRUE
8,Fritos,20,gramos,20,20,110,1.6,7.2,9.6,3.2,2.8,0.8,0.0,,1.6,,,,,,,144.0,,0.0,,,TRUE
8,Fritos chile y limón,1/2,bolsa chica,20,20,103,1.3,6.7,9.3,3.0,2.7,1.0,0.0,4.0,1.3,,,,,,,120.0,,0.0,,,TRUE
8,Fritos chorizo y chipotle,1/2,bolsa chica,20,20,103,1.3,6.7,9.3,3.3,2.3,1.0,0.0,,1.3,,,,,,,146.7,,0.0,,,TRUE
8,Fritos sal y limón,1/2,bolsa chica,20,20,111,1.3,7.3,10.0,3.3,2.7,1.3,0.0,,1.3,,,,,,,100.0,,0.0,,,TRUE
8,Frituras de maíz con chile y limón,1/3,bolsa,19,19,84,0.8,5.3,8.3,0.0,0.0,0.0,0.0,,0.0,75.2,3.9,,,1.4,,218.2,,0.0,64.0,12.0,TRUE
8,Frituras de maíz con limón y sal,1/3,bolsa,19,19,84,0.8,5.3,8.3,0.0,0.0,0.0,0.0,,0.0,75.2,3.9,,,1.4,,218.2,,0.0,64.0,12.0,TRUE
8,Frultcake,3/4,rebanada,32,32,104,0.9,2.9,19.9,0.4,1.4,1.1,1.5,9.6,1.2,,,,,,,,,0.0,,,TRUE
8,Galleta con chispas de chocolate,3,pieza,21,21,105,1.3,5.3,13.8,1.6,0.0,0.0,0.0,6.6,0.7,,,,,,,72.2,,0.0,,,TRUE
8,Galleta cubierta de chocolate,1.5,pieza,21,21,103,1.2,5.0,14.2,2.3,2.0,0.3,0.0,,0.7,0.8,,2.3,12.0,0.8,44.3,61.5,28.5,0.0,,,TRUE
8,Galleta de avena,1,pieza,18,18,81,1.1,3.3,12.4,0.6,1.9,0.5,0.0,,0.5,,,1.0,7.0,0.5,26.0,69.0,25.0,0.0,,,TRUE
8,Galleta de avena Quaker con Pasas,2.5,pieza,25,25,107,1.8,4.3,15.4,1.3,2.3,0.8,0.0,6.8,2.1,,,,,,,70.8,,0.0,,,TRUE
8,Galleta de avena con pasas,2,pieza,25,25,110,1.0,5.0,15.0,1.0,3.0,1.0,0.0,,0.0,,,,,,,75.0,,0.0,,,TRUE
8,Galleta de avena Quake sin azúcar con Almendras,3,pieza,30,30,117,2.6,4.5,16.4,1.1,2.5,0.7,0.0,0.8,4.5,,,,,,,120.0,,0.0,,,TRUE
8,Galleta de avena y manzana,1,pieza,24,24,108,0.9,3.5,17.6,1.0,1.4,1.0,2.5,,0.0,,,,23.0,0.3,14.0,106.5,,0.0,,,TRUE
8,Galleta de chocolate con relleno cremoso,2.5,pieza,23,23,106,1.3,4.6,16.5,1.3,,,0.0,9.3,0.7,,,,,,,,,0.0,,,TRUE
8,Galleta de chocolate con relleno cremoso baja en grasa,3,pieza,27,27,119,1.6,3.6,20.6,0.8,,,0.0,11.1,0.8,,,,,,,,,0.0,,,TRUE
8,Galleta de crema de cacahuate,1.5,pieza,23,23,108,2.1,5.3,13.2,1.2,2.0,1.8,0.0,,0.5,1.5,,7.5,7.5,0.6,37.5,93.0,19.5,0.0,,,TRUE
8,Galleta de malvavisco con chocolate,2,pieza,26,26,110,1.0,4.4,17.6,1.2,2.4,0.6,0.0,,0.6,,,2.0,12.0,0.7,48.0,44.0,26.0,0.0,,,TRUE
8,Galleta de nuez,1.5,pieza,23,23,110,1.5,4.5,15.8,1.9,2.3,0.4,0.0,5.2,1.9,,,,,,,131.2,,0.0,,,TRUE
8,Galleta de salvado,3/4,pieza,30,30,116,2.4,6.0,13.2,0.6,3.6,1.8,6.0,6.9,4.2,,,,,,,60.9,,0.0,,,TRUE
8,Galleta integral,4,pieza,20,20,95,1.7,3.6,13.9,0.6,1.5,0.3,0.0,0.5,1.1,,,,,,,180.0,,0.0,,,TRUE
8,Galleta integral con miel,4,pieza,24,24,110,1.9,3.2,18.2,1.0,0.5,1.7,0.0,5.2,0.6,,,,,,,90.8,,0.0,,,TRUE
8,Galleta integral de miel,4,pieza,24,24,110,1.9,3.2,18.2,1.0,0.5,1.7,0.0,5.2,0.6,,,,,,,90.8,,0.0,,,TRUE
8,Galleta integral de trigo,4,pieza,28,28,113,2.4,3.9,19.1,0.0,0.0,0.0,0.0,,1.6,,,,6.4,0.1,,153.2,,0.0,,,TRUE
8,Galleta integral molida,4,cda,24,24,114,2.1,4.3,16.6,0.7,1.8,0.3,0.0,0.6,1.4,,,,,,,216.0,,0.0,,,TRUE
8,Galleta Oreo,2,pieza,18,18,86,0.9,3.8,12.2,1.8,1.2,0.6,0.0,6.8,0.4,,,,,,,84.8,,0.0,,,TRUE
8,Galleta salada cremosa,7,pieza,22,22,112,1.4,5.6,14.0,0.7,2.1,0.0,0.0,1.4,0.0,,,,,,,189.0,,0.0,,,TRUE
8,Galleta sándwich,2,pieza,21,21,91,0.8,2.1,16.5,0.4,0.8,0.0,0.0,9.1,0.8,,,,,,41.2,181.1,,0.0,,,TRUE
8,Galleta sándwich de chocolate,2,pieza,21,21,91,0.8,2.1,16.5,0.4,0.8,0.0,0.0,9.1,0.8,,,,,,41.2,181.1,,0.0,,,TRUE
8,Galleta sándwich de vainilla,2,pieza,21,21,91,0.8,2.1,16.5,0.4,0.8,0.0,0.0,9.1,0.8,,,,,,41.2,181.1,,0.0,,,TRUE
8,Galleta wafers,6,pieza,21,21,105,0.8,4.5,15.8,1.1,1.9,0.0,0.0,9.8,0.8,,,,,,,30.0,,0.0,,,TRUE
8,Galletas Canelitas,1.5,pieza,23,23,113,0.0,3.4,18.0,0.0,2.3,1.1,0.0,6.8,0.0,,,,,,,56.3,,0.0,,,TRUE
8,Galletas con almendras,1.5,pieza,21,21,113,0.8,7.4,12.8,3.4,,,,9.8,,,,,,,,,,0.0,,,TRUE
8,Galletas con chispas de chocolate,1/2,pieza,16,16,80,1.0,4.0,10.5,1.3,,,0.0,5.0,0.0,,,,,,,,,0.0,,,TRUE
8,Galletas con chispas de chocolate bajas en grasa,2,pieza,20,20,90,1.2,3.0,14.6,0.8,1.2,1.0,0.0,,0.8,,,,,,,,,0.0,,,TRUE
8,Galletas con chispas de chocolate con mantequilla caseras,1.5,pieza,24,24,117,1.4,6.8,14.0,3.5,2.0,0.1,16.5,,,,,,,,,,,0.0,,,TRUE
8,Galletas con mermelada,1.5,pieza,25,25,103,1.9,2.9,17.2,1.0,1.9,0.0,0.0,9.6,0.0,,,,,,,28.7,,0.0,,,TRUE
8,Galletas de canela,1.5,pieza,23,23,104,1.5,4.5,14.2,2.3,1.5,0.7,11.3,5.2,0.7,,,,,,,70.5,,0.0,,,TRUE
8,Galletas de manzana con pasas,1,pieza,26,26,113,1.3,4.3,17.2,0.9,1.7,0.6,2.0,8.8,0.6,,,,,,,,,0.0,,,TRUE
8,Galletas de nuez con azúcar glass,3/4,pieza,20,20,103,1.3,5.3,10.6,3.3,1.6,0.4,0.0,6.0,0.1,,,,,,,6.6,,0.0,,,TRUE
8,Galletas globitos,28,pieza,22,22,101,2.1,3.6,15.2,1.6,1.6,0.4,0.0,1.9,0.4,,,30.2,,0.6,,283.8,,0.0,,,TRUE
8,Galletas Marías Doradas,21/2,pieza,25,25,110,1.7,3.3,18.3,1.7,0.8,0.8,4.0,5.8,0.8,,,,,,,161.7,,0.0,,,TRUE
8,Gansito,25,gramos,25,25,99,1.1,3.9,14.9,2.8,0.9,0.3,7.5,10.5,0.6,,,,,,,55.5,,0.0,,,TRUE
8,Germen de trigo,1,cda,30,30,115,8.7,3.2,14.9,0.5,0.5,2.0,0.0,2.3,4.5,1.5,1.8,,13.5,2.7,,1.2,,0.0,,,TRUE
8,Gordita de maíz,3/4,pieza,35,35,107,1.5,5.7,12.9,1.0,2.3,2.1,0.0,0.2,1.0,,,,39.1,0.9,,116.3,,0.0,,,TRUE
8,Granola con almendras,3,cda,21,21,98,2.5,3.5,14.1,0.5,1.2,0.7,0.0,4.3,1.1,,,7.0,18.1,0.9,81.4,7.0,61.9,0.0,,,TRUE
8,Granola con avena y miel,3,cda,21,21,96,2.3,4.0,13.7,1.7,1.8,0.5,0.4,5.7,1.4,,,6.6,26.7,0.5,98.4,8.8,69.1,0.0,,,TRUE
8,Granola con pasitas y dátiles,3,cda,21,21,92,2.1,2.9,15.2,0.4,1.0,0.6,0.0,6.1,1.3,,,6.7,16.1,0.9,90.0,5.3,62.3,0.0,,,TRUE
8,Granola estándar,3,cda,21,21,97,2.3,4.0,14.1,0.0,0.0,0.0,0.0,,1.1,,,,,,,8.2,,0.0,,,TRUE
8,Granola Thins Nature Valley,1,pieza,17,17,80,1.0,4.0,11.0,1.5,,,0.0,6.0,1.0,,,,,,,75.0,,0.0,,,TRUE
8,Habaneras Bran Arándanos Ciruela,35,gramos,35,35,113,2.7,4.3,16.0,,,,,4.5,3.0,,,,,,,171.5,,0.0,,,TRUE
8,Harina de algodón baja en grasa,4,cda,32,32,106,15.9,0.4,11.5,0.1,0.1,0.2,0.0,,0.0,,,,,,,57.6,,0.0,,,TRUE
8,Harina de cacahuate,4,cda,32,32,105,16.7,0.2,11.1,0.0,0.1,0.1,0.0,2.6,5.1,,,,,,,13.2,,0.0,,,TRUE
8,Harina de girasol parcialmente desgrasada,4,cda,32,32,105,15.4,0.5,11.5,0.1,0.1,0.3,0.0,,1.7,,,,,,,,,0.0,,,TRUE
8,Harina de sésamo baja en grasa,4,cda,32,32,107,16.0,0.6,11.4,0.1,0.2,0.2,0.0,,0.0,,,,,,,6.4,,0.0,,,TRUE
8,Harina de soya baja en grasa,4,cda,32,32,120,14.5,2.8,11.2,0.4,0.5,1.3,0.0,3.4,5.1,,,,,,,1.0,,0.0,,,TRUE
8,Harina de soya desgrasada,4,cda,32,32,106,15.0,0.4,12.3,0.0,0.1,0.2,0.0,6.0,5.6,,,,,,,4.2,,0.0,,,TRUE
8,Harina de soya full fat,3,cda,24,24,105,8.3,4.9,8.5,0.7,1.1,2.8,0.0,1.8,2.3,,,,,,,2.2,,0.0,,,TRUE
8,Harina para churros,3,cda,24,24,87,2.6,2.0,14.6,0.6,0.5,0.9,0.0,0.9,1.5,,,,,1.0,,208.7,,0.0,,,TRUE
8,Hojaldra,1/3,pieza,28,28,115,2.3,6.0,13.0,3.3,1.6,0.3,21.4,,0.7,38.8,,8.0,10.4,0.6,33.3,210.8,29.8,0.0,,,TRUE
8,Hot cake con mantequilla congelado,1,pieza,38,38,89,2.0,2.6,14.3,0.4,0.6,1.4,6.8,3.2,0.4,172.1,0.1,,29.6,2.1,,175.2,,0.0,,,TRUE
8,Hot cake congelado,1,pieza,38,38,89,2.0,2.6,14.3,0.4,0.6,1.4,6.8,3.2,0.4,172.1,0.1,,29.6,2.1,,175.2,,0.0,,,TRUE
8,Kelloggs Nutri Grain Manzana,3/4,pieza,28,28,104,1.5,2.2,19.5,1.0,0.0,0.0,0.0,9.7,0.7,,,,,,,45.0,,0.0,,,TRUE
8,Kelloggs Nutri Grain Mora Azul,3/4,pieza,28,28,108,1.5,2.6,19.5,1.3,0.0,0.0,0.0,10.5,0.7,,,,,,,41.2,,0.0,,,TRUE
8,Kelloggs Nutri Grain Piña,3/4,pieza,28,28,105,0.7,2.6,19.5,1.3,0.0,0.0,0.0,10.5,0.7,,,,,,,41.2,,0.0,,,TRUE
8,Kinder Delice,1/2,paquete,21,21,95,1.0,5.9,9.0,3.4,,,,7.4,0.5,,,,,,,20.0,,0.0,,,TRUE
8,Macarrón con queso,1/4,taza,50,50,108,4.2,5.6,10.1,3.0,0.0,0.0,0.0,,0.0,,,,90.5,0.5,60.0,271.5,80.5,0.0,,,TRUE
8,Macarrón de coco,2,pieza,24,24,110,0.7,5.4,14.7,4.8,0.4,0.2,0.0,10.8,1.2,,,,1.2,0.2,,57.8,,0.0,,,TRUE
8,Madalena,3/4,pieza,20,20,92,1.6,4.2,8.9,2.7,1.5,1.0,32.7,,0.0,,,,,,,85.0,,0.0,,,TRUE
8,Maíz palomero con mantequilla horno de microondas,2.5,taza,38,38,115,3.5,2.6,25.4,0.5,0.0,0.0,0.0,,6.1,,,,20.0,0.2,,383.8,,0.0,,,TRUE
8,Mamut,1/2,pieza,22,22,100,1.0,4.0,15.0,3.0,0.5,0.5,0.0,9.0,0.5,,,,,,,53.0,,0.0,,,TRUE
8,Mantecada,3/4,pieza,23,23,102,1.5,5.6,11.3,1.9,1.5,2.3,26.3,6.0,0.0,,,,,,,78.8,,0.0,,,TRUE
8,Marías Gamesa Cereale Chocoplátano,20,gramos,20,20,120,1.4,2.7,12.6,,,,,4.8,1.7,,,,,,,84.0,,0.0,,,TRUE
8,Marías Gamesa Cereale Fresa,30,gramos,20,20,120,1.4,2.7,12.6,,,,,4.8,1.7,,,,,,,84.0,,0.0,,,TRUE
8,Marinela barritas de fresa,3/4,pieza,25,25,116,1.5,4.9,16.5,3.0,1.5,0.4,0.0,6.7,0.0,,,,,,,37.5,,0.0,,,TRUE
8,Marinela barritas de piña,3/4,pieza,25,25,116,1.5,4.9,16.5,3.0,1.5,0.4,0.0,6.7,0.0,,,,,,,37.5,,0.0,,,TRUE
8,Marinela Canelitas,1.5,pieza,23,23,113,0.0,3.4,18.0,0.0,2.3,1.1,0.0,6.8,0.0,,,,,,,56.3,,0.0,,,TRUE
8,Marinela Chocorroles,1,pieza,33,33,116,1.7,5.0,19.0,2.9,0.8,0.4,12.4,13.2,0.8,,,,,,,74.3,,0.0,,,TRUE
8,Marinela Dálmata,1/2,pieza,23,23,88,0.8,4.1,12.3,2.9,0.8,0.4,4.1,8.6,0.4,,,,,,,53.2,,0.0,,,TRUE
8,Marinela Gansito,1/2,pieza,23,23,92,0.9,3.7,13.3,2.8,0.7,0.2,6.9,9.7,0.5,,,,,,,52.9,,0.0,,,TRUE
8,Marinela Polvorones,1,pieza,18,18,87,1.3,3.9,11.6,0.6,1.9,1.3,0.0,3.9,0.0,,,,,,,32.4,,0.0,,,TRUE
8,Marinela Príncipe blancas,2,pieza,20,20,95,0.0,3.8,15.2,1.9,1.9,0.0,0.0,7.6,0.0,,,,,,,66.7,,0.0,,,TRUE
8,Marinela Príncipe chocolate,2,pieza,20,20,95,1.9,3.8,13.3,1.9,1.9,0.0,0.0,7.6,0.0,,,,,,,47.6,,0.0,,,TRUE
8,Marinela Príncipe mousse de limón,2,pieza,20,20,103,1.9,3.8,15.2,1.0,1.9,1.0,0.0,5.7,0.0,,,,,,,66.7,,0.0,,,TRUE
8,Marinela Triki Trakes,2,pieza,18,18,89,0.0,4.2,12.7,2.1,1.1,1.1,0.0,6.4,0.0,,,,,,,31.8,,0.0,,,TRUE
8,Muffin con mantequilla,1/3,pieza,37,37,112,2.9,3.4,18.0,1.4,0.9,0.8,7.7,,0.0,19.5,0.6,10.1,61.0,0.9,40.8,228.5,50.3,0.0,,,TRUE
8,Muffin de blueberry,1/4,pieza,28,28,107,1.3,4.5,15.0,0.8,1.6,2.0,8.5,9.3,0.3,20.6,0.3,20.6,13.0,0.4,32.5,95.8,41.0,0.0,59.0,17.0,TRUE
8,Muffin de maíz,1/3,pieza,37,37,114,2.2,3.1,19.0,0.6,1.2,1.0,19.0,2.8,1.2,13.7,,12.4,27.5,1.0,25.5,194.3,106.0,0.0,49.0,18.0,TRUE
8,Muffin de manzana,1/4,pieza,31,31,103,1.7,4.7,14.2,0.9,0.0,0.0,21.4,0.4,0.4,,0.5,,8.5,0.6,,197.6,,0.0,,,TRUE
8,Muffin de plátano,1/4,pieza,31,31,94,1.8,2.7,15.7,0.7,0.0,0.0,24.7,9.0,0.9,,1.2,,8.8,0.5,,129.9,,0.0,,,TRUE
8,Muffin integral,1/3,pieza,37,37,101,2.6,2.8,18.0,0.4,0.6,1.5,0.0,3.1,1.7,,,51.8,23.5,1.6,189.1,146.5,140.2,0.0,60.0,22.0,TRUE
8,Muffin integral con pasas,1/3,pieza,37,37,118,2.5,3.2,19.9,0.0,0.0,0.0,0.0,,2.5,,,,42.4,1.8,144.0,200.6,,0.0,,,TRUE
8,Nachos,3,pieza,21,21,106,1.7,5.5,13.3,1.1,3.2,0.8,0.8,,1.1,9.0,0.8,3.0,31.5,0.3,45.8,150.8,51.8,0.0,,,TRUE
8,Nature Valley,1/2,barra,18,18,70,1.5,2.0,12.5,0.2,,,,6.0,1.5,,,,,,,32.5,,0.0,,,TRUE
8,Nature Valley Barra granola con Manzana,1,pieza,21,21,90,1.5,3.2,13.0,0.4,2.0,0.8,0.0,5.5,1.2,,,,,,,65.0,,0.0,,,TRUE
8,Nature Valley con Cacahuate,3/5,pieza,20,20,98,2.3,4.7,11.7,1.5,0.0,0.0,0.0,4.1,0.6,,,,,,,81.6,,0.0,,,TRUE
8,"Nature Valley con chocolate oscuro, cacahuate y almendra",1/2,pieza,18,18,84,1.5,4.0,10.5,1.5,0.0,0.0,0.0,4.5,0.5,,,,,,,75.0,,0.0,,,TRUE
8,Nature Valley con frutas y almedras,1/2,pieza,18,18,76,1.5,2.1,12.9,0.3,0.0,0.0,0.0,3.6,1.0,,,,,,,33.4,,0.0,,,TRUE
8,Oreja,1/3,pieza,17,17,81,1.0,4.4,9.6,1.5,1.8,0.9,0.0,,0.2,,,13.2,,0.3,,50.8,,0.0,,,TRUE
8,Orejas de pan de dulce,1/3,pieza,17,17,81,1.0,4.4,9.6,1.5,1.8,0.9,0.0,,0.2,,,13.2,,0.3,,50.8,,0.0,,,TRUE
8,Palomitas con queso,3/4,taza,21,21,110,2.0,7.0,10.8,1.4,2.0,3.2,2.3,,2.1,9.0,,2.3,24.0,0.5,54.8,186.8,75.8,0.0,,,TRUE
8,Palomitas de chocolate,3,taza,24,24,98,1.3,3.1,18.3,1.0,0.7,1.0,0.0,11.4,2.0,0.5,,,12.2,0.7,,118.3,,0.0,,,TRUE
8,Palomitas de mantequilla,3,taza,18,18,97,1.6,5.6,10.1,2.7,2.1,0.7,0.0,0.1,1.8,1.6,,,4.1,0.4,,137.3,,0.0,,,TRUE
8,Palomitas garapiñadas,3/4,taza,21,21,91,0.8,2.7,16.6,0.8,0.6,0.9,1.1,11.2,1.1,1.7,,1.1,9.0,0.4,22.9,43.3,17.4,0.0,,,TRUE
8,Palomitas microondas Poffets Natural,3.5,taza,25,25,118,2.5,6.9,11.4,3.4,2.5,1.0,0.0,,2.5,,,,,,,171.5,,0.0,,,TRUE
8,Pan de ajo,1,pieza,28,28,93,2.0,3.9,12.3,1.0,0.0,0.0,0.0,2.5,1.0,,,,49.1,0.9,,142.5,,0.0,,,TRUE
8,Pan de ajo con queso,1,pieza,28,28,98,2.5,4.9,11.3,1.5,0.0,0.0,2.5,1.0,1.0,,,,98.2,0.7,,211.2,,0.0,,,TRUE
8,Pan de dulce miniatura,3/4,pieza,25,25,94,0.8,5.3,15.0,2.1,1.8,1.7,3.0,,0.2,,,,8.4,0.3,,276.6,,0.0,,,TRUE
8,"Pan de dulce, orejas",1/3,pieza,17,17,81,1.0,4.4,9.6,1.5,1.8,0.9,0.0,,0.2,,,13.2,,0.3,,50.8,,0.0,,,TRUE
8,Pan de jenjibre,1,rebanada,28,28,100,1.1,4.6,13.8,1.2,2.0,1.2,9.1,,,,,,,,,,,0.0,,,TRUE
8,Pan de muesli,1,rebanada,28,28,94,2.5,3.6,13.2,0.0,0.0,0.0,0.1,,1.4,,,,,,,124.9,,0.0,54.0,15.0,TRUE
8,Pan dulce integral,1/3,pieza,22,22,97,1.8,4.4,12.6,0.5,2.5,1.4,4.3,5.1,3.0,,,,,,,44.2,,0.0,,,TRUE
8,Pan focaccia,42,gramos,42,42,105,3.7,3.3,15.0,0.4,2.4,0.4,0.0,0.7,0.8,,,,14.7,1.3,,235.6,,0.0,,,TRUE
8,Pan tipo muffin con mantequilla,1/3,pieza,37,37,112,2.9,3.4,18.0,1.4,0.9,0.8,7.7,,0.0,19.5,0.6,10.1,61.0,0.9,40.8,228.5,50.3,0.0,,,TRUE
8,Pan tipo muffin de fruta,1/4,pieza,28,28,107,1.3,4.5,15.0,0.8,1.6,2.0,8.5,9.3,0.3,20.6,0.3,20.6,13.0,0.4,32.5,95.8,41.0,0.0,,,TRUE
8,Pan tipo muffin de maíz,1/3,pieza,37,37,114,2.2,3.1,19.0,0.6,1.2,1.0,19.0,2.8,1.2,13.7,,12.4,27.5,1.0,25.5,194.3,106.0,0.0,49.0,18.0,TRUE
8,Pan tipo muffin integral,1/3,pieza,37,37,101,2.6,2.8,18.0,0.4,0.6,1.5,0.0,3.1,1.7,,,51.8,23.5,1.6,189.1,146.5,140.2,0.0,60.0,22.0,TRUE
8,Panqué,1/2,rebanada,20,20,84,1.3,4.3,9.8,0.0,0.0,0.0,0.0,5.7,0.2,,,,10.4,0.3,20.2,71.4,23.8,0.0,,,TRUE
8,Panqué con mantequilla,1/2,rebanada,20,20,84,1.3,4.3,9.8,0.0,0.0,0.0,0.0,,,,,,10.4,0.3,20.2,71.4,23.8,0.0,,,TRUE
8,Panqué de limón,1,rebanada,28,28,115,2.5,6.0,13.0,1.2,0.0,0.0,19.9,7.5,0.0,,0.6,,10.1,0.5,,129.9,,0.0,,,TRUE
8,Panqué de nata,1/2,rebanada,23,23,97,1.4,5.6,10.7,3.2,1.7,0.3,39.1,,0.0,56.9,,3.4,5.5,0.4,15.7,65.0,18.7,0.0,,,TRUE
8,Panqué de salvado,1,rebanada,40,40,118,1.6,5.6,13.6,2.4,0.0,0.0,0.0,3.2,1.2,,,,19.2,0.6,,79.2,,0.0,,,TRUE
8,Panqué marmoleado,1,rebanada,28,28,106,1.8,4.0,15.8,1.3,1.3,1.3,30.7,7.9,0.0,,,,,,,87.8,,0.0,,,TRUE
8,Panquecito cubierto de chocolate,1/2,pieza,24,24,86,1.1,3.0,14.2,0.0,0.0,0.0,0.0,,0.0,,,,31.0,0.2,28.0,80.5,47.5,0.0,,,TRUE
8,Panquecito cubierto de vainilla,1/2,pieza,33,33,119,1.1,3.8,20.6,0.0,0.0,0.0,0.0,,0.0,,,,16.6,,20.1,74.0,24.2,0.0,,,TRUE
8,Panquecito de vainilla,1/2,pieza,33,33,119,1.1,3.8,20.6,0.0,0.0,0.0,0.0,,0.0,,,,16.6,0.1,20.1,74.0,24.2,0.0,,,TRUE
8,Papa congelada para freír,50,gramos,50,50,100,1.6,3.8,15.6,0.6,2.4,0.4,0.0,,1.6,,5.0,6.0,4.0,0.6,209.0,15.0,41.0,0.0,,,TRUE
8,Papa Hash Brown,1/4,taza,39,39,100,1.2,4.9,13.7,2.1,2.4,0.6,0.0,0.6,1.2,,2.0,6.2,5.5,0.2,224.6,133.4,16.5,0.0,,,TRUE
8,Papa sal,20,gramos,20,20,107,1.0,6.6,11.0,,,,,,1.0,,,,,,,116.0,,0.0,,,TRUE
8,Papas curly,3/4,pieza,47,47,112,1.1,5.6,14.1,1.4,2.8,1.4,0.0,0.6,1.1,,2.0,,,0.4,,184.3,,0.0,,,TRUE
8,Papas deshidratadas,1/4,paquete,23,23,98,0.9,5.4,11.3,2.7,2.3,0.5,0.0,1.8,0.9,,,,,,,225.0,,0.0,,,TRUE
8,Papas fritas,6,pieza,18,18,100,1.1,6.9,9.2,2.0,1.8,2.3,0.0,0.9,0.6,,5.8,1.3,4.3,0.3,181.4,118.1,30.2,0.0,76.0,14.0,TRUE
8,Papas fritas a la francesa,4,pieza,20,20,112,1.2,7.7,10.2,2.2,2.0,2.5,0.0,1.0,0.7,,6.4,1.4,4.8,0.3,201.6,131.2,33.6,0.0,,,TRUE
8,Papas fritas bajas en grasa,7,pieza,21,21,105,1.2,5.4,13.6,0.9,1.1,2.3,0.0,1.1,0.8,,5.3,5.7,7.1,0.3,211.1,89.9,41.3,0.0,,,TRUE
8,Papas fritas con crema ácida y cebolla,6,pieza,18,18,98,1.2,6.7,9.2,1.6,1.1,3.2,1.3,,0.2,3.9,7.1,4.1,11.5,0.3,89.3,129.6,32.1,0.0,,,TRUE
8,Papas fritas con queso,6,pieza,18,18,99,1.3,6.7,9.1,1.5,1.4,1.7,0.6,0.9,0.6,1.3,9.6,3.2,19.8,0.3,68.6,135.9,54.6,0.0,,,TRUE
8,Papas fritas en juliana,6,pieza,30,30,100,1.1,5.6,11.9,1.5,0.9,2.3,0.0,,1.0,,,6.6,3.6,0.5,161.7,183.9,,0.0,,,TRUE
8,Papas fritas light,10,pieza,30,30,100,1.1,5.6,11.9,1.5,0.9,2.3,0.0,,1.0,,,6.6,3.6,0.5,161.7,183.9,,0.0,,,TRUE
8,Papas fritas reducidas en grasa,3/4,bolsa chica,19,19,94,1.1,4.8,12.2,0.8,0.9,2.1,0.0,0.9,0.7,,4.7,5.1,6.4,0.3,188.4,80.3,36.8,0.0,,,TRUE
8,Papas Sabritas,20,gramos,20,20,102,0.8,6.4,10.4,3.2,2.4,0.8,0.0,,0.8,,,,,,,112.0,,0.0,,,TRUE
8,Papilla de macarrones con pollo,1.5,frasco,195,195,101,4.1,2.9,14.6,0.0,0.0,0.0,0.0,,0.6,218.4,2.0,10.5,42.9,1.0,76.1,31.2,,0.0,,,TRUE
8,Pasta de hojaldre,20,gramos,20,20,108,1.1,8.2,7.6,5.1,2.0,0.2,21.9,,0.3,,,,3.9,,,1.2,,0.0,,,TRUE
8,Pasta hojaldrada,20,gramos,20,20,108,1.1,8.2,7.6,5.1,2.0,0.2,21.9,,0.3,,,,3.9,,,1.2,,0.0,,,TRUE
8,Pasta quebrada,20,gramos,20,20,108,1.1,8.2,7.6,5.1,2.0,0.2,21.9,,0.3,,,,3.9,,,1.2,,0.0,,,TRUE
8,Pastel de chocolate,1,rebanada,28,28,104,1.5,4.2,14.8,1.5,1.7,0.8,16.2,,0.4,,0.1,,,,39.2,88.2,29.7,0.0,,,TRUE
8,Pastel de frutas,1,rebanada,28,28,91,0.8,2.5,17.3,0.3,1.2,0.9,1.3,12.0,1.0,5.2,,0.7,9.1,0.6,43.0,75.5,14.3,0.0,47.0,13.0,TRUE
8,Pastel de piña,1,rebanada,28,28,89,1.0,3.4,14.1,0.8,1.5,0.9,6.2,,,17.4,0.3,5.3,33.6,0.4,31.4,89.3,23.0,0.0,,,TRUE
8,Pastel de zanahoria con cubierta de queso crema,1/2,rebanada,28,28,112,1.1,5.7,14.6,1.1,1.9,2.5,16.5,10.8,0.3,105.5,0.2,3.2,6.9,0.3,27.5,50.6,19.6,0.0,,,TRUE
8,Pastelito con relleno cremoso y mermelada,1/2,pieza,25,25,98,1.1,3.9,14.8,2.8,0.9,0.2,7.5,10.5,0.7,,,,18.8,0.6,47.5,59.5,19.0,0.0,,,TRUE
8,Pastelito de chocolate con relleno cremoso,1,pieza,30,30,109,1.3,3.2,18.7,1.8,1.0,0.4,9.0,13.2,0.6,,,,,,,93.9,,0.0,,,TRUE
8,Pastisetas,2.5,pieza,19,19,101,1.2,5.6,11.3,3.1,1.9,0.6,0.0,3.8,0.0,,,,,,,37.5,,0.0,,,TRUE
8,Pastitas de mantequilla,2,pieza,15,15,84,0.8,4.7,9.6,3.0,1.5,0.3,60.0,3.0,0.0,24.0,,,3.0,0.3,18.0,30.0,15.0,0.0,,,TRUE
8,Pay de calabaza,1,rebanada,45,45,109,1.8,4.4,15.7,0.9,2.1,0.8,11.7,8.5,0.8,201.6,,7.2,28.8,0.4,75.2,107.6,36.5,0.0,,,TRUE
8,Pay de chocolate,1,rebanada,30,30,91,0.8,5.8,10.1,1.6,3.3,0.7,1.6,,0.6,,,2.1,10.9,0.3,38.2,40.9,20.4,0.0,,,TRUE
8,Pay de limón con merengue,1,rebanada,35,35,94,0.5,3.0,16.5,0.6,1.3,1.0,15.8,8.4,0.4,18.3,1.2,2.8,19.5,0.2,31.3,51.1,36.9,0.0,,,TRUE
8,Pay de manzana,1,rebanada,40,40,95,0.8,4.4,13.6,0.8,2.4,0.8,0.0,,0.6,12.2,1.3,1.6,4.5,0.2,25.9,106.6,9.6,0.0,,,TRUE
8,Pay de nuez,1/3,pieza,23,23,102,1.5,4.5,13.9,2.1,1.8,0.6,1.3,6.4,0.2,11.8,,3.7,5.1,0.2,22.9,77.2,19.2,0.0,,,TRUE
8,Pay de piña,1/3,pieza,28,28,108,1.0,4.9,15.1,2.6,1.9,0.4,1.3,5.3,0.1,,0.3,,6.6,0.2,27.4,120.3,21.5,0.0,,,TRUE
8,Pay de queso,1,rebanada,35,35,112,1.9,7.9,8.9,4.0,2.7,0.5,19.3,7.6,0.1,56.4,,5.3,17.9,0.2,31.5,72.6,32.4,0.0,,,TRUE
8,Pay helado de limón,1,rebanada,40,40,109,0.9,6.1,13.0,1.5,0.0,0.0,1.5,9.4,0.6,,,,12.1,0.1,,72.7,,0.0,,,TRUE
8,Pingüinos Marinela,4/9,pieza,25,25,99,1.3,3.8,15.0,1.6,1.6,0.6,12.5,11.3,0.6,,,,,,,84.4,,0.0,,,TRUE
8,Polvorón,1,pieza,18,18,87,1.7,3.9,11.5,0.0,0.0,0.0,0.0,,0.2,,0.3,,6.1,0.2,,8.2,,0.0,,,TRUE
8,Polvorones Marinela,1,pieza,18,18,87,1.3,3.9,11.6,0.6,1.9,1.3,0.0,3.9,0.0,,,,,,,32.4,,0.0,,,TRUE
8,Pop Tarts,1/3,pieza,18,18,70,1.0,1.7,12.9,0.5,0.3,0.5,0.0,7.0,0.3,,,,,,,73.5,,0.0,,,TRUE
8,Prispas,3/4,paquete,19,19,91,0.8,3.4,14.3,0.8,0.8,1.5,0.0,,0.4,,,,,,,131.3,,0.0,,,TRUE
8,Puré de papa,1/2,taza,105,105,119,2.0,4.4,17.5,1.1,1.9,1.3,2.0,1.5,1.6,21.0,6.0,8.4,25.2,0.3,300.3,332.9,48.0,0.0,74.0,78.0,TRUE
8,Quaker SDW sabor Yogurt de Fresa,2.5,pieza,24,24,101,1.7,4.1,14.3,1.2,2.3,0.7,0.0,7.2,2.0,7.2,,,,,,75.0,,0.0,,,TRUE
8,Rice Krispies Treats,1,barra,22,22,90,1.0,2.5,17.0,0.8,0.6,1.1,,8.0,0.0,,,,,,,105.0,,0.0,,,TRUE
8,Roles de canela,1/2,pieza,30,30,100,2.0,2.2,18.0,0.7,0.7,0.8,10.5,8.1,0.2,1.7,1.0,4.8,12.6,0.6,32.7,64.5,25.2,0.0,,,TRUE
8,Rollo de fresa,1,pieza,30,30,100,1.4,2.1,18.9,1.1,0.7,0.3,15.0,11.7,0.1,7.7,0.6,4.8,7.0,0.4,35.1,87.0,22.0,0.0,,,TRUE
8,Ruffles queso,1/2,bolsita,25,25,121,1.7,7.5,11.7,3.3,3.3,0.8,0.0,0.8,1.7,,5.5,,,,,241.7,,0.0,,,TRUE
8,Ruffles sal,1/3,bolsita,18,18,90,1.2,5.8,8.2,2.9,2.3,0.6,0.0,,1.2,,3.9,,,,,87.5,,0.0,,,TRUE
8,Runner sabor hot sauce,1/3,bolsa,20,20,110,1.2,6.9,10.8,3.0,2.9,0.0,0.0,,0.5,,,,,,,210.0,,0.0,,,TRUE
8,Sabritas Ligeras,20,gramos,20,20,97,1.2,4.6,12.8,,,,,,0.8,,,,,,,80.0,,0.0,,,TRUE
8,Sabrilas Ligeras Citricas,20,gramos,20,20,93,1.2,4.4,12.2,,,,,,0.8,,,,,,,148.0,,0.0,,,TRUE
8,Sabritas Ligeras Citricos con Chile,1/4,bolsita,25,25,113,2.0,5.0,15.0,2.5,2.0,0.5,0.0,,1.0,,6.0,,,,,190.0,,0.0,,,TRUE
8,Sabritas Ligeras Sal,1/4,bolsita,25,25,122,2.0,6.0,15.0,2.5,2.0,0.5,0.0,,1.0,,,,,,,100.0,,0.0,,,TRUE
8,Sabritas Sal,1/2,bolsita,23,23,119,1.5,7.5,11.3,3.8,3.0,0.8,0.0,,0.8,,5.0,,,,,112.5,,0.0,,,TRUE
8,Salsa gravie de champiñones,1,taza,230,230,116,2.9,6.2,12.6,0.9,2.6,2.3,0.0,,0.9,,,27.8,15.4,1.5,243.9,1310.5,34.0,0.0,,,TRUE
8,Salsa gravie de res,1,taza,226,226,120,8.5,5.4,10.8,2.5,2.1,0.2,7.7,,1.0,,,3.9,13.5,1.6,183.6,1265.8,67.6,0.0,,,TRUE
8,Sándwich Quaker Chocolate,30,gramos,30,30,124,2.7,5.2,16.6,,,,,7.2,2.8,,,,,,,96.0,,0.0,,,TRUE
8,Snack Mix Nabisco 100 kcal,1,paquete,22,22,99,2.0,3.0,16.0,0.5,,,,2.0,1.0,,,,,,,210.1,,0.0,,,TRUE
8,Sope de maíz,1,pieza,35,35,37,1.0,0.3,15.9,0.0,0.1,0.1,0.0,,3.3,,,,,,,7.6,,0.0,,,TRUE
8,Strudel de manzana,1,rebanada,40,40,110,1.3,4.5,16.5,1.2,2.5,0.6,11.3,10.4,0.9,3.4,0.6,2.3,6.2,0.2,38.9,107.6,13.0,0.0,,,TRUE
8,Suavicrema de chocolate,1.5,pieza,18,18,104,1.4,5.8,11.5,5.0,0.7,0.0,0.0,5.8,0.0,,,,,,,14.4,,0.0,,,TRUE
8,Suavicrema sabor fresa,1.5,pieza,18,18,104,1.4,5.8,11.5,5.0,0.7,0.0,0.0,5.8,0.0,,,,,,,14.4,,0.0,,,TRUE
8,Suavicremas sabor vainilla,1.5,pieza,18,18,86,0.0,4.3,12.0,2.6,1.7,0.0,0.0,5.1,0.0,,,,,,,17.1,,0.0,,,TRUE
8,Submarino de fresa,3/4,pieza,26,26,87,1.5,3.4,13.5,1.1,1.5,0.7,0.0,6.7,0.0,,,,,,,120.0,,0.0,,,TRUE
8,Submarino de chocolate,3/4,pieza,26,26,90,1.5,3.4,14.2,1.1,1.5,0.7,0.0,6.7,0.0,,,,,,,105.0,,0.0,,,TRUE
8,Submarino de vainilla,3/4,pieza,26,26,90,1.5,3.4,14.2,1.1,1.5,0.7,0.0,6.7,0.0,,,,,,,112.5,,0.0,,,TRUE
8,Tamal de carne,1/5,pieza,40,40,102,3.1,6.0,8.8,0.0,0.0,0.0,0.0,,0.1,,,,24.4,0.6,35.1,70.4,120.0,0.0,,,TRUE
8,Tamal de elote,1/5,pieza,40,40,86,1.1,4.3,9.9,0.0,0.0,0.0,0.0,,0.4,,,,43.2,0.3,87.3,234.3,,0.0,,,TRUE
8,Tamal de frijol,1/5,pieza,40,40,103,1.5,7.2,9.1,0.0,0.0,0.0,0.0,,0.4,,,,24.6,,,112.9,,0.0,,,TRUE
8,Tamal de queso con rajas,1/5,pieza,40,40,104,2.0,7.1,9.1,0.0,0.0,0.0,0.0,,0.4,,,,41.3,,,130.3,,0.0,,,TRUE
8,Tamal rojo,1/6,pieza,34,34,103,0.9,6.5,11.0,0.0,0.0,0.0,0.0,,0.2,,,,,,,,,0.0,,,TRUE
8,Tamal verde,1/6,pieza,34,34,103,0.9,6.5,11.0,0.0,0.0,0.0,0.0,,0.2,,,,,,,,,0.0,,,TRUE
8,Tlacoyo,1,pieza,35,35,72,4.2,5.5,14.7,0.0,0.0,0.0,0.0,,0.1,,,,16.9,,,81.0,,0.0,,,TRUE
8,Tortilla de harina,1,pieza,28,28,80,1.9,1.9,13.4,1.1,0.6,0.2,0.0,0.1,0.1,,,,19.0,0.3,,214.8,,0.0,30.0,8.0,TRUE
8,Tortilla de harina integral,1,pieza,28,28,82,2.5,2.9,11.4,1.5,1.1,0.3,0.0,0.1,1.2,,,,,,,166.9,,0.0,,,TRUE
8,Tostada,1.5,pieza,18,18,93,1.2,4.9,11.2,2.1,2.0,0.8,0.0,,1.2,,,,19.3,0.2,,131.6,,0.0,,,TRUE
8,Tostada rayada,1.5,pieza,18,18,93,1.2,4.9,11.2,2.1,2.0,0.8,0.0,,1.2,,,,19.3,0.2,,131.6,,0.0,,,TRUE
8,Tostada tipo Jalisco,1.5,pieza,18,18,93,1.2,4.9,11.2,2.1,2.0,0.8,0.0,,1.2,,,,19.3,0.2,,131.6,,0.0,,,TRUE
8,Tostitos Sal,1,porción,25,25,117,2.0,5.0,16.0,2.0,2.0,1.0,0.0,,1.0,,,,,,,80.0,,0.0,,,TRUE
8,Totopos de maiz,25,gramos,25,25,109,1.4,5.6,13.5,2.3,2.3,1.0,0.0,,1.4,5.4,,2.7,39.3,0.4,50.0,40.8,51.8,0.0,,,TRUE
8,Trenza glaseada,1/2,pieza,21,21,85,0.7,3.8,12.2,1.0,2.2,0.5,2.5,7.2,0.3,0.5,,1.5,5.5,0.3,16.0,70.5,25.0,0.0,,,TRUE
8,Wafle,1,pieza,35,35,100,2.3,3.4,15.1,0.5,1.8,0.8,4.9,1.8,0.8,133.4,,20.0,107.8,2.0,43.8,223.3,126.4,0.0,76.0,27.0,TRUE
8,Wafle con mantequilla,1,pieza,35,35,97,2.3,3.8,13.9,0.9,1.0,1.6,8.8,1.0,0.6,,0.4,17.9,17.9,1.6,40.4,184.1,,0.0,76.0,27.0,TRUE
8,Wafle estilo casero,1,pieza,31,31,86,2.0,3.3,12.4,0.8,0.8,1.4,8.1,0.8,0.4,,0.4,15.9,15.9,1.4,40.5,181.7,,0.0,76.0,24.0,TRUE
8,Wafle integral,1,pieza,35,35,84,2.3,2.9,13.2,0.7,0.7,1.3,0.0,1.3,1.4,,0.9,10.8,17.9,1.6,71.8,198.5,,0.0,,,TRUE
8,Wafle miniatura,2,pieza,40,40,112,3.0,3.9,16.3,0.9,0.0,0.0,10.8,1.3,0.9,,0.9,25.8,25.8,2.3,55.9,258.1,,0.0,,,TRUE
8,Wrap,1/2,pieza,29,29,90,2.5,1.8,15.5,0.8,0.0,0.0,0.0,0.8,1.2,,,,102.1,0.4,,196.0,,0.0,,,TRUE
17,Alubia cocida (chica o grande),1/2,taza,90,90,124,8.7,0.3,22.5,0.1,0.1,0.3,0.0,0.3,5.6,0.0,1.0,72.5,80.6,3.3,502.1,5.4,101.1,0.0,28.0,6.0,FALSE
17,Alubia cruda (chica o grande),35,gramos,35,35,117,8.1,0.3,21.1,0.1,0.0,0.0,0.0,0.7,5.3,0.0,0.0,135.8,84.0,3.7,628.3,5.6,105.4,0.0,0.0,0.0,FALSE
17,Alubia enlatada guisada,1/3,taza,86,86,99,6.3,0.3,18.3,0.0,0.0,0.1,0.0,0.3,4.2,0.0,0.0,56.2,63.1,26.0,392.5,299.9,78.7,0.0,52.0,10.0,FALSE
17,Alubia germinada,1,taza,190,190,63,9.1,1.1,8.9,0.2,0.0,0.6,0.0,0.0,,0.0,68.4,89.3,36.1,1.7,368.6,13.3,72.2,0.0,,,FALSE
17,Alverjón o chícharo soco crudo,35,gramos,35,35,119,8.6,0.4,21.1,0.1,0.1,0.1,0.0,2.8,,2.5,0.6,95.9,19.3,1.6,343.4,5.3,128.1,0.0,0.0,0.0,FALSE
17,Alverjón o chícharo seco cocido,1/2,taza,98,98,116,8.2,0.4,20.7,0.1,0.0,0.2,0.0,2.8,,0.0,0.4,63.7,13.7,1.3,3548.0,2.0,97.0,0.0,22.0,5.0,FALSE
17,Bebida vegetal Silk® Soya sin azúcar sin endulzar,1,taza,240,240,82,7.2,3.6,5.3,0.5,1.0,2.2,0.0,0.0,1.4,95.5,,,421.2,,,122.9,,,,,FALSE
17,Chícharo germinado cocido,1/2,taza,103,103,100,7.2,0.5,17.5,0.1,0.0,0.2,0.0,0.0,,5.1,6.8,36.9,26.7,1.7,274.7,3.1,24.6,0.0,,,FALSE
17,Frijol germinado cocido,1,taza,124,124,97,8.8,1.0,18.6,0.1,0.1,0.6,0.0,0.0,10.7,5.0,21.5,131.4,198.0,2.6,393.1,17.4,127.7,0.0,,,FALSE
17,Frijol germinado crudo,1.5,taza,156,156,105,9.6,1.1,20.4,0.1,0.1,0.6,0.0,0.0,,6.2,29.3,205.9,23.4,3.0,478.9,20.3,156.0,0.0,0.0,0.0,FALSE
17,Frijol molido,1/3,taza,73,73,96,6.4,0.4,17.2,0.1,0.0,0.2,0.0,0.2,6.3,4.4,0.0,108.2,19.6,1.5,257.7,0.8,101.6,0.0,,,FALSE
17,Frijol promedio cocido,1/2,taza,86,86,114,7.6,0.5,20.4,0.1,0.1,0.2,0.0,0.3,7.5,5.2,0.0,128.1,23.2,1.8,305.3,1.0,120.4,0.0,43.0,9.0,FALSE
17,Frijol promedio crudo,35,gramos,35,35,119,7.6,0.5,21.8,0.1,0.1,0.1,0.0,0.7,5.3,0.0,0.0,155.4,43.1,1.8,519.1,1.8,123.2,0.0,0.0,0.0,FALSE
17,Frijoles enteros enlatados,1/2,taza,128,128,108,6.7,0.8,18.6,0.0,0.0,0.0,0.0,2.4,6.8,0.0,1.5,46.1,43.5,1.5,303.4,378.9,115.2,0.0,45.0,8.0,FALSE
17,"Frijoles refritos, caseros o enlatados",1/3,taza,75,75,95,4.1,4.1,11.3,0.6,0.0,0.0,0.0,3.0,7.1,0.0,0.0,0.0,0.0,,,237.0,,0.0,,,FALSE
17,Gandul,40,gramos,40,34,118,6.0,0.6,22.7,0.1,0.0,0.3,0.0,0.0,2.9,1.0,0.0,155.0,52.7,1.7,473.3,5.8,,0.0,,,FALSE
17,Garbanzo cocido,1/2,taza,82,82,135,7.3,2.1,22.5,0.2,0.5,1.0,0.0,4.0,6.3,2.5,1.0,141.0,40.0,2.4,238.5,5.5,138.0,0.0,31.0,7.0,FALSE
17,Garbanzo crudo,35,gramos,35,35,127,6.8,2.2,21.2,0.2,0.5,0.9,0.0,3.7,6.1,2.5,0.0,195.0,36.8,2.2,306.3,8.4,128.1,0.0,0.0,0.0,FALSE
17,Garbanzo enlatado,1/2,taza,120,120,143,6.0,1.4,27.2,0.2,0.3,0.6,0.0,0.0,5.3,2.5,4.5,80.0,38.5,1.6,206.5,359.0,108.0,0.0,42.0,11.0,FALSE
17,Haba seca cocida,1/2,taza,85,85,94,6.5,0.3,16.7,0.0,0.0,0.0,0.0,1.5,4.6,0.9,0.3,88.4,30.6,1.3,281.4,4.3,106.3,0.0,,,FALSE
17,Haba seca cruda,1/4,taza,38,38,128,9.8,0.6,21.9,0.1,0.1,0.2,0.0,2.1,9.4,1.9,0.0,158.6,38.6,2.5,398.3,4.9,157.9,0.0,0.0,0.0,FALSE
17,Harina de frijol,3,cda,33,33,110,7.4,0.7,19.4,0.1,0.0,0.1,0.0,0.0,1.5,0.0,0.0,151.9,47.9,4.4,480.4,2.6,,0.0,0.0,0.0,FALSE
17,Harina de garbanzo,3,cda,33,33,117,6.6,2.2,18.7,0.2,0.5,0.9,0.0,0.0,1.5,0.7,0.0,12.1,32.8,2.3,287.1,8.5,,0.0,0.0,0.0,FALSE
17,Harina de haba,3,cda,33,33,114,9.1,0.6,19.1,0.1,0.1,0.2,0.0,0.0,0.6,1.6,0.0,138.8,25.6,6.0,,4.3,,0.0,0.0,0.0,FALSE
17,Harina de lenteja,3,cda,33,33,108,8.1,0.5,18.5,0.0,0.0,0.0,0.0,0.0,1.3,0.0,0.0,0.0,18.0,6.6,,0.0,80.4,0.0,0.0,0.0,FALSE
17,Harina de soya,4,cda,25,25,108,9.3,5.1,7.8,0.7,1.1,2.9,0.0,0.0,2.4,2.9,0.0,84.5,50.5,1.6,500.0,2.9,116.6,0.0,0.0,0.0,FALSE
17,Harina de soya baja en grasa,4,cda,25,25,91,12.2,2.2,7.5,0.0,0.1,0.1,0.0,2.5,2.4,0.9,0.0,74.9,69.8,1.5,629.7,4.4,145.3,0.0,0.0,0.0,FALSE
17,Harina de soya sin grasa,4,cda,22,22,81,11.2,1.5,7.9,0.0,0.1,0.1,0.0,4.4,2.1,0.8,0.0,67.3,41.4,1.3,459.8,2.0,148.5,0.0,0.0,0.0,FALSE
17,Hummus,5,cda,75,75,125,5.9,7.2,10.7,1.1,3.0,6.7,0.0,0.0,4.5,22.5,0.0,62.3,28.5,1.8,171.0,284.3,132.0,0.0,1.0,0.0,FALSE
17,Ibes o haba de lima cocido,1/2,taza,85,85,105,5.8,0.3,20.1,0.1,0.0,0.2,0.0,1.4,4.5,12.8,8.6,22.1,27.2,2.1,484.5,14.5,110.5,0.0,32.0,6.0,FALSE
17,Ibes o haba de lima crudo,90,gramos,90,90,102,6.2,0.8,18.2,0.1,0.0,0.2,0.0,1.3,4.4,8.1,0.0,355.5,30.6,2.8,420.3,7.2,122.4,0.0,0.0,0.0,FALSE
17,Lenteja cocida,1/2,taza,99,99,115,9.0,0.4,20.0,0.1,0.1,0.2,0.0,1.8,7.8,1.0,1.5,179.0,19.0,3.3,365.5,2.0,178.0,0.0,26.0,5.0,FALSE
17,Lenteja cruda,35,gramos,35,35,124,9.0,0.4,21.0,0.0,0.1,0.1,0.0,0.7,10.7,1.4,0.0,151.6,19.6,2.6,334.3,2.1,157.9,0.0,0.0,0.0,FALSE
17,Miso (soybean paste),60,gramos,60,60,120,7.1,3.6,15.9,0.0,0.0,0.0,0.0,3.6,3.2,51.4,0.0,0.0,34.3,1.5,0.0,2237.1,0.0,0.0,,,FALSE
17,Soya cocida,1/3,taza,57,57,98,9.4,5.1,5.6,0.0,0.0,0.0,0.0,1.7,3.4,0.0,0.0,0.0,57.9,2.9,292.3,0.6,139.1,0.0,18.0,1.0,FALSE
17,Soya texturizada,30,gramos,30,30,95,11.6,0.9,11.7,0.1,0.2,0.5,0.0,0.0,5.4,1.1,0.0,60.0,62.1,3.6,577.5,3.2,193.9,0.0,0.0,0.0,FALSE
4,Abulon fresco,40,gramos,40,40,42,6.8,0.3,2.4,0.1,0.0,0.0,33.9,0.0,0.0,0.9,0.8,2.0,12.2,1.3,100.0,120.5,76.0,0.0,,,FALSE
4,Acociles,50,gramos,50,35,37,7.4,0.5,0.9,,,,,,,2.8,0.0,,1137.5,2.9,,0.0,148.1,0.0,,,FALSE
4,Aguayón,30,gramos,30,30,42,6.3,1.9,0.0,0.7,0.7,0.1,18.6,0.0,0.0,1.8,0.0,2.4,1.8,0.7,107.4,18.9,53.7,0.0,,,FALSE
4,Aguayón de res,30,gramos,30,30,42,6.3,1.9,0.0,0.7,0.7,0.1,18.6,0.0,0.0,1.8,0.0,2.4,1.8,0.7,107.4,18.9,53.7,0.0,,,FALSE
4,Ahuahutle seco,10,gramos,10,10,39,6.4,0.4,0.2,,,,,,,,0.0,,10.4,1.0,,,69.3,0.0,,,FALSE
4,Alce crudo,35,gramos,35,35,36,7.8,0.3,0.0,0.1,0.1,0.1,20.7,0.0,0.0,0.0,1.4,,1.8,1.1,111.0,22.8,55.3,0.0,,,FALSE
4,Almeja chirla,50,gramos,50,50,41,7.0,0.4,0.7,0.1,0.1,0.1,15.5,0.0,0.0,0.0,0.0,0.0,0.0,1.7,117.5,18.0,0.0,0.0,,,FALSE
4,Almeja cocida,2,pieza,25,25,43,7.3,0.5,1.8,0.1,0.1,0.1,15.0,0.0,0.0,40.3,0.0,,19.5,0.7,,112.8,,0.0,,,FALSE
4,Almeja cruda mediana sin concha,4,pieza,58,58,43,7.4,0.6,1.5,0.1,0.1,0.1,19.8,0.0,0.0,52.2,7.5,9.3,26.6,8.1,182.2,32.8,98.3,0.0,,,FALSE
4,Almeja fresca sin concha,4,pieza,58,58,43,7.4,0.6,1.5,0.1,0.1,0.1,19.8,0.0,0.0,52.2,7.5,9.3,26.6,8.1,182.2,32.8,98.3,0.0,,,FALSE
4,Alón de pollo sin piel,1,pieza,55,29,37,6.4,1.0,0.0,0.3,0.2,0.2,16.6,0.0,0.0,5.2,0.3,1.2,3.8,0.3,56.6,23.6,45.2,0.0,,,FALSE
4,Anchoa fresca,30,gramos,30,30,39,6.1,1.4,0.0,0.4,0.4,0.5,18.0,0.0,0.0,4.6,0.0,2.7,44.1,1.0,114.9,31.1,52.2,0.0,,,FALSE
4,Anillos de calamar,0.25,taza,38,38,34,5.9,0.5,1.2,0.1,0.0,0.2,87.4,0.0,0.0,3.8,1.8,1.9,11.9,0.3,92.2,16.3,82.9,0.0,,,FALSE
4,Armadillo,30,gramos,30,21,35,6.1,1.1,0.0,0.0,,,,0.0,0.0,,0.0,,6.3,2.3,,,43.7,0.0,,,FALSE
4,Arrachera de avestruz,40,gramos,40,40,36,8.2,0.4,0.0,,,,24.0,0.0,0.0,,,,,,,32.0,,0.0,,,FALSE
4,Atún blanco en agua (drenado),0.3333333333333333,lata,33,33,43,7.9,1.0,0.0,0.3,0.3,0.4,14.1,0.0,0.0,2.0,0.0,0.7,4.7,0.3,79.0,125.7,72.3,0.0,,,FALSE
4,Atún en agua drenado,0.3333333333333333,lata,33,33,39,8.5,0.3,0.0,0.1,0.1,0.1,10.0,0.0,0.0,5.7,0.0,1.3,3.7,0.5,79.0,112.7,54.3,0.0,,,FALSE
4,Atún fresco,30,gramos,30,30,43,7.0,1.5,0.0,0.4,0.5,0.4,11.3,0.0,0.0,196.6,0.0,0.6,2.5,0.3,75.5,11.6,76.2,0.0,,,FALSE
4,Atún horneado,20,gramos,20,20,37,6.0,1.3,0.0,0.3,0.4,0.4,9.9,0.0,0.0,151.4,0.0,0.4,2.0,0.3,64.6,10.0,65.2,0.0,,,FALSE
4,Atún light (drenado),1/3,lata,33,33,39,8.5,0.3,0.0,0.1,0.1,0.1,10.0,0.0,0.0,5.7,0.0,1.3,3.7,0.5,79.0,112.7,54.3,0.0,,,FALSE
4,Bacalao enlatado,35,gramos,35,35,37,8.0,0.3,0.0,0.1,0.0,0.1,19.3,0.0,0.0,4.9,0.4,2.8,7.4,0.2,184.8,76.3,91.0,0.0,,,FALSE
4,Bacalao fresco,45,gramos,45,45,37,8.0,0.3,0.0,0.1,0.1,0.1,19.4,0.0,0.0,5.3,0.5,3.2,7.4,0.2,185.8,24.4,91.6,0.0,,,FALSE
4,Bacalao Noruego,15,gramos,15,15,44,9.4,0.4,0.0,0.1,0.1,0.1,22.8,0.0,0.0,6.4,0.5,3.7,24.0,0.4,218.8,1054.1,142.6,0.0,,,FALSE
4,Bacalao seco,15,gramos,15,15,44,9.4,0.4,0.0,0.1,0.1,0.1,22.8,0.0,0.0,6.4,0.5,3.7,24.0,0.4,218.8,1054.1,142.6,0.0,,,FALSE
4,Bagre,80,gramos,80,40,38,7.0,1.1,0.0,0.2,0.4,0.3,30.0,0.0,0.0,,0.0,,12.8,0.2,132.0,24.0,77.6,0.0,,,FALSE
4,Bagre fileteado,40,gramos,40,40,38,7.0,1.1,0.0,0.2,0.4,0.3,30.0,0.0,0.0,,0.0,,12.8,0.2,132.0,24.0,77.6,0.0,,,FALSE
4,Bistec,30,gramos,30,30,36,7.2,0.8,0.0,0.4,0.3,0.0,14.1,0.0,0.0,41.7,0.0,3.0,2.7,0.5,90.0,18.0,63.0,0.0,,,FALSE
4,Bistec de res,30,gramos,30,30,36,7.2,0.8,0.0,0.4,0.3,0.0,14.1,0.0,0.0,41.7,0.0,3.0,2.7,0.5,90.0,18.0,63.0,0.0,,,FALSE
4,Bola de ternera,35,gramos,35,35,41,7.3,1.1,0.0,0.4,0.4,0.1,27.3,0.0,0.0,0.0,0.0,4.9,1.8,0.3,128.5,22.1,77.0,0.0,,,FALSE
4,Boquerón crudo,45,gramos,45,36,41,6.4,1.7,0.0,0.5,0.4,0.6,,0.0,0.0,0.0,0.0,2.9,203.8,0.4,,,,0.0,,,FALSE
4,Boquilla crudo,75,gramos,75,38,31,7.5,0.1,0.0,0.0,0.0,0.0,,0.0,0.0,,0.0,,3.8,,,,63.9,0.0,,,FALSE
4,Cabeza de pescado,400,gramos,400,40,40,8.2,0.5,0.0,0.1,0.1,0.2,14.6,0.0,0.0,12.2,0.5,1.9,12.7,0.1,167.1,25.4,79.1,0.0,,,FALSE
4,Cabrilla,75,gramos,75,38,31,7.7,0.0,0.0,0.0,0.0,0.0,,0.0,0.0,,0.0,,5.7,0.0,,,70.0,0.0,,,FALSE
4,Cabrito,25,gramos,25,25,36,6.8,0.8,0.0,0.2,0.4,0.1,18.8,0.0,0.0,0.0,0.0,1.3,4.3,0.9,101.3,21.5,50.3,0.0,,,FALSE
4,Calamar Americano,45,gramos,45,45,41,7.0,0.6,1.4,0.2,0.1,0.2,104.8,0.0,0.0,4.5,2.1,2.3,14.3,0.3,110.6,19.6,99.5,0.0,,,FALSE
4,Calamar cocido,20,gramos,20,20,37,6.2,0.6,1.2,0.1,0.0,0.2,92.8,0.0,0.0,3.6,1.5,,12.8,0.2,,85.4,,0.0,,,FALSE
4,Calamar crudo,45,gramos,45,45,41,7.0,0.6,1.4,0.2,0.1,0.2,104.8,0.0,0.0,4.5,2.1,2.3,14.3,0.3,110.6,19.6,99.5,0.0,,,FALSE
4,Calamar fresco entero,45,gramos,45,45,41,7.0,0.6,1.4,0.2,0.1,0.2,104.8,0.0,0.0,4.5,2.1,2.3,14.3,0.3,110.6,19.6,99.5,0.0,,,FALSE
4,Calamar fresco limpio,45,gramos,45,45,41,7.0,0.6,1.4,0.2,0.1,0.2,104.8,0.0,0.0,4.5,2.1,2.3,14.3,0.3,110.6,19.6,99.5,0.0,,,FALSE
4,Camarón 16-20,2,pieza,50,40,42,8.1,0.7,0.4,0.1,0.1,0.3,60.7,0.0,0.0,21.6,0.8,1.2,20.7,1.0,73.9,59.3,81.9,0.0,,,FALSE
4,Camarón cocido,5,pieza,34,34,34,7.1,0.4,0.0,0.1,0.1,0.1,66.3,0.0,0.0,23.1,0.7,1.4,13.3,1.1,61.9,76.2,46.6,0.0,,,FALSE
4,Camarón crudo mediano,6,pieza,45,36,38,7.3,0.6,0.3,0.1,0.1,0.3,54.6,0.0,0.0,19.5,0.7,1.1,18.6,0.9,66.5,53.4,73.7,0.0,,,FALSE
4,Camarón de surirmi,40,gramos,40,40,40,5.0,0.6,3.7,0.1,0.1,0.3,14.4,,0.0,8.0,0.0,0.8,7.6,0.2,35.6,282.0,112.8,0.0,,,FALSE
4,Camarón enlatado,1/4,taza,32,32,32,6.5,0.4,0.0,0.1,0.0,0.2,80.6,0.0,0.0,0.0,1.3,2.9,46.4,0.7,25.6,248.6,62.4,0.0,,,FALSE
4,Camarón gigante,2,pieza,50,40,42,8.1,0.7,0.4,0.1,0.1,0.3,60.7,0.0,0.0,21.6,0.8,1.2,20.7,1.0,73.9,59.3,81.9,0.0,,,FALSE
4,Camarón pacotilla,6,pieza,36,36,38,7.3,0.6,0.3,0.1,0.1,0.2,54.7,0.0,0.0,19.4,0.7,1.1,18.7,0.9,66.6,53.3,73.8,0.0,,,FALSE
4,Camarón seco,10,gramos,10,9,33,7.5,0.2,0.5,,,,,,,1.4,0.0,,61.6,0.4,,220.5,70.1,0.0,,,FALSE
4,Camarón seco salado,10,gramos,10,9,33,7.5,0.2,0.5,,,,,,,1.4,0.0,,61.6,0.4,,220.5,70.1,0.0,,,FALSE
4,Camarón U15,2,pieza,50,40,42,8.1,0.7,0.4,0.1,0.1,0.3,60.7,0.0,0.0,21.6,0.8,1.2,20.7,1.0,73.9,59.3,81.9,0.0,,,FALSE
4,Cangrejo,2,pieza,42,42,37,7.6,0.4,0.0,0.1,0.1,0.1,32.6,0.0,0.0,1.0,1.3,18.5,37.6,0.3,138.4,123.0,96.4,0.0,,,FALSE
4,Cangrejo cocido,40,gramos,40,40,41,8.1,0.7,0.0,0.1,0.1,0.3,40.0,0.0,0.0,0.9,1.3,20.2,41.4,0.4,129.9,111.5,82.4,0.0,,,FALSE
4,Cangrejo de Alaska,40,gramos,40,40,41,8.1,0.7,0.0,0.1,0.1,0.3,40.0,0.0,0.0,2.8,2.8,17.6,18.4,0.2,81.6,334.6,87.5,0.0,,,FALSE
4,Cangrejo de Alaska cocido,40,gramos,40,40,41,8.1,0.7,0.0,0.1,0.1,0.3,40.0,0.0,0.0,3.8,3.0,20.4,23.5,0.3,104.9,428.8,112.0,0.0,,,FALSE
4,Cangrejo enlatado,1/4,taza,34,34,33,6.9,0.4,0.0,0.1,0.1,0.2,30.2,0.0,0.0,0.8,0.9,14.5,34.1,0.3,126.3,112.4,87.8,0.0,,,FALSE
4,Carne de alce cocida,25,gramos,25,25,34,7.3,0.2,0.0,0.1,0.1,0.1,19.5,0.0,0.0,0.0,1.3,1.0,1.5,1.1,83.5,17.3,44.0,0.0,,,FALSE
4,Carne de armadillo,35,gramos,35,25,40,7.1,1.3,0.0,0.0,,,,0.0,0.0,,0.0,,,,,,51.0,0.0,,,FALSE
4,Carne de avestruz,35,gramos,35,35,31,7.1,0.4,0.0,0.0,0.0,0.0,21.0,0.0,0.0,0.0,0.0,0.0,0.0,0.0,0.0,28.0,0.0,0.0,,,FALSE
4,Carne de faisán cruda sin piel,35,gramos,35,30,40,7.1,1.1,0.0,0.4,0.4,0.2,19.9,0.0,0.0,15.1,1.8,1.8,3.9,0.3,78.9,11.1,69.2,0.0,,,FALSE
4,Carne de jaiba,40,gramos,40,40,39,7.0,1.0,0.4,0.1,0.1,0.4,60.0,0.0,0.0,,0.0,,18.0,0.3,44.0,40.0,,0.0,,,FALSE
4,Carne de res seca,11,gramos,11,11,43,7.1,1.6,0.1,,,,,0.0,0.0,0.0,0.0,,10.2,1.1,48.8,381.8,18.7,0.0,,,FALSE
4,Carne de venado cruda,30,gramos,30,27,42,5.9,1.9,0.0,0.9,0.4,0.1,21.6,0.0,0.0,0.0,0.0,1.1,3.0,0.8,89.1,20.3,54.3,0.0,,,FALSE
4,Carne molida de pavo,30,gramos,30,30,33,6.7,0.4,0.0,0.1,0.1,0.1,12.9,0.0,0.0,0.0,0.0,1.4,1.4,0.1,89.0,430.0,68.6,0.0,,,FALSE
4,Carne molida de pollo,30,gramos,30,30,34,7.0,0.5,0.0,0.1,0.1,0.1,17.4,0.0,0.0,2.4,0.0,1.9,3.6,0.2,71.7,20.4,56.5,0.0,,,FALSE
4,Carne obscura de pollo cruda,30,gramos,30,30,38,6.0,1.3,0.0,0.3,0.4,0.3,24.0,0.0,0.0,6.6,0.9,9.0,3.6,0.3,66.6,25.5,48.6,0.0,,,FALSE
4,Cazón,60,gramos,60,32,42,6.8,1.4,0.0,0.3,0.6,0.4,16.4,0.0,0.0,22.7,0.0,1.0,11.1,0.3,51.8,25.5,68.0,0.0,,,FALSE
4,Cazón fileteado,33,gramos,33,33,43,6.9,1.5,0.0,0.3,0.6,0.4,16.7,0.0,0.0,23.1,0.0,1.0,11.3,0.3,52.8,26.0,69.3,0.0,,,FALSE
4,Cecina,25,gramos,25,25,40,6.0,1.6,0.2,0.8,0.8,0.1,17.5,0.0,0.0,0.6,0.0,0.0,8.8,1.1,85.0,275.0,37.3,0.0,,,FALSE
4,Cecina enchilada,25,gramos,25,25,40,6.0,1.6,0.2,0.8,0.8,0.1,17.5,0.0,0.0,0.6,0.0,0.0,8.8,1.1,85.0,275.0,37.3,0.0,,,FALSE
4,Chambarete,35,gramos,35,33,42,6.8,1.6,0.0,0.6,0.6,0.0,15.6,0.0,0.0,46.2,0.0,3.3,3.0,0.6,99.8,20.0,622.0,0.0,,,FALSE
4,Chambarete de res,35,gramos,35,33,42,6.8,1.6,0.0,0.6,0.6,0.0,15.6,0.0,0.0,46.2,0.0,3.3,3.0,0.6,99.8,20.0,62.2,0.0,,,FALSE
4,Chapulines secos,11,gramos,11,11,70,6.9,1.6,2.4,,,,,0.0,1.2,,,,,0.1,0.5,0.1,,0.0,,,FALSE
4,Charales frescos,30,gramos,30,27,43,6.8,1.6,0.3,,,,,,0.0,,0.0,,637.2,,,,408.2,0.0,,,FALSE
4,Charales secos,15,gramos,15,12,38,8.2,0.5,0.3,,,,,,0.0,,0.0,,480.6,,,,313.7,0.0,,,FALSE
4,Chema,70,gramos,70,38,32,7.3,0.3,0.0,0.1,0.0,0.1,,0.0,0.0,18.9,0.0,,2.6,,,,63.1,0.0,,,FALSE
4,Chipirón (calamar) crudo,45,gramos,45,45,41,7.0,0.6,1.4,0.2,0.1,0.2,104.8,0.0,0.0,4.5,2.1,2.3,14.3,0.3,110.6,19.6,99.5,0.0,,,FALSE
4,Chuleta ahumada,0.5,pieza,40,34,34,6.1,1.0,0.1,0.4,0.5,0.1,17.7,0.1,0.0,0.0,0.0,0.0,3.0,0.4,110.1,456.8,105.0,0.0,,,FALSE
4,Clara de huevo,2,pieza,66,66,32,7.2,0.1,0.5,0.0,0.0,0.0,0.0,0.5,0.0,0.0,0.0,2.6,4.6,0.1,107.6,109.6,9.9,0.0,,,FALSE
4,Clara de huevo en polvo,1.5,cda,10,10,38,8.1,0.0,0.8,0.0,0.0,0.0,0.0,0.5,0.0,0.0,0.0,1.8,6.2,0.0,112.9,128.4,11.1,0.0,,,FALSE
4,Codomiz,30,gramos,30,30,40,6.5,1.4,0.0,0.4,0.4,0.4,21.0,0.0,0.0,5.1,2.2,,3.9,1.4,,15.3,,0.0,,,FALSE
4,Corazon de puerco cocido,25,gramos,25,25,37,5.9,1.3,0.1,0.3,0.3,0.3,55.2,0.0,0.0,1.7,0.5,1.0,1.7,1.5,51.6,8.7,44.6,0.0,,,FALSE
4,Corazón de puerco crudo,35,gramos,35,35,41,6.0,1.5,0.5,0.4,0.4,0.4,45.9,0.0,0.0,2.8,1.9,1.4,1.8,1.6,102.9,19.6,59.2,0.0,,,FALSE
4,Corazón de res cocido,25,gramos,25,25,41,7.1,1.2,0.0,0.4,0.3,0.2,53.0,0.0,0.0,0.0,0.0,1.3,1.3,1.6,54.8,14.8,63.5,0.0,,,FALSE
4,Corazón de res crudo,38,gramos,38,38,43,6.7,1.5,0.1,0.5,0.4,0.2,47.1,0.0,0.0,0.0,0.8,1.1,2.7,1.6,109.1,37.2,80.6,0.0,,,FALSE
4,Corazón de ternera cocido,20,gramos,20,20,37,5.8,1.4,0.0,0.4,0.3,0.4,35.2,0.0,0.0,0.0,2.0,0.4,1.6,0.9,39.8,11.6,50.0,0.0,,,FALSE
4,Corazón de ternera crudo,40,gramos,40,40,44,6.9,1.6,0.0,0.4,0.3,0.4,41.6,0.0,0.0,0.0,3.2,0.8,2.0,1.7,104.4,30.8,84.4,0.0,,,FALSE
4,Cuete,45,gramos,45,43,41,7.3,1.3,1.3,0.5,0.5,0.0,20.1,,,55.6,0.0,4.3,3.8,0.8,128.3,25.7,,0.0,,,FALSE
4,Cuete de res,45,gramos,45,43,41,7.3,1.3,1.3,0.5,0.5,0.0,20.1,,,55.6,0.0,4.3,3.8,0.8,128.3,25.7,,0.0,,,FALSE
4,Empuje,33,gramos,33,33,37,7.4,0.6,0.0,0.3,0.5,0.0,15.5,0.0,0.0,45.9,0.0,3.3,3.0,0.6,99.0,19.8,0.0,0.0,,,FALSE
4,Empuje de res,33,gramos,33,33,37,7.4,0.6,0.0,0.3,0.5,0.0,15.5,0.0,0.0,45.9,0.0,3.3,3.0,0.6,99.0,19.8,0.0,0.0,,,FALSE
4,Escalopa de res,30,gramos,30,30,34,7.2,0.3,0.0,0.4,0.3,0.0,14.1,0.0,0.0,83.4,0.0,3.0,2.7,0.5,90.0,18.0,0.0,0.0,,,FALSE
4,Extraviado,80,gramos,80,41,34,7.9,0.3,0.0,0.1,0.0,0.1,,0.0,0.0,20.4,0.0,,2.9,,,,68.1,0.0,,,FALSE
4,Extraviado fileteado,41,gramos,41,41,34,7.9,0.3,0.0,0.1,0.0,0.1,,0.0,0.0,20.5,0.0,,2.9,,,,68.5,0.0,,,FALSE
4,Fajita de pollo sin piel cruda,30,gramos,30,30,36,6.2,1.0,0.0,0.3,0.3,0.3,23.1,0.0,0.0,5.1,1.0,3.0,3.3,0.3,67.8,26.4,49.8,0.0,,,FALSE
4,Falda,35,gramos,35,33,35,7.4,0.6,0.0,0.3,0.5,0.0,15.6,0.0,0.0,46.2,0.0,3.3,3.0,0.6,99.8,20.0,69.8,0.0,,,FALSE
4,Falda abierta,35,gramos,35,33,35,7.4,0.6,0.0,0.3,0.5,0.0,15.6,0.0,0.0,46.2,0.0,3.3,3.0,0.6,99.8,20.0,69.8,0.0,,,FALSE
4,Falda de res,35,gramos,35,33,35,7.4,0.6,0.0,0.3,0.5,0.0,15.6,0.0,0.0,46.2,0.0,3.3,3.0,0.6,99.8,20.0,69.8,0.0,,,FALSE
4,Filete de atún,30,gramos,30,30,33,7.3,0.1,0.0,0.1,0.0,0.0,11.7,0.0,0.0,5.4,0.0,,1.2,0.2,,13.5,,0.0,,,FALSE
4,Filete de bandera crudo,40,gramos,40,40,36,7.5,0.5,0.0,0.1,0.1,0.1,19.2,0.0,0.0,4.0,0.7,3.2,7.1,0.1,144.4,32.4,73.6,0.0,,,FALSE
4,Filete de calamar crudo,45,gramos,45,45,41,7.0,0.6,1.4,0.2,0.1,0.2,104.8,0.0,0.0,4.5,2.1,2.3,14.3,0.3,110.6,19.6,99.5,0.0,,,FALSE
4,Filete de cazón crudo,30,gramos,30,30,39,6.3,1.3,0.0,0.3,0.5,0.4,15.2,0.0,0.0,21.2,0.0,1.1,10.2,0.3,48.0,23.6,63.2,0.0,,,FALSE
4,Filete de extraviado,40,gramos,40,40,34,7.7,0.3,0.0,0.1,0.0,0.1,,0.0,0.0,20.0,0.0,,2.8,,,,66.8,0.0,,,FALSE
4,"Filete de guachinango, pargo",35,gramos,35,35,35,7.2,0.5,0.0,0.1,0.1,0.2,13.0,0.0,0.0,10.5,0.6,1.8,11.1,0.1,146.0,22.2,69.2,0.0,,,FALSE
4,"Filete de huachinango, pargo",35,gramos,35,35,35,7.2,0.5,0.0,0.1,0.1,0.2,13.0,0.0,0.0,10.5,0.6,1.8,11.1,0.1,146.0,22.2,69.2,0.0,,,FALSE
4,Filete de lenguado,45,gramos,45,45,34,7.5,0.5,0.0,0.1,0.1,0.1,20.7,0.0,0.0,4.5,0.0,5.0,5.4,0.4,153.9,35.1,136.4,0.0,,,FALSE
4,Filete de merluza,45,gramos,45,45,34,7.5,0.5,0.0,0.1,0.1,0.1,20.7,0.0,0.0,4.5,0.0,5.0,5.4,0.4,153.9,35.1,136.4,0.0,,,FALSE
4,Filete de mero,40,gramos,40,40,34,7.7,0.3,0.0,0.1,0.0,0.1,,0.0,0.0,20.0,0.0,,2.8,,,,66.8,0.0,,,FALSE
4,Filete de mojarra,40,gramos,40,40,40,7.7,1.1,0.0,,,,,0.0,0.0,2.0,0.0,,6.0,0.3,,,104.0,0.0,,,FALSE
4,Filete de pescado,40,gramos,40,40,36,7.5,0.5,0.0,0.1,0.1,0.1,19.2,0.0,0.0,4.0,0.7,3.2,7.1,0.1,144.4,32.4,73.6,0.0,,,FALSE
4,Filete de pescado Blanco del Nilo,40,gramos,40,40,36,7.2,0.6,0.4,0.2,0.0,0.0,6.0,0.0,0.0,20.0,0.0,0.0,4.8,0.1,0.0,10.0,0.0,0.0,,,FALSE
4,Filete de res,30,gramos,30,30,36,7.2,0.8,0.0,0.4,0.3,0.0,14.1,0.0,0.0,41.7,0.0,3.0,2.7,0.5,90.0,18.0,63.0,0.0,,,FALSE
4,Filete de róbalo,40,gramos,40,40,35,7.6,0.3,0.0,0.0,0.0,0.1,22.6,0.0,0.0,6.6,0.0,4.7,13.2,0.4,124.7,27.3,75.3,0.0,,,FALSE
4,Filete de venado,40,gramos,40,36,45,7.6,1.4,0.0,1.1,0.4,0.0,40.3,0.0,0.0,0.0,0.0,0.0,3.6,1.6,115.2,32.4,81.4,0.0,,,FALSE
4,Filete mignón,1/4,pieza,30,30,36,7.2,0.8,0.0,0.4,0.3,0.0,14.1,0.0,0.0,41.7,0.0,3.0,2.7,0.5,90.0,18.0,63.0,0.0,,,FALSE
4,Filete miñón,1/4,pieza,30,30,36,7.2,0.8,0.0,0.4,0.3,0.0,14.1,0.0,0.0,41.7,0.0,3.0,2.7,0.5,90.0,18.0,63.0,0.0,,,FALSE
4,Filete tampiqueña,1/4,pieza,30,30,36,7.2,0.8,0.0,0.4,0.3,0.0,14.1,0.0,0.0,41.7,0.0,3.0,2.7,0.5,90.0,18.0,63.0,0.0,,,FALSE
4,Gallinita de Guinea con piel,30,gramos,30,25,39,5.8,1.6,0.0,0.4,0.6,0.4,18.4,0.0,0.0,7.0,0.3,1.2,2.7,0.2,48.1,16.7,38.1,0.0,,,FALSE
4,Gallinita de Guinea sin piel,55,gramos,55,35,38,7.2,0.9,0.0,0.2,0.2,0.2,21.8,0.0,0.0,4.2,0.6,2.1,3.8,0.3,76.2,23.9,58.6,0.0,,,FALSE
4,Guachinango,70,gramos,70,36,36,7.3,0.5,0.0,0.1,0.1,0.2,13.2,0.0,0.0,10.7,0.6,1.8,11.3,0.1,148.9,22.7,70.6,0.0,,,FALSE
4,Guachinango cocido,28,gramos,28,28,36,7.4,0.5,0.0,0.1,0.1,0.2,13.2,0.0,0.0,9.9,0.4,1.7,11.2,0.1,146.3,16.0,56.3,0.0,,,FALSE
4,Guachinango crudo fileteado,35,gramos,35,35,35,7.2,0.5,0.0,0.1,0.1,0.2,13.0,0.0,0.0,10.5,0.6,1.8,11.1,0.1,146.0,22.2,69.2,0.0,,,FALSE
4,Gurrubata cruda,80,gramos,80,41,41,7.3,1.3,0.0,0.4,0.5,0.2,24.9,0.0,0.0,7.3,0.0,,,,95.5,35.5,,0.0,,,FALSE
4,Halibut cocido,27,gramos,27,27,38,7.2,0.8,0.0,0.1,0.3,0.3,11.1,0.0,0.0,14.6,0.0,3.8,16.2,0.3,155.6,18.7,76.9,0.0,,,FALSE
4,Huachinango crudo fileteado,35,gramos,35,35,35,7.2,0.5,0.0,0.1,0.1,0.2,13.0,0.0,0.0,10.5,0.6,1.8,11.1,0.1,146.0,22.2,69.2,0.0,,,FALSE
4,Huachinango cocido,28,gramos,28,28,36,7.4,0.5,0.0,0.1,0.1,0.2,13.2,0.0,0.0,9.9,0.4,1.7,11.2,0.1,146.3,16.0,56.3,0.0,,,FALSE
4,Huachinango crudo,70,gramos,70,36,36,7.3,0.5,0.0,0.1,0.1,0.2,13.2,0.0,0.0,10.7,0.6,1.8,11.3,0.1,148.9,22.7,70.6,0.0,,,FALSE
4,Hueva de pescado,6,cdita,30,30,43,6.7,1.9,0.5,0.0,0.0,0.0,0.0,0.0,0.0,24.3,4.1,,6.6,0.2,,27.3,,0.0,,,FALSE
4,Huevo de iguana,65,gramos,65,58,37,7.2,0.6,0.0,0.0,0.0,0.0,0.0,0.0,0.0,245.9,0.0,0.0,248.2,8.8,0.0,0.0,0.0,0.0,,,FALSE
4,Iguana,100,gramos,100,30,35,7.3,0.3,0.0,,,,,0.0,0.0,67.5,0.0,,7.5,1.0,,,75.6,0.0,,,FALSE
4,Isabelita,70,gramos,70,36,30,7.4,0.1,0.0,,,,,0.0,0.0,,0.0,,4.4,,,,50.2,0.0,,,FALSE
4,Jaiba cocida desmenuzada,1/3,taza,47,47,39,8.1,0.6,0.0,0.1,0.1,0.2,36.4,0.0,0.0,303.8,0.0,,20.1,0.4,123.7,19.1,65.3,0.0,,,FALSE
4,Jaiba cocida entera,75,gramos,75,40,34,7.0,0.5,0.0,0.1,0.1,0.2,31.5,0.0,0.0,263.3,0.0,,17.4,0.3,107.2,16.6,56.6,0.0,,,FALSE
4,Jaiba cruda,40,gramos,40,40,39,7.0,1.0,0.4,0.1,0.1,0.4,60.0,0.0,0.0,,0.0,,18.0,0.3,44.0,40.0,,0.0,,,FALSE
4,Jorobado lamparosa,70,gramos,70,36,34,7.4,0.5,0.0,,,,,0.0,0.0,,0.0,,4.6,,,,53.6,0.0,,,FALSE
4,Jugo de almeja,7,taza,1680,1680,35,7.0,0.3,1.4,0.0,0.0,0.0,49.0,0.0,0.0,154.0,16.8,33.6,217.0,5.0,2506.0,3612.0,1918.0,0.0,,,FALSE
4,Langosta,100,gramos,100,40,36,7.5,0.4,0.2,0.1,0.1,0.0,38.0,0.0,0.0,8.5,0.0,3.8,19.3,0.1,110.1,118.6,57.4,0.0,,,FALSE
4,Langosta cocida,35,gramos,35,35,34,7.2,0.2,0.5,0.0,0.0,0.0,25.1,0.0,0.0,9.1,0.0,3.9,21.4,0.1,123.1,133.0,64.6,0.0,,,FALSE
4,Langostino,110,gramos,110,50,34,7.2,0.6,0.0,0.1,0.2,0.1,78.2,0.0,0.0,,,8.4,3.8,0.7,181.2,181.2,106.4,0.0,,,FALSE
4,Lenguado,90,gramos,90,45,34,7.5,0.5,0.0,0.1,0.1,0.1,20.7,0.0,0.0,4.5,0.0,5.0,5.4,0.4,153.9,35.1,136.4,0.0,,,FALSE
4,Lenguado fileteado,45,gramos,45,45,34,7.5,0.5,0.0,0.1,0.1,0.1,20.7,0.0,0.0,4.5,0.0,5.0,5.4,0.4,153.9,35.1,136.4,0.0,,,FALSE
4,Liebre,50,gramos,50,33,44,6.8,1.6,0.0,0.7,0.7,0.3,21.1,0.0,0.0,,0.0,1.6,3.9,1.0,117.0,14.0,,0.0,,,FALSE
4,"Lisa, churra, cabezuda",70,gramos,70,36,40,7.0,1.3,0.0,0.4,0.4,0.4,17.5,0.0,0.0,,0.0,,9.3,0.6,104.2,28.9,61.8,0.0,,,FALSE
4,Lomo canadiense,3,rebanada,45,45,45,8.0,1.4,0.1,0.6,0.7,0.1,23.5,0.1,0.0,0.0,0.0,0.0,3.9,0.5,145.8,604.6,138.9,0.0,,,FALSE
4,Lomo de venado,40,gramos,40,36,42,7.3,1.2,0.0,0.4,0.4,0.1,28.8,0.0,0.0,0.0,0.0,5.0,6.1,0.3,116.6,32.8,76.0,0.0,,,FALSE
4,Machaca,1/3,sobre,13,13,44,6.0,1.2,0.0,,,,21.4,0.0,0.0,,,,,,,252.3,,0.0,,,FALSE
4,Machacado de res,15,gramos,15,15,50,6.7,1.3,0.0,,,,24.1,0.0,0.0,,,,,,,283.8,,0.0,,,FALSE
4,Maciza de res,25,gramos,25,25,35,5.2,1.6,0.0,0.6,0.6,0.1,15.5,0.0,0.0,1.5,0.0,2.0,1.5,0.6,89.5,15.8,44.8,0.0,,,FALSE
4,Maciza de res en trozo,25,gramos,25,25,35,5.2,1.6,0.0,0.6,0.6,0.1,15.5,0.0,0.0,1.5,0.0,2.0,1.5,0.6,89.5,15.8,44.8,0.0,,,FALSE
4,Mantarraya cocida,25,gramos,25,25,41,6.6,1.4,0.0,0.3,0.6,0.4,16.0,0.0,0.0,19.8,0.1,,10.8,0.3,,105.5,,0.0,,,FALSE
4,Medallón de filete,1/4,pieza,30,30,36,7.2,0.8,0.0,0.4,0.3,0.0,14.1,0.0,0.0,41.7,0.0,3.0,2.7,0.5,90.0,18.0,63.0,0.0,,,FALSE
4,Medallón de filete de res,30,gramos,30,30,36,7.2,0.8,0.0,0.4,0.3,0.0,14.1,0.0,0.0,41.7,0.0,3.0,2.7,0.5,90.0,18.0,63.0,0.0,,,FALSE
4,Mejillones sin concha cocidos,25,gramos,25,25,43,5.9,1.1,1.9,0.2,0.3,0.3,14.1,0.0,0.0,22.6,3.4,19.0,8.2,1.7,67.1,92.4,71.2,0.0,,,FALSE
4,Mejillones sin concha crudos,1/3,taza,50,50,43,5.9,1.1,1.8,0.2,0.3,0.3,13.9,0.0,0.0,23.8,4.0,20.8,12.9,2.0,158.4,141.6,97.5,0.0,,,FALSE
4,Menudencias de pollo crudas,35,gramos,35,35,43,6.3,1.6,0.6,0.5,0.4,0.4,91.7,0.0,0.0,930.0,5.7,120.8,3.5,2.1,79.8,27.0,69.0,0.0,,,FALSE
4,Menudencias de pavo,25,gramos,25,25,42,6.7,1.3,0.5,0.4,0.3,0.3,104.5,0.0,0.0,448.8,0.5,86.3,3.3,1.7,50.0,14.8,51.0,0.0,,,FALSE
4,Menudencias de pollo cocidas,25,gramos,25,25,40,6.8,1.1,0.1,0.3,0.2,0.2,110.5,0.0,0.0,438.3,3.1,64.3,3.5,1.8,56.0,16.8,72.3,0.0,,,FALSE
4,Merluza,85,gramos,85,43,33,7.2,0.4,0.0,0.1,0.1,0.1,19.9,0.0,0.0,4.3,0.0,4.8,5.2,0.3,148.3,33.8,131.4,0.0,,,FALSE
4,Merluza fileteada,45,gramos,45,45,34,7.5,0.5,0.0,0.1,0.1,0.1,20.7,0.0,0.0,4.5,0.0,5.0,5.4,0.4,153.9,35.1,136.4,0.0,,,FALSE
4,Mero cocido,30,gramos,30,30,35,7.5,0.4,0.0,0.1,0.1,0.1,14.1,0.0,0.0,15.0,0.0,3.0,6.3,0.3,142.5,15.9,42.9,0.0,,,FALSE
4,Mero crudo,80,gramos,80,41,34,7.9,0.3,0.0,0.1,0.0,0.1,,0.0,0.0,20.4,0.0,,2.9,,,,68.1,0.0,,,FALSE
4,Mero crudo fileteado,40,gramos,40,40,34,7.7,0.3,0.0,0.1,0.0,0.1,,0.0,0.0,200.0,0.0,,2.8,,,,66.8,0.0,,,FALSE
4,Milanesa de avestruz,35,gramos,35,35,31,7.1,0.4,0.0,,,,21.0,,,,,,,,,,,0.0,,,FALSE
4,Milanesa de pollo,30,gramos,30,30,34,7.0,0.5,0.0,0.1,0.1,0.1,17.4,0.0,0.0,2.4,0.0,1.2,3.6,0.2,71.7,20.4,56.1,0.0,,,FALSE
4,Milanesa de res,30,gramos,30,30,36,7.2,0.8,0.0,0.4,0.3,0.0,14.1,0.0,0.0,41.7,0.0,3.0,2.7,0.5,90.0,18.0,63.0,0.0,,,FALSE
4,Mojarra cruda fileteada,35,gramos,35,35,34,7.0,0.6,0.0,0.3,0.2,0.2,17.5,0.0,0.0,0.0,0.0,8.4,3.5,0.2,105.7,18.2,59.5,0.0,,,FALSE
4,Mojarra tilapia cruda,1/3,pieza,73,37,35,7.4,0.6,0.0,0.3,0.2,0.2,18.3,0.0,0.0,0.0,0.0,8.8,3.7,0.2,110.7,19.1,62.3,0.0,,,FALSE
4,Molida de pollo,30,gramos,30,30,34,7.0,0.5,0.0,0.1,0.1,0.1,17.4,0.0,0.0,2.4,0.4,1.2,3.6,0.2,71.7,20.4,56.1,0.0,,,FALSE
4,Molleja de pollo cocida,25,gramos,25,25,37,7.6,0.7,0.0,0.2,0.1,0.1,92.5,0.0,0.0,0.0,0.0,1.3,4.3,0.8,44.8,14.0,47.3,0.0,,,FALSE
4,Pancita de res,45,gramos,45,43,40,6.2,1.7,0.0,0.9,0.5,0.0,40.6,0.0,0.0,9.0,0.0,0.9,25.7,0.9,115.4,19.7,72.7,0.0,,,FALSE
4,Pargo,70,gramos,70,36,37,7.5,0.7,0.0,0.1,0.1,0.1,15.7,0.0,0.0,,0.0,,6.1,0.3,115.3,23.9,72.8,0.0,,,FALSE
4,Pargo fileteado,35,gramos,35,35,36,7.4,0.7,0.0,0.1,0.1,0.1,15.4,0.0,0.0,,0.0,,6.0,0.3,113.1,23.5,71.4,0.0,,,FALSE
4,Pata de res,120,gramos,120,55,44,6.7,1.6,0.6,,,,,0.0,0.0,,0.0,,55.8,1.1,,,30.4,0.0,,,FALSE
4,Pechuga de pavo,1.5,rebanada,32,32,35,7.1,0.5,0.0,0.2,0.2,0.2,13.5,0.0,0.0,0.0,0.0,1.5,1.5,0.1,87.0,451.5,72.0,0.0,,,FALSE
4,Pechuga de pavo ahumada,1.5,rebanada,34,34,32,6.7,0.3,0.5,0.2,0.2,0.1,15.0,0.1,0.0,0.0,0.0,0.0,5.3,0.5,103.5,402.8,106.5,0.0,,,FALSE
4,Pechuga de pavo ahumada baja en grasa,2,rebanada,42,42,33,6.3,0.2,1.5,0.1,0.1,0.1,12.9,0.5,0.0,0.0,0.0,0.0,4.0,0.3,91.3,459.6,101.8,0.0,,,FALSE
4,Pechuga de pollo sin piel aplanada,30,gramos,30,30,48,8.7,1.2,0.0,0.3,0.4,0.3,23.1,0.0,0.0,2.4,0.0,0.9,3.9,0.3,54.0,19.5,47.7,0.0,,,FALSE
4,Pechuga de pollo ahumada,2,rebanada,42,42,33,6.9,0.1,1.1,0.1,0.0,0.0,15.0,0.0,0.0,0.0,0.0,0.0,1.0,0.1,0.0,452.0,0.0,0.0,,,FALSE
4,Pechuga de pollo deshuesada sin piel cruda,30,gramos,30,30,34,7.0,0.5,0.0,0.1,0.1,0.1,17.4,0.0,0.0,2.4,0.0,1.2,3.6,0.2,71.7,20.4,56.1,0.0,,,FALSE
4,Pechuga de pollo molida,30,gramos,30,30,36,6.8,0.8,0.0,0.2,0.2,0.1,21.9,0.0,0.0,2.7,0.0,,1.5,0.1,,13.5,,0.0,,,FALSE
4,Pechuga de pollo sin piel,30,gramos,30,27,31,6.3,0.4,0.0,0.1,0.1,0.1,15.7,0.0,0.0,2.2,0.0,1.1,3.2,0.2,64.5,18.4,50.5,0.0,,,FALSE
4,Pechuga de pollo sin piel a la plancha,30,gramos,30,30,48,8.7,1.2,0.0,0.3,0.4,0.3,23.1,0.0,0.0,2.4,0.0,0.9,3.9,0.3,54.0,19.5,47.7,0.0,,,FALSE
4,Pechuga de pollo sin piel asada,30,gramos,30,30,48,8.7,1.2,0.0,0.3,0.4,0.3,23.1,0.0,0.0,2.4,0.0,0.9,3.9,0.3,54.0,19.5,47.7,0.0,,,FALSE
4,Pechuga de pollo sin piel cocida,30,gramos,30,30,48,8.7,1.2,0.0,0.3,0.4,0.3,23.1,0.0,0.0,2.4,0.0,0.9,3.9,0.3,54.0,19.5,47.7,0.0,,,FALSE
4,Pechuga de pollo sin piel cruda,40,gramos,40,34,39,7.9,0.6,0.0,0.1,0.1,0.1,19.7,0.0,0.0,2.7,0.0,1.4,4.1,0.2,81.3,23.1,63.6,0.0,,,FALSE
4,Pechuga de pollo sin piel en brocheta cruda,30,gramos,30,30,34,7.0,0.5,0.0,0.1,0.1,0.1,17.4,0.0,0.0,2.4,0.0,1.2,3.6,0.2,71.7,20.4,56.1,0.0,,,FALSE
4,Pechuga de pollo sin piel en fajitas cruda,30,gramos,30,30,34,7.0,0.5,0.0,0.1,0.1,0.1,17.4,0.0,0.0,2.4,0.0,1.2,3.6,0.2,71.7,20.4,56.1,0.0,,,FALSE
4,"Pechuga de pollo sin piel horneada, rebanada",2,rebanada,42,42,41,8.2,0.3,1.6,0.1,0.1,0.1,21.5,0.3,0.0,0.0,0.0,0.0,3.7,0.5,122.3,479.7,118.5,0.0,,,FALSE
4,Pechuga de pollo sin piel molida cruda,30,gramos,30,30,34,7.0,0.5,0.0,0.1,0.1,0.1,17.4,0.0,0.0,2.4,0.0,1.2,3.6,0.2,71.7,20.4,56.1,0.0,,,FALSE
4,Pechuga sin piel deshebrada,30,gramos,30,30,34,7.0,0.5,0.0,0.1,0.1,0.1,17.4,0.0,0.0,2.4,0.0,1.2,3.6,0.2,71.7,20.4,56.1,0.0,,,FALSE
4,Pechuga sin piel desmenuzada,30,gramos,30,30,34,7.0,0.5,0.0,0.1,0.1,0.1,17.4,0.0,0.0,2.4,0.0,1.2,3.6,0.2,71.7,20.4,56.1,0.0,,,FALSE
4,Pechuga sin piel molida,30,gramos,30,30,34,7.0,0.5,0.0,0.1,0.1,0.1,17.4,0.0,0.0,2.4,0.0,1.2,3.6,0.2,71.7,20.4,56.1,0.0,,,FALSE
4,Perca cocida,30,gramos,30,30,35,7.4,0.4,0.0,0.1,0.1,0.1,34.6,0.0,0.0,3.0,0.5,1.8,30.7,0.3,103.2,23.6,77.1,0.0,,,FALSE
4,Perca cruda,75,gramos,75,38,35,7.4,0.4,0.0,0.1,0.0,0.1,34.4,0.0,0.0,3.6,0.7,1.9,30.6,0.3,103.1,23.9,76.5,0.0,,,FALSE
4,Perca fileteada,38,gramos,38,38,34,7.4,0.4,0.0,0.1,0.0,0.1,34.2,0.0,0.0,3.6,0.6,1.9,30.4,0.3,102.4,23.7,76.0,0.0,,,FALSE
4,Pescado blanco ahumado,32,gramos,32,32,35,7.5,0.3,0.0,0.1,0.1,0.1,10.5,0.0,0.0,18.2,0.0,2.3,5.6,0.2,135.5,326.1,42.2,0.0,,,FALSE
4,Pescado en trozo,75,gramos,75,39,35,7.3,0.5,0.0,0.1,0.1,0.1,18.7,0.0,0.0,3.9,0.7,3.1,6.9,0.1,140.8,31.6,71.8,0.0,,,FALSE
4,Pescado entero,75,gramos,75,39,35,7.3,0.5,0.0,0.1,0.1,0.1,18.7,0.0,0.0,3.9,0.7,3.1,6.9,0.1,140.8,31.6,71.8,0.0,,,FALSE
4,Pescado fileteado,40,gramos,40,40,36,7.5,0.5,0.0,0.1,0.1,0.1,19.2,0.0,0.0,4.0,0.7,3.2,7.1,0.1,144.4,32.4,73.6,0.0,,,FALSE
4,Pescado rebanado,75,gramos,75,39,35,7.3,0.5,0.0,0.1,0.1,0.1,18.7,0.0,0.0,3.9,0.7,3.1,6.9,0.1,140.8,31.6,71.8,0.0,,,FALSE
4,Pescado seco tipo bacalao,13,gramos,13,12,34,7.4,0.3,0.0,0.1,0.0,0.1,17.8,0.0,0.0,5.0,0.4,2.9,18.7,0.3,170.7,822.2,111.2,0.0,,,FALSE
4,Pez espada cocido,28,gramos,28,28,43,7.1,1.4,0.0,0.4,0.6,0.3,14.0,0.0,0.0,11.5,0.3,0.6,1.6,0.3,103.4,32.3,94.4,0.0,,,FALSE
4,Pez espada crudo,55,gramos,55,36,43,7.1,1.4,0.0,0.4,0.5,0.3,13.9,0.0,0.0,13.0,0.4,0.7,1.3,0.3,103.0,32.2,94.0,0.0,,,FALSE
4,Pez espada crudo fileteado,38,gramos,38,36,44,7.1,1.4,0.0,0.4,0.6,0.3,14.0,0.0,0.0,13.2,0.4,0.7,1.3,0.3,104.1,32.5,94.9,0.0,,,FALSE
4,Pez espada crudo rebanado,55,gramos,55,36,43,7.1,1.4,0.0,0.4,0.5,0.3,13.9,0.0,0.0,13.0,0.4,0.7,1.3,0.3,103.0,32.2,94.0,0.0,,,FALSE
4,Pollo crudo sin piel,40,gramos,40,26,48,4.6,3.1,0.0,0.9,1.3,0.7,21.2,0.0,0.0,10.5,0.0,1.5,2.8,0.2,48.4,17.9,0.0,0.0,,,FALSE
4,Pollo crudo sin piel en piezas,40,gramos,40,26,49,4.7,3.2,0.0,0.9,1.3,0.7,21.6,0.0,0.0,9.4,0.7,2.9,2.6,0.3,51.5,20.5,38.7,0.0,,,FALSE
4,Pollo deshebrado,1/4,taza,38,38,43,8.7,0.6,0.0,0.4,0.5,0.3,21.8,0.0,0.0,30.0,0.0,1.1,4.5,0.3,68.4,25.5,60.4,0.0,,,FALSE
4,Pollo sin piel cocido,30,gramos,30,30,48,8.7,1.2,0.0,0.3,0.4,0.3,23.1,0.0,0.0,2.4,0.0,0.9,3.9,0.3,54.0,19.5,47.7,0.0,,,FALSE
4,Proteína aislada de soya,10,gramos,10,10,34,8.1,0.3,0.7,0.7,0.3,0.3,1.6,0.0,0.6,28.0,1.1,0.0,17.8,1.5,8.1,100.5,77.6,0.0,,,FALSE
4,Proteína concentrada de soya,10,gramos,10,10,33,5.8,0.0,3.1,0.0,0.0,0.0,0.0,2.0,0.6,0.0,0.0,34.3,36.3,1.1,220.2,0.3,83.9,0.0,,,FALSE
4,Proteína de suero de leche,2,cdita,10,10,36,5.8,0.1,2.9,0.1,0.0,0.0,1.2,0.0,0.1,87.2,3.5,,69.8,0.1,,37.2,,0.0,,,FALSE
4,Pulmón de cerdo,55,gramos,55,48,41,6.7,1.3,0.0,0.5,0.3,0.2,153.1,0.0,0.0,0.0,5.9,1.4,3.3,9.0,145.0,73.2,93.8,0.0,,,FALSE
4,Pulpa de jaiba,1/3,taza,46,46,38,8.0,0.6,0.0,0.1,0.1,0.2,36.0,0.0,0.0,300.8,0.0,,19.9,0.4,122.4,18.9,64.7,0.0,,,FALSE
4,Pulpo cocido,25,gramos,25,25,41,7.5,0.5,1.1,0.1,0.1,0.1,24.1,0.0,0.0,22.5,2.0,6.0,26.5,2.4,157.5,1150.0,69.7,0.0,,,FALSE
4,Pulpo crudo,45,gramos,45,45,37,6.7,0.5,1.0,0.1,0.1,0.1,21.7,0.0,0.0,20.1,2.3,7.2,23.8,2.4,157.5,103.5,83.6,0.0,,,FALSE
4,Puntas de filete,30,gramos,30,30,36,7.2,0.8,0.0,0.4,0.3,0.0,14.1,0.0,0.0,41.7,0.0,3.0,2.7,0.5,90.0,18.0,63.0,0.0,,,FALSE
4,Puntas de res,30,gramos,30,30,36,7.2,0.8,0.0,0.4,0.3,0.0,14.1,0.0,0.0,41.7,0.0,3.0,2.7,0.5,90.0,18.0,63.0,0.0,,,FALSE
4,Queso Cotagge Lala Light,50,gramos,50,50,35,6.5,0.5,1.0,,,,,,,,,,0.0,,,200.0,,0.0,,,FALSE
4,Queso Cottage,3,cda,48,48,43,6.6,0.9,1.7,0.6,0.3,0.0,4.0,0.2,0.0,10.1,0.0,6.4,32.9,0.1,46.1,195.0,72.5,0.0,,,FALSE
4,Queso Cottage 1 % grasa,1/4,taza,57,57,41,7.0,0.6,1.5,0.4,0.2,0.0,2.5,1.5,0.0,6.3,0.0,7.0,34.5,0.1,48.3,229.5,75.5,0.0,,,FALSE
4,Queso Cottage 2% grasa,3,cda,48,48,43,6.6,0.9,1.7,0.6,0.3,0.0,4.0,0.2,0.0,10.1,0.0,6.4,32.9,0.1,46.1,195.0,72.5,0.0,,,FALSE
4,Queso Cottage bajo en grasa,1/4,taza,57,57,41,7.0,0.6,1.5,0.4,0.2,0.0,2.5,1.5,0.0,6.3,0.0,7.0,34.5,0.1,48.3,229.5,75.5,0.0,,,FALSE
4,Queso Mozzarella cero grasa,1,rebanada,28,28,39,8.9,0.0,1.0,0.0,0.0,0.0,5.0,0.4,0.5,36.0,0.0,,26.9,0.1,,208.0,,0.0,,,FALSE
4,Queso Suizo muy bajo en grasa,1,rebanada,28,28,50,8.0,1.4,1.0,0.9,0.4,0.1,10.0,0.4,0.0,11.0,0.0,,26.9,0.1,,73.0,,0.0,,,FALSE
4,Retazo de pescado crudo,350,gramos,350,35,35,7.2,0.5,0.0,0.1,0.1,0.2,12.8,0.0,0.0,10.7,0.6,1.8,11.1,0.1,146.0,22.2,69.2,0.0,,,FALSE
4,Riñones de carnero crudos,40,gramos,40,36,39,6.5,1.2,0.3,0.0,0.0,0.0,135.0,0.0,0.0,108.0,0.0,0.0,14.4,1.5,0.0,0.0,0.0,0.0,,,FALSE
4,Riñones de cerdo cocidos,28,gramos,28,28,42,7.1,1.3,0.0,0.4,0.4,0.1,134.4,0.0,0.0,21.8,3.1,11.5,3.6,1.5,40.0,22.4,67.2,0.0,,,FALSE
4,Riñones de res cocidos,25,gramos,25,25,40,6.8,1.2,0.0,0.3,0.2,0.2,179.0,0.0,0.0,0.0,0.0,20.8,4.8,1.5,33.8,23.5,76.0,0.0,,,FALSE
4,Riñones de ternera cocidos,25,gramos,25,25,41,6.6,1.4,0.0,0.4,0.3,0.3,197.8,0.0,0.0,50.3,2.0,5.3,7.3,0.8,39.8,27.5,93.0,0.0,,,FALSE
4,Roast beef,2.5,rebanada,33,33,36,6.6,0.9,0.5,0.4,0.6,0.1,15.6,0.1,0.0,0.0,0.0,0.0,1.9,0.6,106.3,328.8,90.0,0.0,,,FALSE
4,Róbalo cocido,30,gramos,30,30,34,7.3,0.3,0.0,0.0,0.0,0.1,22.2,0.0,0.0,5.6,0.0,3.9,12.7,0.4,119.6,26.1,72.4,0.0,,,FALSE
4,Róbalo crudo,75,gramos,75,38,33,7.2,0.3,0.0,0.0,0.0,0.1,21.8,0.0,0.0,6.5,0.0,4.5,12.6,0.4,119.0,26.1,72.0,0.0,,,FALSE
4,Róbalo fileteado,40,gramos,40,40,35,7.6,0.3,0.0,0.1,0.0,0.1,22.8,0.0,0.0,6.8,0.0,4.7,13.2,0.4,124.4,27.3,75.3,0.0,,,FALSE
4,Salmón ahumado,35,gramos,35,35,41,6.4,1.5,0.0,0.3,0.7,0.3,8.1,0.0,0.0,9.1,0.0,0.7,3.7,0.3,61.4,274.4,57.2,0.0,,,FALSE
4,Sats orugas,65,gramos,65,65,35,7.0,0.8,0.0,,,,,0.0,0.0,14.3,0.0,,35.1,2.7,,,25.4,0.0,,,FALSE
4,Sopa de almeja,3/4,taza,180,180,101,5.4,2.5,14.1,1.6,0.7,0.1,10.8,3.0,2.2,126.0,9.2,,50.4,2.0,,750.6,,0.0,,,FALSE
4,Surimi,2/3,barra,40,40,39,6.0,0.4,2.7,0.1,0.1,0.2,11.9,0.0,0.0,7.9,0.0,0.8,3.7,0.1,44.3,56.6,111.8,0.0,,,FALSE
4,Surimi imitación camarón,40,gramos,40,40,40,4.9,0.6,3.7,0.1,0.1,0.3,14.6,0.0,0.0,8.0,0.0,0.8,7.5,0.2,35.8,282.0,112.9,0.0,,,FALSE
4,Tampiqueña,1/4,pieza,30,30,36,7.2,0.8,0.0,0.4,0.3,0.0,14.1,0.0,0.0,41.7,0.0,3.0,2.7,0.5,90.0,18.0,63.0,0.0,,,FALSE
4,Tampiqueña de filete,1/4,pieza,30,30,36,7.2,0.8,0.0,0.4,0.3,0.0,14.1,0.0,0.0,41.7,0.0,3.0,2.7,0.5,90.0,18.0,63.0,0.0,,,FALSE
4,Trucha fresca,35,gramos,35,35,42,7.2,1.2,0.0,0.2,0.4,0.5,20.6,0.0,0.0,6.6,0.8,4.1,23.5,0.2,168.4,10.7,94.7,0.0,,,FALSE
4,Venado cocido (carne magra),25,gramos,25,23,42,6.0,1.8,0.0,0.9,0.4,0.1,22.1,0.0,0.0,0.0,0.0,1.8,3.2,0.8,81.9,17.6,51.3,0.0,,,FALSE
4,Venado crudo (carne magra),30,gramos,30,27,42,5.9,1.9,0.0,0.9,0.4,0.1,21.6,0.0,0.0,0.0,0.0,1.1,3.0,0.8,89.1,20.3,54.3,0.0,,,FALSE
2,Agujas de res,35,gramos,35,33,51,6.8,2.6,0.0,1.0,1.0,0.1,20.6,0.0,0.0,77.5,0.0,3.3,3.0,0.6,119.0,20.9,,0.0,,,FALSE
2,Anchoa con aceite,6,pieza,24,24,50,7.0,2.3,0.0,0.5,0.9,0.6,20.4,0.0,0.0,2.9,0.0,3.1,55.7,1.1,130.6,880.3,60.5,0.0,,,FALSE
2,Anchoas en lata,6,pieza,24,24,50,6.9,2.3,0.0,0.5,0.9,0.6,20.4,0.0,0.0,2.9,0.0,,55.7,1.1,,880.3,,0.0,,,FALSE
2,Arenque cocido,25,gramos,25,25,51,5.8,2.9,0.0,0.6,1.2,0.7,19.3,0.0,0.0,9.0,0.2,3.0,18.5,0.4,104.7,28.8,75.9,0.0,,,FALSE
2,Arenque fresco crudo,35,gramos,35,35,55,6.3,3.2,0.0,0.7,1.3,0.7,21.0,0.0,0.0,9.8,0.2,3.5,20.0,0.4,114.5,31.5,82.6,0.0,,,FALSE
2,Arrechera cruda,35,gramos,35,35,49,7.5,1.9,0.0,0.7,0.7,0.1,11.6,0.0,0.0,0.0,0.0,4.6,8.4,0.5,119.0,19.3,70.7,0.0,,,FALSE
2,Arrachera de res cocida,30,gramos,30,30,56,8.4,2.2,0.0,0.9,0.9,0.1,14.7,0.0,0.0,0.0,0.0,2.7,5.4,0.5,105.0,17.1,65.1,0.0,,,FALSE
2,Atún ahumado,30,gramos,30,30,56,7.7,3.1,0.0,0.7,0.0,1.4,10.5,0.0,0.0,0.0,0.0,,0.0,0.8,,62.7,,0.0,,,FALSE
2,Atún blanco en aceite,30,gramos,30,30,56,8.0,2.4,0.0,0.4,1.0,0.9,7.0,0.0,0.0,1.2,0.0,1.5,0.8,0.1,99.9,91.2,80.1,0.0,,,FALSE
2,Alun en aceite drenado,1/3,lata,33,33,66,9.7,2.7,0.0,0.5,1.0,1.0,10.3,0.0,0.0,7.7,0.0,1.7,4.3,0.5,69.0,118.0,103.7,0.0,,,FALSE
2,Barbacoa,50,gramos,50,40,54,7.6,2.4,0.0,1.6,0.8,0.0,26.0,0.0,0.0,0.0,0.0,0.0,2.8,0.9,118.0,30.0,0.0,0.0,,,FALSE
2,Barbacoa con hueso,65,gramos,65,38,51,7.2,2.3,0.0,1.5,0.8,0.0,24.5,0.0,0.0,0.0,0.0,0.0,2.6,0.8,111.2,28.3,0.0,0.0,,,FALSE
2,Bistec de ternera,35,gramos,35,35,55,6.9,2.8,0.0,1.2,2.0,0.1,31.5,0.0,0.0,0.0,0.0,0.0,3.9,1.1,112.0,31.5,0.0,0.0,,,FALSE
2,Bonito,60,gramos,60,31,51,7.3,2.2,0.0,0.0,0.0,0.0,0.0,0.0,0.0,0.0,0.0,0.0,8.0,0.2,89.7,12.2,0.0,0.0,,,FALSE
2,Bonito en aceite,25,gramos,25,25,55,7.3,2.9,0.0,0.5,0.8,1.4,11.7,0.0,0.0,0.0,0.0,3.9,7.2,0.3,0.0,0.0,0.0,0.0,,,FALSE
2,Bonito fileteado,30,gramos,30,30,50,7.2,2.2,0.0,0.0,0.0,0.0,0.0,0.0,0.0,0.0,0.0,0.0,7.8,0.2,87.9,12.0,0.0,0.0,,,FALSE
2,Cabeza de carnero cocida,495,gramos,495,50,55,7.0,2.8,0.0,1.5,1.0,0.0,32.2,0.0,0.0,0.0,0.0,0.0,8.4,1.0,146.0,37.1,0.0,0.0,,,FALSE
2,Cabeza de cerdo,495,gramos,495,50,55,7.0,2.8,0.0,1.5,1.0,0.0,32.2,0.0,0.0,0.0,0.0,0.0,8.4,1.0,146.0,37.1,0.0,0.0,,,FALSE
2,Calamar frito,35,gramos,35,35,61,6.3,2.6,2.7,7.0,0.9,0.7,91.0,0.0,0.0,3.7,1.6,2.1,13.6,0.4,97.6,107.1,87.7,0.0,,,FALSE
2,Carne de cerdo,40,gramos,40,40,56,7.9,2.5,0.0,0.9,1.0,0.2,26.0,0.0,0.0,0.4,0.0,1.6,2.4,0.5,13.6,32.8,0.0,0.0,,,FALSE
2,Carne de cerdo molida,40,gramos,40,40,56,7.9,2.5,0.0,0.9,1.0,0.2,26.0,0.0,0.0,0.4,0.0,1.6,2.4,0.5,13.6,32.8,0.0,0.0,,,FALSE
2,Carne de ganso de crianza,40,gramos,40,32,52,7.4,2.3,0.0,0.9,0.6,0.3,27.2,0.0,0.0,3.9,2.3,10.0,4.2,0.8,136.1,28.2,101.1,0.0,,,FALSE
2,Carne de pato de crianza,60,gramos,60,39,51,7.1,2.3,0.0,0.9,0.6,0.3,30.0,0.0,0.0,9.4,2.3,9.8,4.3,0.9,105.7,28.9,79.2,0.0,,,FALSE
2,Carne de res (promedio),30,gramos,30,30,54,6.2,3.0,0.0,1.5,1.2,0.0,19.5,0.0,0.0,1.8,0.0,0.0,3.6,0.9,106.5,19.5,0.0,0.0,,,FALSE
2,Carne de ternera,35,gramos,35,35,55,6.9,2.8,0.0,1.2,2.0,0.1,31.5,0.0,0.0,0.0,0.0,0.0,3.9,1.1,112.0,31.5,0.0,0.0,,,FALSE
2,Carne molida de cerdo,40,gramos,40,40,56,7.9,2.5,0.0,0.9,1.0,0.2,26.0,0.0,0.0,0.4,0.0,1.6,2.4,0.5,13.6,32.8,0.0,0.0,,,FALSE
2,Carne promedio,30,gramos,30,29,51,5.9,2.9,0.0,1.4,1.1,0.0,18.5,0.0,0.0,1.7,0.0,0.0,3.4,0.9,101.2,18.5,0.0,0.0,,,FALSE
2,Carnero,50,gramos,50,40,54,7.6,2.4,0.0,1.6,0.8,0.0,26.0,0.0,0.0,0.0,0.0,0.0,2.8,0.9,118.0,30.0,0.0,0.0,,,FALSE
2,Carnero con hueso,65,gramos,65,38,51,7.2,2.3,0.0,1.5,0.8,0.0,24.5,0.0,0.0,0.0,0.0,0.0,2.6,0.8,111.2,28.3,0.0,0.0,,,FALSE
2,Carpa,75,gramos,75,41,51,7.2,2.3,0.0,0.4,1.0,0.6,26.7,0.0,0.0,3.8,0.5,6.2,16.7,0.5,134.8,20.0,168.2,0.0,,,FALSE
2,Carpa cocida,30,gramos,30,30,49,6.8,2.2,0.0,0.4,0.9,0.6,25.1,0.0,0.0,2.8,0.4,5.3,15.5,0.5,128.1,19.1,159.5,0.0,,,FALSE
2,Carpa horneada,30,gramos,30,30,49,6.8,2.2,0.0,0.4,0.9,0.6,25.1,0.0,0.0,2.8,0.4,5.3,15.5,0.5,128.1,19.1,159.5,0.0,,,FALSE
2,Chamorro cocido,25,gramos,25,25,58,6.5,3.4,0.0,1.2,1.5,0.6,22.8,0.0,0.0,1.0,0.0,,3.8,0.2,,20.3,,0.0,,,FALSE
2,Chuleta de cerdo,1/2,pieza,45,38,54,7.6,2.4,0.0,0.8,1.0,0.2,24.9,0.0,0.0,0.4,0.0,1.5,2.3,0.5,13.0,31.4,0.0,0.0,,,FALSE
2,Cola de res,20,gramos,20,20,50,6.2,2.6,0.0,1.0,1.1,0.1,21.0,0.0,0.0,0.0,0.0,,2.6,0.7,,78.6,,0.0,,,FALSE
2,Conejo,40,gramos,40,32,51,6.5,2.6,0.0,1.0,1.0,0.3,20.8,0.0,0.0,0.0,0.0,1.6,5.8,0.8,115.2,13.8,0.0,0.0,,,FALSE
2,Conejo de crianza,40,gramos,40,32,51,6.5,2.6,0.0,1.0,1.0,0.3,20.8,0.0,0.0,0.0,0.0,1.6,5.8,0.8,115.2,13.8,0.0,0.0,,,FALSE
2,Corazón de borrego,45,gramos,45,45,55,7.4,2.5,0.2,0.9,0.0,0.0,60.0,0.0,0.0,0.0,0.0,0.0,0.0,0.0,0.0,39.5,0.0,0.0,,,FALSE
2,Corazón de borrego cocido,30,gramos,30,30,55,7.4,2.4,0.6,0.9,0.0,0.0,74.2,0.0,0.0,0.0,0.0,0.0,0.0,0.0,0.0,18.7,0.0,0.0,,,FALSE
2,Corazón de cordero,45,gramos,45,45,55,7.4,2.5,0.2,0.9,0.0,0.0,60.0,0.0,0.0,0.0,0.0,0.0,0.0,0.0,0.0,39.5,0.0,0.0,,,FALSE
2,Corazón de cordero cocido,30,gramos,30,30,55,7.4,2.4,0.6,0.9,0.0,0.0,74.2,0.0,0.0,0.0,0.0,0.0,0.0,0.0,0.0,18.7,0.0,0.0,,,FALSE
2,Corazón de pavo,40,gramos,40,40,58,7.3,2.8,0.3,0.8,0.0,0.0,46.3,0.0,0.0,0.0,0.0,0.0,0.0,0.0,0.0,35.1,0.0,0.0,,,FALSE
2,Corazón de pollo cocido,25,gramos,25,25,53,7.9,2.6,0.0,0.9,0.0,0.0,70.2,0.0,0.0,0.0,0.0,0.0,0.0,0.0,0.0,17.5,0.0,0.0,,,FALSE
2,Comed beef,25,gramos,25,25,54,6.7,3.1,0.0,1.3,0.0,0.0,22.3,0.0,0.0,0.0,0.0,0.0,0.0,0.6,0.0,218.8,0.0,0.0,,,FALSE
2,Comed beef con áspic,30,gramos,30,30,46,6.9,1.8,0.0,0.8,0.9,0.1,13.9,0.0,0.0,0.0,0.0,2.1,3.2,0.6,30.0,286.1,21.4,0.0,,,FALSE
2,Cueritos de cerdo,10,gramos,10,10,54,6.1,3.1,0.0,1.1,1.5,0.4,9.5,0.0,0.0,1.2,0.1,,3.0,0.1,,181.8,,0.0,,,FALSE
2,Cuete de ternera,35,gramos,35,35,55,6.9,2.8,0.0,1.2,2.0,0.1,31.5,0.0,0.0,0.0,0.0,0.0,3.9,1.1,112.0,31.5,0.0,0.0,,,FALSE
2,Falda de cerdo,40,gramos,40,40,56,7.9,2.5,0.0,0.9,1.0,0.2,26.0,0.0,0.0,0.4,0.0,1.6,2.4,0.5,13.6,32.8,0.0,0.0,,,FALSE
2,Filete de carpa,40,gramos,40,40,51,7.2,2.3,0.0,0.4,0.9,0.6,26.4,0.0,0.0,3.8,0.5,6.1,16.5,0.5,133.2,19.8,166.1,0.0,,,FALSE
2,Filete de cerdo,40,gramos,40,40,56,7.9,2.5,0.0,0.9,1.0,0.2,26.0,0.0,0.0,0.4,0.0,1.6,2.4,0.5,13.6,32.8,0.0,0.0,,,FALSE
2,Filete de puerco,40,gramos,40,40,56,7.9,2.5,0.0,0.9,1.0,0.2,26.0,0.0,0.0,0.4,0.0,1.6,2.4,0.5,13.6,32.8,0.0,0.0,,,FALSE
2,Gallina,40,gramos,40,27,59,7.6,3.0,0.0,0.9,0.8,0.6,21.2,0.0,0.0,5.4,0.0,1.9,7.1,0.5,76.7,17.4,0.0,0.0,,,FALSE
2,Gallina joven cocida,40,gramos,40,27,59,7.6,3.0,0.0,0.9,0.8,0.6,21.2,0.0,0.0,5.4,0.0,1.9,7.1,0.5,76.7,17.4,0.0,0.0,,,FALSE
2,Ganso de crianza,40,gramos,40,32,52,7.4,2.3,0.0,0.9,0.6,0.3,27.2,0.0,0.0,3.9,2.3,10.0,4.2,0.8,136.1,28.2,101.1,0.0,,,FALSE
2,Guajolote,45,gramos,45,36,57,7.3,2.8,0.0,0.8,0.8,0.7,26.0,0.0,0.0,0.7,0.0,2.8,5.3,0.5,94.6,23.1,0.0,0.0,,,FALSE
2,Hígado de ganso crudo,40,gramos,40,40,53,6.5,1.7,2.5,0.6,0.3,0.1,206.0,0.0,0.0,37236.0,1.8,295.2,17.2,12.2,92.0,56.0,104.4,0.0,,,FALSE
2,Hígado de borrego cocido,25,gramos,25,25,55,7.6,2.2,0.6,0.9,0.5,0.3,125.3,,0.0,1872.8,1.0,18.3,2.0,2.1,55.3,14.0,105.0,0.0,,,FALSE
2,Hígado de cerdo cocido,30,gramos,30,30,50,7.8,1.3,1.1,0.4,0.2,0.3,106.5,,0.0,1621.5,7.1,48.9,3.0,5.4,45.0,14.7,72.3,0.0,,,FALSE
2,Hígado de ganso,1/2,pieza,47,47,63,7.7,2.0,3.0,0.7,0.4,0.1,242.1,0.0,0.0,1375.2,2.1,346.9,20.2,14.3,108.1,65.8,122.7,0.0,,,FALSE
2,Hígado de pato crudo,40,gramos,40,40,54,7.5,1.8,1.4,0.6,0.3,0.2,206.0,0.0,0.0,1793.6,1.8,295.2,4.4,12.2,92.0,56.0,107.6,0.0,,,FALSE
2,Hígado de pavo,4,cda,35,35,59,8.4,2.1,1.2,0.7,0.5,0.4,219.1,0.0,0.0,1403.4,0.7,233.1,3.9,2.7,67.9,22.4,95.2,0.0,,,FALSE
2,Hígado de pollo cocido,30,gramos,30,30,50,7.3,2.0,0.3,0.6,0.4,0.6,168.9,,,1194.5,8.4,173.4,3.3,3.5,78.9,22.8,121.5,0.0,,,FALSE
2,Hígado de pollo crudo,40,gramos,40,40,48,7.2,1.6,1.4,0.5,0.3,0.2,120.0,,,1452.0,1.6,295.2,4.4,3.4,91.2,31.6,54.4,0.0,,,FALSE
2,Hígado de res cocido,30,gramos,30,30,48,7.3,1.5,1.0,0.6,0.2,0.3,116.7,0.0,0.0,31806.0,6.9,65.1,2.1,2.0,70.5,21.0,121.2,0.0,,,FALSE
2,Hígado de res frito,25,gramos,25,25,54,6.7,2.0,2.0,0.7,0.4,0.4,120.5,0.0,0.0,3682.5,5.8,55.0,2.8,1.6,91.0,26.5,115.3,0.0,,,FALSE
2,Hueva de pescado cocida,25,gramos,25,25,51,7.2,2.1,0.5,0.5,0.5,0.9,119.8,0.0,0.0,22.8,4.1,23.0,7.0,0.2,70.8,29.3,128.8,0.0,,,FALSE
2,Huevo congelado sin colesterol,4,cda,60,60,96,6.8,6.7,1.9,1.2,1.5,3.7,1.0,0.0,0.0,81.0,0.0,10.0,44.0,1.2,128.0,120.0,43.0,0.0,,,FALSE
2,Huevo de tortuga,50,gramos,50,45,51,5.6,2.8,0.4,0.0,0.0,0.0,0.0,0.0,0.0,28.9,0.0,0.0,27.6,0.7,0.0,0.0,0.0,0.0,,,FALSE
2,Jamón bajo en grasa,2,rebanada,42,42,56,8.1,2.1,0.5,0.8,1.1,0.2,19.5,0.0,0.0,0.0,0.0,1.5,3.0,0.3,147.0,600.0,91.5,0.0,,,FALSE
2,Jamón de pavo,2,rebanada,42,42,54,8.0,2.1,0.1,0.7,0.5,0.7,23.6,0.0,0.0,0.0,0.0,2.2,4.4,1.2,136.3,418.5,80.3,0.0,,,FALSE
2,Jamón de pierna,2,rebanada,42,42,56,8.1,2.1,0.5,0.8,1.1,0.2,19.5,0.0,0.0,0.0,0.0,1.5,3.0,0.3,147.0,600.0,91.5,0.0,,,FALSE
2,Lomo de cerdo,40,gramos,40,40,56,7.9,2.5,0.0,0.9,1.0,0.2,26.0,0.0,0.0,0.4,0.0,1.6,2.4,0.5,13.6,32.8,0.0,0.0,,,FALSE
2,Lomo de cerdo en trozos,40,gramos,40,40,56,7.9,2.5,0.0,0.9,1.0,0.2,26.0,0.0,0.0,0.4,0.0,1.6,2.4,0.5,13.6,32.8,0.0,0.0,,,FALSE
2,Maciza de carnero,50,gramos,50,40,54,7.6,2.4,0.0,1.6,0.8,0.0,26.0,0.0,0.0,0.0,0.0,0.0,2.8,0.9,118.0,30.0,0.0,0.0,,,FALSE
2,Maciza de ternera,35,gramos,35,35,55,6.9,2.8,0.0,1.2,2.0,0.1,31.5,0.0,0.0,0.0,0.0,0.0,3.9,1.1,112.0,31.5,0.0,0.0,,,FALSE
2,Marlín,35,gramos,35,35,50,6.9,2.3,0.0,0.6,1.0,0.5,23.1,0.0,0.0,12.6,0.0,,1.8,0.1,,28.4,,0.0,,,FALSE
2,Milanesa de cerdo,40,gramos,40,40,56,7.9,2.5,0.0,0.9,1.0,0.2,26.0,0.0,0.0,0.4,0.0,1.6,2.4,0.5,13.6,32.8,0.0,0.0,,,FALSE
2,Milanesa de ternera,35,gramos,35,35,55,6.9,2.8,0.0,1.2,2.0,0.1,31.5,0.0,0.0,0.0,0.0,0.0,3.9,1.1,112.0,31.5,0.0,0.0,,,FALSE
2,Molida de cerdo,40,gramos,40,40,56,7.9,2.5,0.0,0.9,1.0,0.2,26.0,0.0,0.0,0.4,0.0,1.6,2.4,0.5,13.6,32.8,0.0,0.0,,,FALSE
2,Molida de pavo,35,gramos,35,35,52,6.9,2.7,0.0,0.7,0.9,0.8,24.2,0.0,0.0,7.0,0.0,,6.7,0.4,,20.3,,0.0,,,FALSE
2,Molida de res,30,gramos,30,30,54,6.2,3.0,0.0,1.5,1.2,0.0,19.5,0.0,0.0,1.8,0.0,0.0,3.6,0.9,106.5,19.5,0.0,0.0,,,FALSE
2,Molida de sirloin,25,gramos,25,25,51,7.6,2.0,0.0,0.8,0.9,0.1,22.3,0.0,0.0,0.0,0.0,2.5,2.8,0.8,100.8,16.5,61.0,0.0,,,FALSE
2,Molida especial,30,gramos,30,30,54,6.2,3.0,0.0,1.5,1.2,0.0,19.5,0.0,0.0,1.8,0.0,0.0,3.6,0.9,106.5,19.5,0.0,0.0,,,FALSE
2,Molida regular de res (10% grasa),30,gramos,30,30,54,6.2,3.0,0.0,1.5,1.2,0.0,19.5,0.0,0.0,1.8,0.0,0.0,3.6,0.9,106.5,19.5,0.0,0.0,,,FALSE
2,Muslo de pollo crudo sin piel,1/2,pieza,60,45,54,8.8,1.8,0.0,0.5,0.5,0.4,37.4,0.0,0.0,9.0,0.0,4.5,4.5,0.5,104.0,38.7,75.6,0.0,,,FALSE
2,Ostión cocido,35,gramos,35,35,57,6.6,1.6,3.5,0.4,0.2,0.6,35.0,0.0,0.0,51.1,4.5,5.3,5.8,3.2,105.8,74.1,85.2,0.0,,,FALSE
2,Ostión crudo,75,gramos,75,75,61,7.1,1.7,3.7,0.4,0.3,0.7,37.5,0.0,0.0,60.9,6.0,7.5,6.2,3.8,126.2,79.4,121.8,0.0,,,FALSE
2,Ostión cultivado,9,pieza,126,126,75,6.6,2.0,6.9,0.6,0.2,0.8,31.5,0.0,0.0,10.5,6.0,22.5,55.5,7.3,156.0,225.0,117.0,0.0,,,FALSE
2,Ostión cultivado cocido,9,pieza,88,88,70,6.1,1.9,6.4,0.6,0.1,0.6,32.9,0.0,0.0,16.4,6.0,20.9,49.3,6.8,134.5,143.5,101.7,0.0,,,FALSE
2,Ostión en jugo,70,gramos,70,70,57,6.6,1.6,3.5,0.3,0.2,0.7,35.0,0.0,0.0,56.8,5.6,7.0,5.8,3.6,117.8,74.1,113.6,0.0,,,FALSE
2,Ostión enlatado,100,gramos,100,100,69,7.1,2.5,3.9,0.6,0.2,0.7,55.3,0.0,0.0,90.6,4.7,9.4,44.7,6.7,229.4,111.8,138.8,0.0,,,FALSE
2,Pámpano,65,gramos,65,33,55,6.2,3.1,0.0,1.1,0.8,0.4,16.3,0.0,0.0,0.0,0.0,0.0,5.5,0.0,62.1,15.3,0.0,0.0,,,FALSE
2,Pámpano cocido,25,gramos,25,25,53,5.9,3.0,0.0,1.1,0.8,0.4,15.9,0.0,0.0,9.1,0.0,4.4,10.9,0.2,159.1,19.1,85.3,0.0,,,FALSE
2,Pámpano fileteado,35,gramos,35,35,60,6.7,3.3,0.0,1.2,0.9,0.4,17.5,0.0,0.0,0.0,0.0,0.0,6.0,0.0,66.9,16.5,0.0,0.0,,,FALSE
2,Pancita de puerco,35,gramos,35,35,55,5.8,3.4,0.0,1.2,1.5,0.4,67.6,0.0,0.0,0.0,0.0,0.7,3.5,0.8,70.4,18.2,54.3,0.0,,,FALSE
2,Pasta de anchoas,4,cdita,28,28,56,5.6,3.2,1.2,0.0,0.0,2.0,0.0,0.0,0.0,0.0,0.0,0.0,0.0,0.0,0.0,0.0,0.0,0.0,,,FALSE
2,Pasta de camarón,30,gramos,30,30,54,6.2,2.8,0.5,0.0,0.0,0.0,0.0,0.0,0.0,0.0,0.0,0.0,0.0,0.1,0.0,0.0,0.0,0.0,,,FALSE
2,Pasta de langosta,4,cdita,28,28,52,6.0,2.8,0.4,0.0,0.0,0.0,0.0,0.0,0.0,0.0,0.0,0.0,20.0,0.4,0.0,0.0,52.0,0.0,,,FALSE
2,Pastrami de pavo,2,rebanada,42,42,59,7.7,2.6,0.7,0.7,0.9,0.7,22.8,0.0,0.0,0.0,0.0,2.2,3.7,0.7,109.1,439.2,84.0,0.0,,,FALSE
2,Pato de crianza,60,gramos,60,39,51,7.1,2.3,0.0,0.9,0.6,0.3,30.0,0.0,0.0,9.4,2.3,9.8,4.3,0.9,105.7,28.9,79.2,0.0,,,FALSE
2,Pavo,45,gramos,45,36,57,7.3,2.8,0.0,0.8,0.8,0.7,26.0,0.0,0.0,0.7,0.0,2.8,5.3,0.5,94.6,23.1,0.0,0.0,,,FALSE
2,Pavo entero,45,gramos,45,36,57,7.3,2.8,0.0,0.8,0.8,0.7,26.0,0.0,0.0,0.7,0.0,2.8,5.3,0.5,94.6,23.1,0.0,0.0,,,FALSE
2,Pechuga de pollo con piel,35,gramos,35,30,55,6.0,3.3,0.0,1.0,0.2,0.6,19.9,0.0,0.0,11.6,0.0,1.2,3.3,0.2,60.7,19.3,0.0,0.0,,,FALSE
2,Pescado blanco,75,gramos,75,39,52,7.4,2.3,0.0,0.4,0.8,0.8,23.4,0.0,0.0,14.2,0.0,6.0,10.1,0.1,123.9,19.7,105.5,0.0,,,FALSE
2,Pescado blanco cocido,30,gramos,30,30,52,7.3,2.3,0.0,0.4,0.8,0.8,22.9,0.0,0.0,11.6,0.0,4.9,9.9,0.1,121.8,19.4,103.8,0.0,,,FALSE
2,Pescado blanco fileteado,35,gramos,35,35,47,6.7,2.1,0.0,0.3,0.7,0.8,21.0,0.0,0.0,12.6,0.0,5.3,9.1,0.1,111.0,17.9,94.5,0.0,,,FALSE
2,Pescuezo de pollo sin piel,125,pieza,125,38,58,6.6,3.3,0.0,0.8,1.0,0.8,31.1,0.0,0.0,16.5,1.0,3.0,10.1,0.8,65.6,30.4,42.4,0.0,,,FALSE
2,Pescuezo de res,50,gramos,50,33,50,6.7,2.4,0.0,0.8,0.9,0.1,19.8,0.0,0.0,37.7,0.0,2.3,1.6,0.6,106.6,25.4,0.0,0.0,,,FALSE
2,Pierna de carnero,50,gramos,50,40,54,7.6,2.4,0.0,1.6,0.8,0.0,26.0,0.0,0.0,0.0,0.0,0.0,2.8,0.9,118.0,30.0,0.0,0.0,,,FALSE
2,Pierna de cerdo,40,gramos,40,40,56,7.9,2.5,0.0,0.9,1.0,0.2,26.0,0.0,0.0,0.4,0.0,1.6,2.4,0.5,13.6,32.8,0.0,0.0,,,FALSE
2,Pierna de cordero,30,gramos,30,26,49,7.2,2.0,0.0,0.7,0.9,0.1,22.7,0.0,0.0,0.0,0.0,5.9,2.0,0.5,86.2,17.3,52.5,0.0,,,FALSE
2,Pierna de pollo sin piel cocida,0.25,pieza,45,26,47,6.7,2.1,0.0,0.6,0.8,0.5,22.8,0.0,0.0,4.6,0.0,2.1,2.8,0.4,48.7,20.0,38.2,0.0,,,FALSE
2,Pierna de pollo sin piel cruda,0.3333333333333333,pieza,76,43,52,8.7,1.6,0.0,0.4,0.5,0.4,34.6,0.0,0.0,7.8,0.0,4.3,4.8,0.4,99.1,37.2,72.2,0.0,,,FALSE
2,Pierna de puerco,40,gramos,40,40,56,7.9,2.5,0.0,0.9,1.0,0.2,26.0,0.0,0.0,0.4,0.0,1.6,2.4,0.5,13.6,32.8,0.0,0.0,,,FALSE
2,Pulpa de cerdo,40,gramos,40,40,56,7.9,2.5,0.0,0.9,1.0,0.2,26.0,0.0,0.0,0.4,0.0,1.6,2.4,0.5,13.6,32.8,0.0,0.0,,,FALSE
2,Pulpa de ternera,40,gramos,40,38,59,7.5,3.0,0.0,1.3,2.1,0.1,34.2,0.0,0.0,0.0,0.0,0.0,4.2,1.1,121.6,34.2,0.0,0.0,,,FALSE
2,Queso Cheddar bajo en grasa,30,gramos,30,30,53,7.4,2.1,0.5,1.3,0.6,0.1,6.4,0.0,0.0,19.3,0.0,3.2,126.4,0.1,20.4,186.4,146.8,0.0,,,FALSE
2,Queso Cottage cremoso,3,cda,54,54,56,6.8,2.5,1.5,1.5,0.8,0.0,7.7,0.4,0.0,25.1,0.0,5.8,32.8,0.1,46.3,217.9,71.4,0.0,,,FALSE
2,Queso de soya,2,rebanada,56,56,84,7.0,4.6,3.8,0.6,1.0,2.6,0.0,0.8,0.0,2.0,0.0,,106.0,0.0,,12.0,,0.0,,,FALSE
2,Queso fresco,40,gramos,40,40,58,6.1,2.8,2.0,0.0,0.0,0.0,0.0,0.0,0.0,28.0,0.0,0.0,273.6,0.1,0.0,0.0,0.0,0.0,,,FALSE
2,Queso fresco de cabra,30,gramos,30,30,52,7.1,1.5,2.6,1.1,0.4,0.1,7.8,,,12.0,0.0,,260.1,1.7,,,,0.0,,,FALSE
2,Queso fresco de vaca,40,gramos,40,40,58,6.1,2.8,2.0,0.0,0.0,0.0,0.0,0.0,0.0,28.0,0.0,0.0,273.6,0.1,0.0,0.0,0.0,0.0,,,FALSE
2,Queso Oaxaca Lala Light,30,gramos,30,30,64,7.8,3.3,0.8,,,,,,,,,,230.0,,,190.0,,0.0,,,FALSE
2,Queso Panela,40,gramos,40,40,58,6.1,2.8,2.0,0.0,0.0,0.0,0.0,0.0,0.0,28.0,0.0,0.0,273.6,0.1,0.0,0.0,0.0,0.0,,,FALSE
2,Queso Panela Lala Light,30,gramos,30,30,52,5.7,2.7,1.2,,,,,,,,,,200.0,,,180.0,,0.0,,,FALSE
2,Queso Ricotta reducido en grasa*,3,cda,45,45,62,5.1,3.6,2.3,2.2,1.1,0.1,13.8,0.1,0.0,48.3,0.0,,122.3,0.0,,56.3,,0.0,,,FALSE
2,Recorte de cerdo cocido,25,gramos,25,25,59,6.5,3.4,0.0,1.2,1.4,0.3,20.8,0.0,0.0,0.5,0.0,,5.0,0.2,,13.8,,0.0,,,FALSE
2,Retazo de carnero,500,gramos,500,50,56,7.1,2.8,0.0,1.5,1.0,0.0,32.5,0.0,0.0,0.0,0.0,0.0,8.5,1.1,147.5,37.5,0.0,0.0,,,FALSE
2,Rib Eye sin grasa,25,gramos,25,25,56,7.0,2.9,0.0,1.2,1.2,0.1,20.0,0.0,0.0,0.0,0.0,2.0,3.3,0.6,98.5,17.3,52.0,0.0,,,FALSE
2,Salmón,30,gramos,30,30,55,6.0,3.2,0.0,0.7,1.2,1.2,17.6,0.0,0.0,4.6,1.1,7.8,3.5,0.1,108.7,17.6,69.9,0.0,,,FALSE
2,Salmón cocido,30,gramos,30,30,55,6.0,3.2,0.0,0.7,1.2,1.2,17.6,0.0,0.0,4.6,1.1,7.8,3.5,0.1,108.7,17.6,69.9,0.0,,,FALSE
2,Salmón fresco,30,gramos,30,30,55,6.0,3.2,0.0,0.7,1.2,1.2,17.6,0.0,0.0,4.6,1.1,7.8,3.5,0.1,108.7,17.6,69.9,0.0,,,FALSE
2,Short Loin,25,gramos,25,25,54,7.2,2.6,0.0,1.0,1.0,0.1,19.0,0.0,0.0,0.0,0.0,2.0,2.0,0.6,99.0,17.0,54.5,0.0,,,FALSE
2,Sierra ahumada,30,gramos,30,30,51,7.3,2.2,0.0,0.6,0.6,0.7,20.5,0.0,0.0,25.8,1.1,7.1,25.8,0.1,132.4,12.7,79.8,0.0,,,FALSE
2,Sirloin,25,gramos,25,25,51,7.6,2.0,0.0,0.8,0.9,0.1,22.3,0.0,0.0,0.0,0.0,2.5,2.8,0.8,100.8,16.5,61.0,0.0,,,FALSE
2,Sustifulo de huevo en polvo,3,cda,15,15,67,8.3,2.0,3.3,0.6,0.8,0.3,85.8,3.3,0.0,55.4,0.1,18.8,48.9,0.5,111.6,120.0,71.7,0.0,,,FALSE
2,Si isliluLo de huevo liquido,4,cda,60,60,51,7.1,2.0,0.4,0.4,0.5,1.0,0.0,0.0,0.0,130.2,0.0,8.9,31.9,1.3,197.9,106.0,72.8,0.0,,,FALSE
2,T bone sin grasa,30,gramos,30,24,49,6.4,2.4,0.0,0.9,1.1,0.1,14.2,0.0,0.0,0.0,0.0,1.9,1.4,0.8,90.7,17.0,51.6,0.0,,,FALSE
2,Ternera,35,gramos,35,35,55,6.9,2.8,0.0,1.2,2.0,0.1,31.5,0.0,0.0,0.0,0.0,0.0,3.9,1.1,112.0,31.5,0.0,0.0,,,FALSE
2,Ternera en canal,40,gramos,40,38,59,7.5,3.0,0.0,1.3,2.1,0.1,34.2,0.0,0.0,0.0,0.0,0.0,4.2,1.1,121.6,34.2,0.0,0.0,,,FALSE
2,"Tofu, firme",40,gramos,40,40,58,6.3,3.5,1.7,0.0,0.0,0.0,0.0,0.0,0.9,,,,,,,,,0.0,,,FALSE
2,Trucha,70,gramos,70,32,54,5.9,3.2,0.0,0.5,1.2,1.1,15.5,0.0,0.0,0.0,0.0,4.2,3.9,0.3,122.4,22.5,0.0,0.0,,,FALSE
2,Trucha ahumada,30,gramos,30,30,51,7.3,2.2,0.0,0.6,0.6,0.7,20.5,0.0,0.0,25.8,1.1,7.1,25.8,0.1,132.4,12.7,79.8,0.0,,,FALSE
2,Trucha cocida,30,gramos,30,30,51,7.3,2.2,0.0,0.6,0.6,0.7,20.5,0.0,0.0,25.8,1.1,7.1,25.8,0.1,132.4,12.7,79.8,0.0,,,FALSE
2,Trucha fileteada,35,gramos,35,35,59,6.4,3.5,0.0,0.6,1.3,1.2,16.8,0.0,0.0,0.0,0.0,4.6,4.2,0.4,133.0,24.5,0.0,0.0,,,FALSE
3,Anguila,40,gramos,40,40,74,7.4,4.7,0.0,0.9,2.9,0.4,50.4,0.0,0.0,417.2,0.7,,8.0,0.2,,20.4,,0.0,,,FALSE
3,Arenque marinado,1/4,filete,46,46,73,8.3,4.2,0.0,0.9,1.7,1.0,27.6,0.0,0.0,12.9,0.3,4.6,26.2,0.5,150.4,41.4,108.6,0.0,,,FALSE
3,Bistec de bola,25,gramos,25,25,71,7.2,4.5,0.0,1.7,2.0,0.2,24.0,0.0,0.0,0.0,0.0,2.5,1.5,0.8,70.5,12.5,61.3,0.0,,,FALSE
3,Bola de res,25,gramos,25,25,71,7.2,4.5,0.0,1.7,2.0,0.2,24.0,0.0,0.0,0.0,0.0,2.5,1.5,0.8,70.5,12.5,61.3,0.0,,,FALSE
3,Boquerones (fritos),40,gramos,40,40,70,7.7,4.1,0.1,0.0,0.0,0.0,0.0,0.0,0.0,0.0,0.0,0.0,67.2,0.0,0.0,0.0,0.0,0.0,,,FALSE
3,Carne de suadero,29,gramos,29,29,76,7.8,4.8,0.0,2.0,2.0,0.1,20.9,0.0,0.0,0.0,0.0,2.6,17.0,1.0,97.7,20.3,74.2,0.0,,,FALSE
3,Carne deshebrada,30,gramos,30,30,75,7.4,4.8,0.0,1.9,2.1,0.2,24.6,0.0,0.0,0.0,0.0,2.7,2.1,0.7,67.2,14.7,37.2,0.0,,,FALSE
3,Carne molida extra magra cocida,30,gramos,30,30,75,7.4,4.8,0.0,1.9,2.1,0.2,24.6,0.0,0.0,0.0,0.0,2.7,2.1,0.7,67.2,14.7,37.2,0.0,,,FALSE
3,Carne molida extra magra salteada,30,gramos,30,30,77,7.5,4.9,0.0,2.0,2.2,0.2,24.3,0.0,0.0,0.0,0.0,2.7,2.1,0.7,93.6,21.0,48.0,0.0,,,FALSE
3,Caviar,5,cdita,27,27,67,6.6,4.8,1.1,1.1,1.2,2.0,156.6,0.0,0.0,72.2,0.0,13.3,73.3,3.2,48.3,399.8,94.9,0.0,,,FALSE
3,Caviar negro,5,cdita,27,27,67,6.6,4.8,1.1,1.1,1.2,2.0,156.6,0.0,0.0,72.2,0.0,13.3,73.3,3.2,48.3,399.8,94.9,0.0,,,FALSE
3,Caviar rojo,5,cdita,27,27,67,6.6,4.8,1.1,1.1,1.2,2.0,156.6,0.0,0.0,72.2,0.0,13.3,73.3,3.2,48.3,399.8,94.9,0.0,,,FALSE
3,Chicharrón,12,gramos,12,12,72,6.9,4.7,0.0,1.7,1.6,0.4,8.9,0.0,0.0,0.0,0.0,0.0,7.3,0.3,0.0,0.0,0.0,0.0,,,FALSE
3,Chicharrón de cerdo,12,gramos,12,12,72,6.9,4.7,0.0,1.7,1.6,0.4,8.9,0.0,0.0,0.0,0.0,0.0,7.3,0.3,0.0,0.0,0.0,0.0,,,FALSE
3,Chicharrón de puerco,12,gramos,12,12,72,6.9,4.7,0.0,1.7,1.6,0.4,8.9,0.0,0.0,0.0,0.0,0.0,7.3,0.3,0.0,0.0,0.0,0.0,,,FALSE
3,Costillar do cerdo,50,gramos,50,33,69,6.5,4.6,0.0,1.6,2.0,0.5,19.5,0.0,0.0,0.7,0.1,2.0,1.6,0.2,124.8,13.7,62.7,0.0,,,FALSE
3,Costillitas de cerdo,50,gramos,50,33,69,6.5,4.6,0.0,1.6,2.0,0.5,19.5,0.0,0.0,0.7,0.1,2.0,1.6,0.2,124.8,13.7,62.7,0.0,,,FALSE
3,Dedos Mozzarella,1,pieza,24,24,78,3.5,4.4,6.0,1.6,1.0,1.2,8.6,0.6,0.5,23.8,0.0,,80.2,0.1,,206.6,,0.0,,,FALSE
3,Escamol,15,gramos,15,15,86,6.5,5.1,3.4,,,,,0.0,0.3,,,,2.6,0.0,0.5,0.1,,0.0,,,FALSE
3,Filete de salmón,30,gramos,30,30,55,6.0,3.2,0.0,0.7,1.2,1.2,17.6,0.0,0.0,4.6,1.1,7.8,3.5,0.1,108.7,17.6,69.9,0.0,,,FALSE
3,Gusano blanco de maguey',15,gramos,15,15,91,5.4,6.3,3.4,,,,,0.0,0.7,,,,1.9,0.0,0.6,0.0,,0.0,,,FALSE
3,Gusanos de maguey,35,gramos,35,35,70,5.8,4.8,0.0,0.0,0.0,0.0,0.0,0.0,0.0,0.0,0.0,0.0,49.7,1.5,0.0,0.0,0.0,0.0,,,FALSE
3,"Huevo ""enriquecido con DHA-Omega 3 y Vitamina E""",1,pieza,63,55,70,6.0,4.5,0.7,0.0,0.0,0.0,199.7,0.0,0.0,0.0,0.0,0.0,0.0,0.0,0.0,70.0,0.0,0.0,,,FALSE
3,Huevo Agrá,1,pieza,63,55,70,6.0,4.5,0.7,0.0,0.0,0.0,199.7,0.0,0.0,0.0,0.0,0.0,0.0,0.0,0.0,70.0,0.0,0.0,,,FALSE
3,Huevo batido o revuelto cocido,3,cda,41,41,69,4.6,5.0,0.9,1.5,2.0,0.9,144.7,0.7,0.0,57.5,0.1,12.3,29.2,0.5,56.7,115.1,69.9,0.0,,,FALSE
3,Huevo blanco cocido,1,pieza,50,44,68,5.5,4.7,0.5,1.4,1.8,0.6,186.6,0.5,0.0,73.9,0.0,19.4,22.0,0.5,55.4,54.6,75.7,0.0,,,FALSE
3,Huevo cocido,1,pieza,50,44,68,5.5,4.7,0.5,1.4,1.8,0.6,186.6,0.5,0.0,73.9,0.0,19.4,22.0,0.5,55.4,54.6,75.7,0.0,,,FALSE
3,Huevo de codorniz fresco,6,pieza,54,50,78,6.5,5.5,0.2,1.8,2.1,0.7,419.5,0.2,0.0,77.0,0.0,32.8,31.8,1.8,65.6,70.0,112.3,0.0,,,FALSE
3,Huevo deshidratado,2.5,cda,13,13,76,6.0,5.4,0.2,1.7,2.1,0.9,203.8,0.0,0.0,62.5,0.0,14.9,29.5,0.5,67.5,60.0,78.6,0.0,,,FALSE
3,Huevo en polvo,2.5,cda,13,13,76,6.0,5.4,0.2,1.7,2.1,0.9,203.8,0.0,0.0,62.5,0.0,14.9,29.6,0.5,67.5,60.0,78.6,0.0,,,FALSE
3,Huevo entero cocido,1,pieza,50,44,68,5.5,4.7,0.5,1.4,1.8,0.6,186.6,0.5,0.0,73.9,0.0,19.4,22.0,0.5,55.4,54.6,75.7,0.0,,,FALSE
3,Huevo entero fresco,1,pieza,50,44,63,5.5,4.4,0.3,1.3,1.7,0.6,186.1,0.3,0.0,61.6,0.0,20.7,23.3,0.8,59.0,61.6,84.0,0.0,,,FALSE
3,Huevo fresco,1,pieza,50,44,63,5.5,4.4,0.3,1.3,1.7,0.6,186.1,0.3,0.0,61.6,0.0,20.7,23.3,0.8,59.0,61.6,84.0,0.0,,,FALSE
3,Huevo pochado,1,pieza,50,50,71,6.3,5.0,0.4,1.5,1.9,0.7,211.0,0.4,0.0,69.5,0.0,17.5,26.5,0.9,66.5,147.0,95.0,0.0,,,FALSE
3,Huevo rojo cocido,1,pieza,50,44,68,5.5,4.7,0.5,1.4,1.8,0.6,186.6,0.5,0.0,73.9,0.0,19.4,22.0,0.5,55.4,54.6,75.7,0.0,,,FALSE
3,Longaniza de primera,45,gramos,45,44,78,7.3,5.2,0.0,0.0,0.0,0.0,,0.0,0.0,6.6,0.0,0.0,17.6,2.1,0.0,0.0,0.0,0.0,,,FALSE
3,Macarela cocida,1/3,filete,29,29,76,6.9,5.2,0.0,1.2,2.0,1.3,21.9,0.0,0.0,15.7,0.1,0.3,4.4,0.5,116.5,24.1,80.6,0.0,,,FALSE
3,Macarela fresca,1/3,filete,37,37,76,6.9,5.1,0.0,1.2,2.0,1.2,25.9,0.0,0.0,18.7,0.0,0.4,4.3,0.6,116.1,33.5,80.4,0.0,,,FALSE
3,Muslo de pollo con piel cocido con hueso,1/3,pieza,43,33,76,7.6,4.8,0.0,1.3,1.9,1.1,27.4,0.0,0.0,14.3,0.0,0.0,3.6,0.4,55.4,23.1,45.3,0.0,,,FALSE
3,Muslo de pollo con piel crudo con hueso,1/3,pieza,43,34,72,5.9,5.2,0.0,1.5,2.2,1.1,285.0,0.0,0.0,13.9,0.8,2.7,3.4,0.3,65.1,25.8,49.1,0.0,,,FALSE
3,Orejas de cerdo,1/4,pieza,28,28,66,6.3,4.3,0.2,1.5,1.9,0.5,23.2,0.0,0.0,0.0,0.0,0.0,5.9,0.7,15.5,54.0,11.6,0.0,,,FALSE
3,Pata de cerdo cocida,150,gramos,150,51,71,5.9,5.1,0.0,1.5,3.4,4.0,42.3,0.0,0.0,5.6,0.0,0.5,16.3,0.2,6.6,285.6,44.4,0.0,,,FALSE
3,Pata de cerdo cocidas,150,gramos,150,51,71,5.9,5.1,0.0,1.5,3.4,0.4,42.3,0.0,0.0,5.6,0.0,0.5,16.3,0.2,6.6,285.6,44.4,0.0,,,FALSE
3,Patas de cerdo en escabeche,150,gramos,150,51,71,5.9,5.1,0.0,1.5,3.4,0.4,42.3,0.0,0.0,5.6,0.0,0.5,16.3,0.2,6.6,285.6,44.4,0.0,,,FALSE
3,Patitas de cerdo encurtidas sin hueso,150,gramos,150,51,71,5.9,5.1,0.0,1.5,3.4,0.4,42.3,0.0,0.0,5.6,0.0,0.5,16.3,0.2,6.6,285.6,44.4,0.0,,,FALSE
3,Pecho de res,50,gramos,50,37,76,6.4,5.4,0.0,2.2,2.6,0.3,25.9,0.0,0.0,6.6,0.0,1.8,2.6,0.2,104.4,25.9,62.8,0.0,,,FALSE
3,Pierna de pollo con piel cocida,1/3,pieza,63,36,79,8.7,4.6,0.0,1.3,1.8,1.0,30.2,0.0,0.0,12.9,0.0,0.0,4.0,0.5,63.2,26.2,49.9,0.0,,,FALSE
3,Pierna y muslo de pollo con piel,1/5,pieza,61,40,74,7.2,4.8,0.0,1.4,1.9,1.1,32.9,0.0,0.0,14.3,1.0,4.4,4.0,0.4,78.5,31.3,59.1,0.0,,,FALSE
3,Queso blanco,35,gramos,35,35,77,6.0,5.1,1.8,0.0,0.0,0.0,26.3,0.0,0.0,22.5,0.0,0.0,0.0,0.0,0.0,0.0,0.0,0.0,,,FALSE
3,Queso de soya,2,rebanada,56,56,84,7.0,4.6,3.8,0.6,1.0,2.6,0.0,0.8,0.0,2.0,0.0,,106.0,0.0,,12.0,,0.0,,,FALSE
3,Queso Holandés,20,gramos,20,20,75,6.7,5.2,1.6,0.0,0.0,0.0,17.0,0.0,0.0,56.6,0.0,0.0,165.8,3.0,0.0,0.0,0.0,0.0,,,FALSE
3,Queso Monterrey bajo en grasa,1,rebanada,28,28,88,7.9,6.0,0.2,3.9,1.6,0.2,18.0,0.2,0.0,40.0,0.0,,197.0,0.2,,158.0,,0.0,,,FALSE
3,Queso Mozzarella reducido en grasa,1,rebanada,28,28,71,6.8,4.5,0.8,2.8,1.3,0.1,17.9,0.3,0.0,35.6,0.0,2.5,219.0,0.1,23.5,173.3,129.6,0.0,,,FALSE
3,Queso Mozzarella semidescremado,30,gramos,30,30,76,7.3,4.8,0.8,3.0,1.4,0.1,19.2,0.3,0.0,37.2,0.0,2.7,234.6,0.1,25.2,185.7,138.9,0.0,,,FALSE
3,Queso Muenster bajo en grasa,1,rebanada,28,28,77,6.9,4.9,14.1,3.1,1.4,0.2,18.0,1.0,0.0,49.0,0.0,,148.0,0.1,,168.0,,0.0,,,FALSE
3,Queso Parmesano,3.5,cda,18,18,75,6.7,5.0,0.9,3.0,1.5,0.2,15.4,0.2,0.0,20.5,0.0,1.8,194.1,0.2,21.9,267.6,127.6,0.0,,,FALSE
3,Queso Parmesano duro,20,gramos,20,20,78,7.2,5.2,0.6,3.3,1.5,0.1,13.6,0.2,0.0,21.2,0.0,1.4,236.8,0.2,18.4,320.4,138.8,0.0,,,FALSE
3,Queso Parmesano en trozo,20,gramos,20,20,78,7.2,5.2,0.6,3.3,1.5,0.1,13.6,0.2,0.0,21.2,0.0,1.4,236.8,0.2,18.4,320.4,138.8,0.0,,,FALSE
3,Queso Parmesano rallado,3.5,cda,18,18,75,6.7,5.0,0.9,3.0,1.5,0.2,15.4,0.2,0.0,20.5,0.0,1.8,194.1,0.2,21.9,267.6,127.6,0.0,,,FALSE
3,Queso Ricotta semidescremado,55,gramos,55,55,76,6.3,4.3,2.8,2.7,1.3,0.1,16.9,0.2,0.0,57.8,0.0,7.2,149.5,0.2,68.8,68.8,100.2,0.0,,,FALSE
3,Queso Tipo Americano Lala Light,30,gramos,30,30,63,5.0,3.8,1.7,,,,,,,,0.0,,,,,480.0,,0.0,,,FALSE
3,Requesón promedio,3.5,cda,42,42,76,6.3,5.0,1.3,2.6,0.8,0.1,10.5,,,,0.0,3.8,38.6,0.2,22.7,163.8,,0.0,,,FALSE
3,Sabritas chicharrón de cerdo,1/2,bolsa chica,15,15,83,8.5,5.5,0.0,2.3,2.3,0.5,12.5,0.0,0.0,0.0,0.0,,0.0,0.0,,260.0,,0.0,,,FALSE
3,Salami de pavo,6,rebanada,42,42,72,8.1,3.9,0.7,1.2,1.3,1.0,31.9,0.5,0.0,0.8,0.0,4.2,16.8,0.5,90.7,421.7,111.7,0.0,,,FALSE
3,Salchicha de pavo,1,pieza,61,61,120,14.6,6.4,1.0,1.4,1.8,1.7,56.4,0.0,0.0,6.7,0.4,3.7,13.5,0.9,182.5,407.3,123.7,0.0,,,FALSE
3,Salchicha vegetariana,1,pieza,25,25,64,4.6,4.5,2.5,0.7,1.1,2.3,0.0,0.0,0.7,0.0,0.0,6.5,15.8,0.9,57.8,222.0,56.3,0.0,,,FALSE
3,Salmón en aceite,35,gramos,35,35,71,7.6,4.9,0.0,1.4,1.9,1.3,28.0,0.0,0.0,6.3,0.0,9.1,27.7,0.3,44.1,165.6,0.0,0.0,,,FALSE
3,Sardinas en aceite,3,pieza,36,36,75,8.9,4.1,0.0,0.6,1.4,1.9,51.1,0.0,0.0,11.5,0.0,4.3,137.5,1.1,142.9,181.8,176.4,0.0,,,FALSE
3,Sardinas en tomate,1,pieza,38,38,71,7.9,4.0,0.3,1.0,1.8,0.8,23.2,0.2,0.0,12.2,0.4,9.1,91.2,0.9,129.6,157.3,139.1,0.0,,,FALSE
3,Sesos de cerdo cocidos,50,gramos,50,50,69,6.1,4.8,0.0,1.1,0.9,0.8,1276.0,0.0,0.0,0.0,7.0,2.0,4.5,0.9,97.5,45.5,110.0,0.0,,,FALSE
3,Sesos de cordero cocidos,50,gramos,50,50,73,6.3,5.1,0.0,1.3,0.9,0.5,1021.0,0.0,0.0,0.0,6.0,2.5,6.0,0.8,102.5,67.0,168.5,0.0,,,FALSE
3,Sesos de ternera cocidos,50,gramos,50,50,68,5.7,4.8,0.0,1.1,0.9,0.7,1550.0,0.0,0.0,0.0,6.5,1.5,8.0,0.8,107.0,78.0,192.5,0.0,,,FALSE
3,Sierra,50,gramos,50,38,78,7.3,5.2,0.0,1.4,2.0,1.4,30.0,0.0,0.0,50.6,0.0,0.0,1.9,0.4,0.0,0.0,0.0,0.0,,,FALSE
3,Sierra fileteada,35,gramos,35,35,73,6.8,4.9,0.0,1.3,1.9,1.3,28.0,0.0,0.0,47.3,0.0,0.0,1.8,0.4,0.0,0.0,0.0,0.0,,,FALSE
3,Sierra picada,35,gramos,35,35,73,6.8,4.9,0.0,1.3,1.9,1.3,28.0,0.0,0.0,47.3,0.0,0.0,1.8,0.4,0.0,0.0,0.0,0.0,,,FALSE
3,Suadero crudo,29,gramos,29,29,76,7.8,4.8,0.0,2.0,2.0,0.1,20.9,0.0,0.0,0.0,0.0,2.6,1.7,1.0,97.7,20.3,74.2,0.0,,,FALSE
3,Sustituto de queso Mozzarella,1,rebanada,28,28,69,3.2,3.4,6.6,1.0,1.7,0.5,0.0,6.6,0.0,122.0,0.0,,171.0,0.1,,192.0,,0.0,,,FALSE
1,Alitas de pollo,2,pieza,70,36,96,8.4,6.7,0.0,1.9,3.0,1.6,49.9,0.0,0.0,4.4,0.0,,6.6,0.3,,146.3,,0.0,,,FALSE
1,Alitas de pollo enchiladas,2,pieza,70,36,86,8.4,6.7,3.1,2.2,0.0,0.0,48.7,0.0,0.0,0.0,0.0,,0.0,0.0,,178.9,,0.0,,,FALSE
1,Alón de pollo con piel cocido,1,pieza,98,51,117,11.6,8.6,0.0,2.4,3.4,1.8,35.7,0.0,0.0,20.4,0.0,1.5,6.1,0.6,70.8,34.1,61.7,0.0,,,FALSE
1,Alón de pollo con piel crudo,1,pieza,95,51,114,9.4,8.2,0.0,2.3,3.3,1.7,39.5,0.0,0.0,22.6,0.4,2.1,6.2,0.5,80.0,37.4,67.7,0.0,,,FALSE
1,Añejo tipo Cotija,2,cda,24,24,70,6.8,8.0,0.3,0.0,0.0,0.0,20.4,0.0,0.0,156.0,0.0,0.0,206.4,0.6,0.0,0.0,0.0,0.0,,,FALSE
1,Carne de res semigrasosa,40,gramos,40,38,98,7.0,7.5,0.0,3.2,2.8,0.2,26.2,0.0,0.0,3.4,0.0,2.7,2.7,0.8,115.1,22.4,0.0,0.0,,,FALSE
1,Carne molida popular de res,40,gramos,40,33,97,5.2,8.3,0.0,3.3,3.0,0.2,24.3,0.0,0.0,3.9,0.0,2.3,2.6,0.6,87.6,19.4,0.0,0.0,,,FALSE
1,Carne molida regular,40,gramos,40,40,107,7.2,8.5,0.0,4.0,3.6,0.0,29.6,0.0,0.0,4.8,0.0,0.0,4.0,1.1,94.4,26.0,0.0,0.0,,,FALSE
1,Carne molida regular cocida,35,gramos,35,35,100,8.1,7.3,0.0,2.9,3.2,0.3,30.5,0.0,0.0,0.0,0.0,3.2,3.5,0.8,77.4,21.0,48.0,0.0,,,FALSE
1,Carne obscura de pollo con piel,40,gramos,40,40,95,6.7,7.3,0.0,2.1,3.1,1.6,32.4,0.0,0.0,19.6,0.8,2.8,4.4,0.4,71.2,29.2,54.4,0.0,,,FALSE
1,Cecina de res,50,gramos,50,50,98,7.3,7.4,0.0,2.3,3.0,0.2,42.6,0.0,0.0,0.0,3.5,0.0,3.5,0.8,147.0,602.4,0.0,0.0,,,FALSE
1,Cerdo en canal,40,gramos,40,28,111,3.8,10.6,0.0,3.9,4.5,1.0,20.7,0.0,0.0,0.6,0.0,1.1,1.4,0.2,68.3,12.3,0.0,0.0,,,FALSE
1,Cheez Whiz,2,cda,33,33,91,4.0,6.9,3.0,4.3,0.0,0.0,24.8,2.2,0.1,,0.1,,118.5,0.1,79.2,540.5,266.0,0.0,,,FALSE
1,Chuleta de carnero,40,gramos,40,36,105,5.6,9.0,0.0,5.4,3.2,0.4,25.6,0.0,0.0,0.0,0.0,0.0,1.8,0.8,106.2,27.0,0.0,0.0,,,FALSE
1,Chuleta de cordero entera,1/3,pieza,82,45,94,8.3,6.5,0.0,3.1,2.7,0.3,29.9,0.0,0.0,,0.0,8.2,5.0,0.8,139.7,26.8,87.1,0.0,,,FALSE
1,Cordero,50,gramos,46,37,104,6.1,8.6,0.0,3.7,3.5,0.7,26.9,0.0,0.0,0.0,0.0,6.6,5.9,0.6,81.7,21.7,57.8,0.0,,,FALSE
1,Costilla de carnero,45,gramos,45,36,105,5.6,9.0,0.0,5.4,3.2,0.4,25.6,0.0,0.0,0.0,0.0,0.0,1.8,0.8,106.2,27.0,0.0,0.0,,,FALSE
1,Costilla de res,40,gramos,40,29,112,4.5,10.3,0.0,4.5,3.7,3.9,21.6,0.0,0.0,0.0,0.0,1.5,2.3,0.5,69.8,15.2,41.8,0.0,,,FALSE
1,Espaldilla,45,gramos,45,36,99,5.8,8.2,0.0,3.0,3.5,0.8,25.9,0.0,0.0,0.7,0.0,1.4,1.8,0.4,105.1,22.7,0.0,0.0,,,FALSE
1,Espaldilla de cerdo,45,gramos,45,36,99,5.8,8.2,0.0,3.0,3.5,0.8,25.9,0.0,0.0,0.7,0.0,1.4,1.8,0.4,105.1,22.7,0.0,0.0,,,FALSE
1,Espinazo,45,gramos,45,36,99,5.8,8.2,0.0,3.0,3.5,0.8,25.9,0.0,0.0,0.7,0.0,1.4,1.8,0.4,105.1,22.7,0.0,0.0,,,FALSE
1,Espinazo de cerdo,45,gramos,45,36,99,5.8,8.2,0.0,3.0,3.5,0.8,25.9,0.0,0.0,0.7,0.0,1.4,1.8,0.4,105.1,22.7,0.0,0.0,,,FALSE
1,Fondue de queso,3.5,cda,46,46,104,6.5,6.1,1.7,4.0,1.6,0.2,20.6,0.0,0.0,,0.0,1.7,216.5,0.2,47.6,60.2,139.0,0.0,,,FALSE
1,Hamburguesa de pollo,30,gramos,30,30,88,4.3,6.0,4.1,1.2,2.7,1.6,13.5,0.0,0.4,3.3,0.0,,6.0,0.3,,155.4,,0.0,,,FALSE
1,Huevo de gansa,1/2,pieza,72,63,116,8.7,8.3,0.8,2.3,3.6,1.0,533.7,0.6,0.0,115.9,0.0,47.6,37.8,2.3,131.4,86.6,130.1,0.0,,,FALSE
1,Huevo de pato,1,pieza,70,62,114,7.9,8.5,0.9,2.3,4.0,0.8,544.7,0.6,0.0,118.3,0.0,49.3,39.6,2.4,136.8,89.8,135.5,0.0,,,FALSE
1,Huevo de pavo,1,pieza,79,70,119,9.5,8.3,0.8,2.5,3.2,1.2,648.6,0.0,0.0,115.4,0.0,49.4,68.6,2.9,98.6,105.0,118.2,0.0,,,FALSE
1,Huevo estrellado,1,pieza,46,46,90,6.3,7.0,0.4,2.0,2.9,1.2,210.2,0.4,0.0,88.8,0.0,23.5,27.1,0.9,67.6,93.8,95.7,0.0,,,FALSE
1,Huevo frito,1,pieza,46,46,90,6.3,7.0,0.4,2.0,2.9,1.2,210.2,0.4,0.0,88.8,0.0,23.5,27.1,0.9,67.6,93.8,95.7,0.0,,,FALSE
1,Huevo revuelto,60,gramos,60,60,100,6.7,7.3,1.3,2.2,2.9,1.3,211.5,1.0,0.0,84.0,0.1,18.0,42.6,0.7,82.8,168.0,102.0,0.0,,,FALSE
1,Jamón ahumado,1.5,rebanada*,32,32,95,4.9,8.2,0.2,2.2,3.0,0.8,28.0,0.0,0.0,0.0,0.0,,3.0,0.4,84.5,382.5,73.5,0.0,,,FALSE
1,Jamón americano,1.5,rebanada*,32,32,95,4.9,8.2,0.2,2.2,3.0,0.8,28.0,0.0,0.0,0.0,0.0,1.3,3.2,0.4,84.4,391.2,73.4,0.0,,,FALSE
1,Jamón bajo en sodio,1.5,rebanada*,27,27,82,4.2,7.0,0.2,1.9,2.6,0.7,24.0,0.0,0.0,0.0,0.0,0.0,1.7,0.4,249.4,225.4,68.6,0.0,,,FALSE
1,Jamón cocido,1.5,rebanada*,32,32,95,4.9,8.2,0.2,2.2,3.0,0.8,28.0,0.0,0.0,0.0,0.0,,3.0,0.5,89.0,424.5,75.3,0.0,,,FALSE
1,Jamón del diablo,3.5,cda,40,40,100,6.2,8.6,0.0,2.9,0.0,0.0,28.6,0.0,0.0,0.0,0.0,0.0,0.0,0.3,0.0,333.3,0.0,0.0,,,FALSE
1,Jamón horneado,1.5,rebanada*,32,32,95,4.9,8.2,0.2,2.2,3.0,0.8,28.0,0.0,0.0,0.0,0.0,1.3,3.2,0.4,84.4,391.2,73.4,0.0,,,FALSE
1,Jamón Virginia,1.5,rebanada*,32,32,95,4.9,8.2,0.2,2.2,3.0,0.8,28.0,0.0,0.0,0.0,0.0,,3.0,0.5,89.0,424.5,75.3,0.0,,,FALSE
1,Jumiles,20,gramos,20,20,89,6.4,6.8,0.0,0.0,0.0,0.0,0.0,0.0,0.0,0.0,0.0,0.0,15.6,2.0,0.0,0.0,0.0,0.0,,,FALSE
1,Lengua de cerdo cocida,30,gramos,30,30,81,7.2,5.6,0.0,1.9,2.6,0.6,43.8,0.0,0.0,0.0,0.6,1.2,5.7,1.5,71.1,32.7,52.2,0.0,,,FALSE
1,Lengua de res cocida,45,gramos,45,35,100,6.8,7.8,0.0,2.9,3.5,0.3,46.3,0.0,0.0,0.0,0.5,2.5,1.8,0.9,64.6,22.8,50.9,0.0,,,FALSE
1,Maciza de cerdo,35,gramos,35,35,92,5.9,7.4,0.0,2.8,3.3,0.7,25.2,0.0,0.0,0.7,0.2,1.8,4.9,0.3,100.5,19.6,61.3,0.0,,,FALSE
1,Maciza de puerco,35,gramos,35,35,92,5.9,7.4,0.0,2.8,3.3,0.7,25.2,0.0,0.0,0.7,0.2,1.8,4.9,0.3,100.5,19.6,61.3,0.0,,,FALSE
1,Molida de carnero,40,gramos,40,38,96,6.9,7.4,0.0,4.6,2.7,0.4,27.0,0.0,0.0,0.0,0.0,0.0,2.7,1.0,114.0,30.4,0.0,0.0,,,FALSE
1,Molida popular de res,40,gramos,40,33,97,5.2,8.3,0.0,3.3,3.0,0.2,24.3,0.0,0.0,3.9,0.0,2.3,2.6,0.6,87.6,19.4,0.0,0.0,,,FALSE
1,Molleja de res,30,gramos,30,30,96,6.6,7.5,0.0,2.6,2.6,1.4,88.2,0.0,0.0,0.0,9.1,,3.0,0.4,,34.8,,0.0,,,FALSE
1,Morcilla,1,rebanada**,25,25,95,3.7,8.6,0.3,3.4,4.0,0.9,30.0,0.3,0.0,0.0,0.0,1.3,1.5,1.6,9.5,170.0,5.5,0.0,,,FALSE
1,Morcilla de arroz,1,rebanada**,25,25,95,3.7,8.6,0.3,3.4,4.0,0.9,30.0,0.3,0.0,0.0,0.0,1.3,1.5,1.6,9.5,170.0,5.5,0.0,,,FALSE
1,Moronga,1,rebanada**,25,25,95,3.7,8.6,0.3,3.4,4.0,0.9,30.0,0.3,0.0,0.0,0.0,1.3,1.5,1.6,9.5,170.0,5.5,0.0,,,FALSE
1,Mortadela,1.5,rebanada,32,32,99,5.3,8.0,1.1,2.9,3.6,1.1,18.3,0.0,0.0,0.0,0.0,0.0,6.3,0.4,50.4,392.7,31.5,0.0,,,FALSE
1,Mozzarella fresco,35,gramos,35,35,105,7.8,7.8,0.8,4.6,2.3,0.3,27.5,0.4,0.0,60.9,0.0,2.5,176.8,0.2,26.6,219.5,123.9,0.0,,,FALSE
1,Nugget de pollo,2,pieza,34,34,101,5.2,6.7,4.8,1.4,3.0,1.5,14.6,0.0,0.7,0.0,0.0,1.0,10.5,0.4,87.0,189.4,67.3,0.0,,,FALSE
1,Nugget de queso,3,pieza,43,43,105,4.5,5.5,10.0,2.0,0.0,0.0,5.0,1.5,1.0,0.0,0.0,0.0,75.2,0.2,0.0,531.2,0.0,0.0,,,FALSE
1,Nuggets de pescado,2,pieza,40,40,95,3.2,3.8,12.0,0.4,2.2,1.1,1.6,2.4,0.0,0.0,0.0,,0.0,0.0,,328.0,,0.0,,,FALSE
1,Nuguet de soya,2,pieza,34,34,98,4.8,6.4,5.3,1.0,1.6,3.5,0.8,0.3,1.8,0.0,0.0,0.0,16.0,0.6,61.2,283.6,68.8,0.0,,,FALSE
1,Ostión ahumado,55,gramos,55,55,109,4.9,6.9,6.4,1.7,2.6,18.0,44.6,0.0,0.0,49.8,1.9,7.8,34.3,3.8,134.6,229.7,87.4,0.0,,,FALSE
1,Ostión empanizado,55,gramos,55,55,109,4.9,6.9,6.4,1.7,2.6,1.8,44.6,0.0,0.0,49.8,1.9,7.8,34.3,3.8,134.6,229.7,87.4,0.0,,,FALSE
1,Palitos de pescado congelados,1.5,pieza,42,42,116,6.6,5.3,10.1,1.4,2.1,1.4,48.0,0.0,0.0,13.5,0.0,7.5,9.0,0.3,111.0,247.5,76.5,0.0,,,FALSE
1,Paloma,45,gramos,45,35,102,6.4,8.2,0.0,2.9,3.4,1.1,32.9,0.0,0.0,25.3,1.8,2.1,4.2,1.2,69.0,18.7,85.9,0.0,,,FALSE
1,Palomitas de pollo,5,pieza,31,31,98,5.5,6.7,6.6,1.2,1.8,3.1,12.4,0.0,0.3,0.0,0.0,,9.9,0.4,,353.4,,0.0,,,FALSE
1,Pastel de pavo,1.5,rebanada,32,32,105,3.9,9.6,0.6,3.5,4.5,1.1,19.5,0.0,0.0,0.0,0.0,1.5,1.5,0.2,67.5,406.5,25.5,0.0,,,FALSE
1,Pastel de pollo,40,gramos,40,40,106,4.0,8.7,2.9,2.9,4.6,1.1,28.6,1.4,0.0,0.0,0.0,0.0,41.4,0.7,72.9,511.4,51.4,0.0,,,FALSE
1,Pastel de puerco,1.5,rebanada,32,32,105,3.9,9.6,0.6,3.5,4.5,1.1,19.5,0.0,0.0,0.0,0.0,1.5,1.5,0.2,67.5,406.5,25.5,0.0,,,FALSE
1,Pastel de ternera,40,gramos,40,40,106,4.0,8.7,2.9,2.9,4.6,1.1,28.6,1.4,0.0,0.0,0.0,0.0,41.4,0.7,72.9,511.4,51.4,0.0,,,FALSE
1,Pata de carnero cocida,50,gramos,50,35,38,7.4,7.4,0.0,0.0,0.0,0.0,0.0,0.0,0.0,0.0,0.0,0.0,18.2,0.4,0.0,0.0,0.0,0.0,,,FALSE
1,Peperami,3/4,pieza,19,19,103,4.0,9.3,1.0,3.9,3.8,0.8,25.3,0.0,0.0,31.9,0.9,0.0,13.1,0.6,47.8,277.5,33.8,0.0,,,FALSE
1,Peperoni,10,rebanada,20,20,99,4.5,8.8,0.0,3.0,3.4,0.7,21.0,0.0,0.0,0.0,0.1,1.0,4.4,0.3,55.8,330.6,35.4,0.0,,,FALSE
1,Pescuezo de pollo con piel sin hueso,1,pieza,50,32,95,4.5,8.4,0.0,2.3,3.4,1.8,31.7,0.0,0.0,20.8,0.0,1.6,5.8,0.6,43.8,20.5,35.8,0.0,,,FALSE
1,Pollo crispy,45,gramos,45,34,106,5.4,7.1,5.1,1.7,0.0,0.0,20.0,0.0,0.6,0.0,0.0,0.0,5.7,0.3,0.0,154.4,0.0,0.0,,,FALSE
1,Pollo rostizado,1/3,pieza,50,28,80,6.7,6.3,0.0,1.9,2.5,1.4,0.0,0.0,0.0,57.4,0.0,0.0,2.8,0.5,0.0,0.0,0.0,0.0,,,FALSE
1,Pulpa de res,25,gramos,25,25,87,6.8,6.5,0.0,2.6,2.8,0.2,26.0,0.0,0.0,0.0,0.0,1.3,3.3,0.8,58.5,16.3,50.8,0.0,,,FALSE
1,Queso amarillo,2,rebanada,42,42,100,7.0,5.9,4.9,3.7,1.7,0.2,15.1,3.3,0.0,47.9,0.0,2.9,236.0,0.1,101.6,564.9,299.0,0.0,,,FALSE
1,Queso Americano fundido,7,cdita,39,39,105,5.8,8.2,2.3,5.8,0.0,0.0,23.3,2.3,0.0,0.0,0.0,0.0,175.0,0.0,87.5,653.3,350.0,0.0,,,FALSE
1,Queso añejo,25,gramos,25,25,95,5.4,7.6,1.2,4.8,2.1,0.3,26.8,0.0,0.0,16.1,0.0,0.0,172.3,0.1,22.3,286.6,112.5,0.0,,,FALSE
1,Queso añejo rallado,4,cda,29,29,109,6.3,8.7,1.3,5.5,2.5,0.3,30.8,0.0,0.0,18.5,0.0,0.0,198.2,0.1,25.7,329.7,129.4,0.0,,,FALSE
1,Queso Asadero,1,rebanada,28,28,100,6.4,8.0,0.8,5.1,2.3,0.2,30.0,0.8,0.0,18.0,0.0,2.0,187.0,0.1,24.0,186.0,126.0,0.0,,,FALSE
1,Queso Blue Cheese,30,gramos,30,30,106,6.4,8.6,0.7,5.6,2.3,0.2,22.5,0.2,0.0,69.6,0.0,10.7,160.7,0.1,78.2,424.3,117.9,0.0,,,FALSE
1,Queso Brick,25,gramos,25,25,94,5.9,7.5,0.7,4.7,2.1,0.2,24.1,0.0,0.0,76.8,0.0,5.4,170.5,0.1,33.9,142.0,114.3,0.0,,,FALSE
1,Queso Brie,30,gramos,30,30,102,6.3,8.4,0.1,5.3,2.5,0.2,30.0,0.0,0.0,55.7,0.0,19.3,55.7,0.2,46.1,190.7,56.8,0.0,,,FALSE
1,Queso Camembert,35,gramos,35,35,106,7.0,8.6,0.1,5.4,2.5,0.3,25.0,0.0,0.0,88.8,0.0,22.5,137.5,0.1,66.3,298.8,122.5,0.0,,,FALSE
1,Queso Canasto,30,gramos,30,30,87,8.5,10.0,0.4,0.0,0.0,0.0,25.5,0.0,0.0,195.0,0.0,0.0,258.0,0.7,0.0,0.0,0.0,0.0,,,FALSE
1,Queso Cheddar,3/4,rebanada,21,21,85,5.2,7.0,0.3,4.4,2.0,0.2,22.1,0.4,0.0,63.6,0.0,3.9,151.5,0.1,20.6,130.3,107.6,0.0,,,FALSE
1,Queso Cheddar rallado,1/4,taza,28,28,114,7.0,9.4,0.4,6.0,2.7,0.3,29.8,0.5,0.0,85.5,0.0,5.3,203.8,0.2,27.8,175.3,144.8,0.0,,,FALSE
1,Queso Cheezwlz,2,cda,33,33,91,4.0,6.9,3.0,4.3,0.0,0.0,24.8,2.2,0.1,,0.1,,118.5,0.1,79.2,540.5,266.0,0.0,,,FALSE
1,Queso Cheshire,1,rebanada,28,28,108,6.5,8.6,1.3,5.5,2.4,0.2,29.0,,0.0,65.0,,,180.0,0.1,,196.0,,0.0,,,FALSE
1,Queso Chihuahua,25,gramos,25,25,94,5.4,7.5,1.4,4.7,2.1,0.3,26.3,1.4,0.0,16.1,0.0,0.9,162.8,0.1,13.4,156.3,111.6,0.0,,,FALSE
1,Queso Chihuahua fresco,1,rebanada,28,28,105,6.0,8.4,1.6,5.3,2.4,0.3,29.4,1.6,0.0,18.0,0.0,1.0,182.3,0.1,15.0,175.0,125.0,0.0,,,FALSE
1,Queso Chihuahua rallado,1/4,taza,28,28,106,6.1,8.5,1.6,5.3,2.4,0.3,29.7,1.6,0.0,18.2,0.0,1.0,183.9,0.1,15.1,176.6,126.1,0.0,,,FALSE
1,Queso Colby estilo Cheddar,1,rebanada,28,28,110,6.7,9.0,0.7,5.7,2.6,0.3,27.0,0.1,0.0,74.0,,,192.0,0.2,,169.0,,0.0,,,FALSE
1,Queso Cotlja,30,gramos,30,30,87,8.5,10.0,0.4,0.0,0.0,0.0,25.5,0.0,0.0,195.0,0.0,0.0,258.0,0.7,0.0,0.0,0.0,0.0,,,FALSE
1,Queso crema light,3,cda,45,45,104,4.8,7.9,3.2,5.0,2.2,0.3,25.2,0.1,0.0,81.5,0.0,8.1,50.4,0.8,75.2,133.2,65.7,0.0,,,FALSE
1,Queso de cabra con ceniza,35,gramos,35,35,94,6.6,7.4,0.3,5.1,1.8,0.1,16.3,0.3,0.0,100.0,0.0,3.8,49.0,0.7,8.8,130.0,91.3,0.0,,,FALSE
1,Queso de cabra duro,20,gramos,20,20,91,6.2,7.2,0.4,5.0,1.6,0.1,21.4,0.0,0.0,96.4,0.0,0.7,181.4,0.4,10.0,70.0,147.9,0.0,,,FALSE
1,Queso de cabra semi suave,1,rebanada,28,28,102,6.0,8.4,0.7,5.8,1.9,1.9,22.0,0.7,0.0,114.0,,,83.0,0.5,,144.0,,0.0,,,FALSE
1,Queso de cabra suave,35,gramos,35,35,94,6.6,7.4,0.3,5.1,1.8,1.8,16.3,0.3,0.0,100.0,0.0,3.8,49.0,0.7,8.8,130.0,91.3,0.0,,,FALSE
1,Queso Edam,30,gramos,30,30,107,7.5,8.3,0.4,5.3,2.4,2.4,26.8,0.4,0.0,72.6,0.0,4.8,219.3,0.1,56.4,289.5,160.8,0.0,,,FALSE
1,Queso Feta,40,gramos,40,40,106,5.7,8.5,1.6,6.0,1.8,1.8,35.7,1.6,0.0,50.0,0.0,12.8,197.2,0.3,25.7,451.4,137.1,0.0,,,FALSE
1,Queso Fontina,25,gramos,25,25,97,6.4,7.8,0.4,4.8,2.2,2.2,29.0,0.4,0.0,64.5,0.0,1.5,137.5,0.1,16.0,200.0,86.5,0.0,,,FALSE
1,Queso fundido,3,cda,45,45,103,6.4,6.0,1.7,3.9,1.6,1.6,20.4,0.0,0.0,,0.0,1.7,214.2,0.2,47.1,59.6,137.5,0.0,,,FALSE
1,Queso Gouda,30,gramos,30,30,107,7.5,8.2,0.7,5.3,2.3,2.3,34.3,0.7,0.0,49.2,0.0,6.3,210.0,0.1,36.3,245.7,163.8,0.0,,,FALSE
1,Queso Gruyere,25,gramos,25,25,103,7.5,8.1,0.1,4.7,2.5,2.5,27.5,0.1,0.0,67.0,0.0,2.5,252.8,0.0,20.3,84.0,151.3,0.0,,,FALSE
1,Queso Lmburger,1,rebanada,28,28,92,5.6,7.6,0.1,4.7,2.4,2.4,25.0,0.1,0.0,95.0,,,139.0,0.0,,224.0,,0.0,,,FALSE
1,Queso Manchego,25,gramos,25,25,102,6.1,8.1,1.2,0.0,0.0,0.0,0.0,0.0,0.0,0.0,0.0,0.0,0.0,0.0,0.0,0.0,0.0,0.0,,,FALSE
1,Queso Manchego rallado,25,gramos,25,25,102,6.1,8.1,1.2,0.0,0.0,0.0,0.0,0.0,0.0,0.0,0.0,0.0,0.0,0.0,0.0,0.0,0.0,0.0,,,FALSE
1,Queso Manchego rebanado,25,gramos,25,25,102,6.1,8.1,1.2,0.0,0.0,0.0,0.0,0.0,0.0,0.0,0.0,0.0,0.0,0.0,0.0,0.0,0.0,0.0,,,FALSE
1,Queso Menonita,25,gramos,25,25,95,5.4,7.5,1.4,4.7,2.1,2.1,26.8,0.0,0.0,16.1,0.0,0.9,165.2,0.1,13.4,156.3,111.6,0.0,,,FALSE
1,Queso Monterrey,25,gramos,25,25,93,6.1,7.6,0.2,4.8,2.2,2.2,22.3,0.1,0.0,48.0,0.0,4.5,186.5,0.2,20.3,134.0,111.0,0.0,,,FALSE
1,Queso Mozzarella,35,gramos,35,35,105,7.8,7.8,0.8,4.6,2.3,2.3,27.5,0.4,0.0,60.9,0.0,2.5,176.8,0.2,26.6,219.5,123.9,0.0,,,FALSE
1,Queso Mozzarella rallado,35,gramos,35,35,105,7.8,7.8,0.8,4.6,2.3,2.3,27.5,0.4,0.0,60.9,0.0,2.5,176.8,0.2,26.6,219.5,123.9,0.0,,,FALSE
1,Queso Mozzarella suave,1,rebanada,28,28,89,6.0,6.9,0.7,4.4,2.0,2.0,25.0,0.3,0.0,53.8,0.0,2.2,163.0,0.1,21.0,116.2,115.4,0.0,,,FALSE
1,Queso Muenster,1,rebanada,28,28,103,6.6,8.4,0.3,5.4,2.4,0.2,27.0,0.3,0.0,83.0,,,201.0,0.1,,176.0,,0.0,,,FALSE
1,Queso Neufchatel,35,gramos,35,35,91,3.5,8.2,1.0,5.2,2.4,0.2,26.6,0.0,0.0,101.2,0.0,3.9,26.3,0.1,39.9,139.7,47.6,0.0,,,FALSE
1,Queso Oaxaca,30,gramos,30,30,95,7.7,6.6,0.9,0.0,0.0,0.0,25.8,0.0,0.0,0.8,0.0,0.0,140.7,1.0,0.0,0.0,0.0,0.0,,,FALSE
1,Queso pasteurizado Americano,1,rebanada,28,28,105,6.2,8.7,0.4,5.5,2.1,0.2,26.3,0.0,0.0,69.2,0.0,2.2,172.5,0.1,45.4,400.4,0.0,0.0,,,FALSE
1,Queso pasteurizado Suizo,1.5,rebanada,32,32,105,7.8,7.9,0.7,5.1,2.2,0.2,26.8,0.4,0.0,60.5,0.0,0.0,243.2,0.2,68.0,431.6,0.0,0.0,,,FALSE
1,Queso Port Salut,1,rebanada,28,28,99,6.7,7.9,0.2,4.7,2.6,0.2,34.4,0.2,0.0,87.6,0.0,5.0,182.0,0.1,38.1,149.5,100.8,0.0,,,FALSE
1,Queso Provolone,1,rebanada,28,28,98,7.2,7.5,0.6,4.8,2.1,0.2,19.3,0.2,0.0,64.4,0.0,2.8,211.7,0.1,38.6,245.3,138.9,0.0,,,FALSE
1,Queso Ricotta,1/4,taza,62,62,107,6.9,8.0,1.9,5.1,2.2,0.2,31.2,0.2,0.0,72.0,0.0,7.4,127.5,0.2,64.5,51.6,97.2,0.0,,,FALSE
1,Queso Romano,23,gramos,23,23,89,7.3,6.2,0.8,3.9,1.8,0.1,23.8,0.2,0.0,20.7,0.0,1.6,244.7,0.2,19.7,276.0,174.8,0.0,,,FALSE
1,Queso Roquefort,25,gramos,25,25,92,5.4,7.7,0.5,4.8,2.1,0.3,22.5,0.0,0.0,72.5,0.0,12.3,165.5,0.1,22.8,452.3,98.0,0.0,,,FALSE
1,Queso Suizo,1,rebanada,28,28,106,7.5,7.8,1.5,5.0,2.1,0.3,26.0,0.4,0.0,59.9,0.0,1.7,221.5,0.1,21.6,53.8,158.8,0.0,,,FALSE
1,Queso Suizo rallado,6,cda,43,43,95,7.4,6.3,2.3,0.0,0.0,0.0,32.4,0.0,0.0,27.7,0.0,0.0,297.2,0.0,0.0,0.0,0.0,0.0,,,FALSE
1,Queso tipo Americano,1.5,rebanada,27,27,101,6.0,8.5,0.4,5.3,2.4,0.3,25.1,0.1,0.0,68.5,,,149.5,0.0,,402.1,,0.0,,,FALSE
1,Queso tipo Roquefort,25,gramos,25,25,92,5.4,7.7,0.5,4.8,2.1,0.3,22.5,0.0,0.0,72.5,0.0,12.3,165.5,0.1,22.8,452.3,98.0,0.0,,,FALSE
1,Queso Velveta,35,gramos,35,35,100,6.3,7.5,3.8,5.0,0.0,0.0,25.0,2.5,0.0,0.0,0.0,0.0,187.5,0.0,100.0,525.0,312.5,0.0,,,FALSE
1,Retazo,350,gramos,350,35,104,5.6,8.9,0.0,3.5,3.2,0.2,25.9,0.0,0.0,4.2,0.0,2.5,2.8,0.6,93.5,20.7,0.0,0.0,,,FALSE
1,Retazo con hueso,350,gramos,350,35,104,5.6,8.9,0.0,3.5,3.2,0.2,25.9,0.0,0.0,4.2,0.0,2.5,2.8,0.6,93.5,20.7,0.0,0.0,,,FALSE
1,Retazo de pollo,350,gramos,350,35,104,5.6,8.9,0.0,3.5,3.2,0.2,25.9,0.0,0.0,4.2,0.0,2.5,2.8,0.6,93.5,20.7,0.0,0.0,,,FALSE
1,Retazo de res,350,gramos,350,35,104,5.6,8.9,0.0,3.5,3.2,0.2,25.9,0.0,0.0,4.2,0.0,2.5,2.8,0.6,93.5,20.7,0.0,0.0,,,FALSE
1,Retazo de ternera,350,gramos,350,35,104,5.6,8.9,0.0,3.5,3.2,0.2,25.9,0.0,0.0,4.2,0.0,2.5,2.8,0.6,93.5,20.7,0.0,0.0,,,FALSE
1,Rib Eye,30,gramos,30,30,82,5.3,6.6,0.0,2.7,2.9,0.2,20.4,0.0,0.0,0.0,0.0,1.5,3.9,0.6,91.5,16.8,50.4,0.0,,,FALSE
1,Salami,3,rebanada,27,27,104,6.3,8.1,1.0,2.9,4.0,0.8,27.0,0.0,0.0,0.0,0.0,0.5,2.2,0.4,102.1,542.7,38.3,0.0,,,FALSE
1,Salami de ternera,6,rebanada,42,42,110,6.4,8.8,1.1,3.8,4.0,0.4,27.4,0.0,0.0,0.0,0.0,0.0,3.7,0.9,95.0,493.0,47.5,0.0,,,FALSE
1,Salchicha,3/4,pieza,34,34,114,6.6,9.6,0.0,3.1,4.2,1.3,28.4,0.0,0.0,4.1,0.2,1.0,4.4,0.5,99.2,252.8,55.0,0.0,,,FALSE
1,Salchicha ahumada,1/2,pieza,34,34,109,4.1,9.8,0.8,3.3,4.2,1.3,19.7,0.0,0.0,3.7,0.0,0.7,4.1,0.3,60.9,309.7,41.1,0.0,,,FALSE
1,Salchicha de pollo,3/4,pieza,34,34,100,6.2,8.1,0.0,2.4,3.4,1.6,23.6,0.0,0.0,10.5,0.0,1.4,3.7,0.4,46.9,344.3,37.5,0.0,,,FALSE
1,Salchicha de puerco,3/4,pieza,34,34,114,6.6,9.6,0.0,3.1,4.2,1.3,28.4,0.0,0.0,4.1,0.2,1.0,4.4,0.5,99.2,252.8,55.0,0.0,,,FALSE
1,Salchicha de ternera,1/2,pieza,29,29,90,3.4,8.1,0.5,3.5,3.9,0.4,17.5,0.0,0.0,0.0,0.0,1.0,5.5,0.4,47.5,292.5,25.0,0.0,,,FALSE
1,Salchicha Vlenna,3,pieza,48,48,110,5.0,9.3,1.2,3.4,4.6,0.6,41.8,0.0,0.0,0.0,0.0,1.9,4.8,0.4,48.5,465.1,23.5,0.0,,,FALSE
1,Salchicha Vienna ahumada,1.5,pieza,41,41,93,4.3,7.9,1.1,2.9,3.9,0.5,35.2,0.0,0.0,0.0,0.0,1.6,4.1,0.4,40.9,392.4,19.8,0.0,,,FALSE
1,Sesos de res cocidos,60,gramos,60,60,91,7.0,6.3,0.9,1.4,1.1,1.0,1860.0,0.0,0.0,0.0,6.3,3.0,5.4,1.4,146.4,64.8,201.0,0.0,,,FALSE
1,Sesos de res crudos,75,gramos,75,74,105,8.0,7.6,0.8,1.7,1.4,1.2,2212.4,0.0,0.0,0.0,7.9,2.2,31.6,1.9,201.4,92.6,266.1,0.0,,,FALSE
1,Sesos de res fritos,55,gramos,55,55,108,6.9,8.7,0.0,2.0,2.2,1.3,1097.3,0.0,0.0,0.0,1.7,3.3,5.0,1.2,194.7,86.9,212.3,0.0,,,FALSE
1,T-bone con grasa cocido,35,gramos,35,32,96,7.4,7.2,0.0,2.8,3.2,0.3,20.5,0.0,0.0,0.0,0.0,2.2,2.2,1.0,88.8,21.1,58.3,0.0,,,FALSE
1,"Tofu, frito",40,gramos,40,40,108,6.8,8.0,4.3,0.0,0.0,0.0,0.0,1.2,1.5,,,,,,,,,0.0,,,FALSE
1,Tripas de res,55,gramos,55,50,109,5.6,9.5,0.0,7.4,0.6,0.5,74.3,0.0,0.0,26.2,0.0,1.0,5.9,0.9,133.7,22.8,0.0,0.0,,,FALSE
1,Ubre,45,gramos,45,45,105,6.9,8.4,0.0,0.0,0.0,0.0,0.0,0.0,0.0,0.0,0.0,0.0,31.5,1.2,0.0,0.0,0.0,0.0,,,FALSE
1,Velveta,35,gramos,35,35,100,6.3,7.5,3.8,5.0,0.0,0.0,25.0,2.5,0.0,0.0,0.0,0.0,187.5,0.0,100.0,525.0,312.5,0.0,,,FALSE
1,Yema,2,pieza,34,34,108,5.4,9.0,1.2,3.2,4.0,1.4,419.6,0.2,0.0,126.1,0.0,49.6,43.9,0.9,37.1,16.3,132.6,0.0,,,FALSE
1,Yema de huevo,2,pieza,34,34,108,5.4,9.0,1.2,3.2,4.0,1.4,419.6,0.2,0.0,126.1,0.0,49.6,43.9,0.9,37.1,16.3,132.6,0.0,,,FALSE
1,Yema de huevo en polvo,3,cda,15,15,103,5.3,8.6,0.6,2.7,3.3,1.2,360.8,,0.0,203.2,0.0,37.7,43.9,0.8,37.7,20.9,142.1,0.0,,,FALSE
14,Danonino® queso Petit Suisse sabor fresa,2,pieza,84,84,85,4.6,2.6,10.8,1.7,,,,6.5,1.6,,,,201.6,,,62.0,,,,,FALSE
14,Leche Alpura Light Extra,1,taza,240,240,103,8.0,2.4,14.0,0.0,0.0,0.0,,0.0,2.5,144.0,0.0,19.2,336.0,0.0,0.0,134.4,0.0,0.0,,,FALSE
14,Leche descremada,1,taza,245,245,86,8.4,0.4,11.9,0.3,0.1,0.0,4.0,0.0,0.0,149.0,2.0,13.0,302.0,0.1,406.0,126.0,247.0,0.0,,,FALSE
14,Leche descremada con chocolate,1,taza,240,240,77,5.8,1.0,12.5,0.0,0.0,0.0,,0.0,0.0,,1.0,0.0,297.6,0.2,0.0,115.2,162.2,0.0,,,FALSE
14,Leche descremada en polvo,4,cda,30,30,109,10.8,0.2,15.6,0.1,0.1,0.0,6.0,15.1,0.0,2.0,2.0,15.0,377.0,0.1,538.0,161.0,290.0,0.0,,,FALSE
14,"Leche descremada en polvo, reducida en Ca",4,cda,30,30,107,10.8,0.1,15.8,0.0,0.0,0.0,1.1,0.0,0.0,1.1,2.1,15.0,84.6,0.1,206.8,692.1,307.5,0.0,,,FALSE
14,Leche en polvo descremada,4,cda,30,30,109,10.8,0.2,15.6,0.1,0.1,0.0,6.0,15.1,0.0,2.0,2.0,15.0,377.0,0.1,538.0,161.0,290.0,0.0,,,FALSE
14,Leche evaporada descremada,1/2,taza,120,120,94,9.0,0.4,13.5,0.0,0.0,0.0,3.8,0.0,0.0,138.8,0.0,11.3,348.8,0.3,397.5,138.8,232.5,0.0,,,FALSE
14,Leche Light Extra,1,taza,240,240,103,8.0,2.4,14.0,0.0,0.0,0.0,,0.0,2.5,144.0,0.0,19.2,336.0,0.0,0.0,134.4,0.0,0.0,,,FALSE
14,Sofúl LT durazno,1.25,envase,133,133,79,5.4,0.1,13.9,,,,,0.0,0.0,,,,185.0,,,67.5,,0.0,,,FALSE
14,Sofúl LT fresa,1.25,envase,133,133,80,5.4,0.2,14.2,,,,,0.0,0.0,,,,186.2,,,67.5,,0.0,,,FALSE
14,Sofúl LT manzana,1.25,envase,133,133,75,5.4,0.2,12.9,,,,,0.0,0.0,,,,185.0,,,68.7,,0.0,,,FALSE
14,Sofúl LT natural,1.5,envase,158,158,108,5.7,3.4,13.5,,,,,0.0,0.0,,,,195.0,,,72.0,,0.0,,,FALSE
14,Sofúl LT para beber fresa,1,envase,209,209,96,6.0,0.9,16.1,,,,,0.0,0.0,,,,301.2,,,92.4,,0.0,,,FALSE
14,Sofúl LT para beber mango,1,envase,208,208,94,6.0,0.3,16.9,,,,,0.0,0.0,,,,298.1,,,92.0,,0.0,,,FALSE
14,Sofúl LT para beber natural,1,envase,208,208,94,5.9,1.2,15.0,,,,,0.0,0.0,,,,298.0,,,92.4,,0.0,,,FALSE
14,Vitalinea bebible,1,pieza,240,240,109,6.2,3.6,13.2,0.0,0.0,0.0,,10.1,0.0,,0.0,0.0,219.1,0.0,0.0,111.1,,0.0,,,FALSE
14,Vitalinea sólido,1.5,pieza,188,188,102,7.5,3.0,12.0,0.0,0.0,0.0,,9.0,0.0,,0.0,0.0,223.5,0.0,0.0,106.5,,0.0,,,FALSE
14,Yoghurt Triple 0 bebible Vitalinea sabor frutos amarillos,1,pieza,220,220,76,5.1,0.0,13.9,0.0,,,,9.0,0.0,,,,195.1,,,180.0,,,,,FALSE
14,Yoghurt Activia® bebible ciruela pasa,113,gramos,113,113,68,2.6,1.6,10.8,1.0,,,,9.3,0.1,,,,96.2,,,84.5,,,,,FALSE
14,Yoghurt bajo en grasa,1/3,taza,79,79,88,2.8,0.9,16.9,0.5,0.0,0.0,5.2,16.2,0.1,,0.3,0.0,104.7,0.0,143.4,38.7,87.2,0.0,,,FALSE
14,Yoghurt Danone® Defensis,1,pieza,100,100,59,1.8,1.3,10.0,0.8,,,,5.4,0.0,,,,79.3,,,79.8,,,,,FALSE
14,Yoghurt Danone® Esencial,1,pieza,115,115,73,1.8,1.4,13.3,0.9,,,,8.7,0.0,,,,91.3,,,90.6,,,,,FALSE
14,Yoghurt light,3/4,taza,180,180,95,6.4,0.0,15.9,0.0,0.0,0.0,5.3,9.5,0.0,,0.0,0.0,158.8,0.0,264.7,100.6,158.8,0.0,,,FALSE
14,Yoghurt light de fruta,3/4,taza,180,180,95,5.3,0.0,16.9,0.0,0.0,0.0,5.3,10.6,0.0,,0.0,0.0,211.8,0.0,243.5,79.4,105.9,0.0,,,FALSE
14,"Yoghurt Triple 0 sólido Vitalinea, sabor fresa",3/4,pieza,165,165,81,5.6,0.0,15.5,0.0,,,,9.9,0.5,,,,210.2,,,136.6,,,,,FALSE
16,Leche evaporada semidescremada,1/2,taza,130,130,101,8.1,2.0,12.2,0.0,0.0,0.0,20.3,12.2,0.0,0.0,0.0,0.0,324.0,0.0,405.0,141.8,243.0,0.0,,,FALSE
16,Leche fácil digestión,1,taza,240,240,109,7.5,3.9,11.2,0.0,0.0,0.0,0.0,0.0,0.0,144.0,0.0,0.0,248.0,0.0,0.0,120.0,0.0,0.0,,,FALSE
16,Leche semidescremada,1,taza,233,233,116,7.7,4.4,11.2,2.8,1.1,0.1,18.6,0.0,0.0,0.0,2.3,11.6,284.0,0.2,358.5,116.4,0.0,0.0,,,FALSE
16,Leche semidescremada 1 %,1,taza,244,244,102,8.0,2.6,11.7,1.6,0.7,0.1,10.0,0.0,0.0,144.0,2.0,12.0,300.0,0.1,381.0,123.0,235.0,0.0,,,FALSE
16,Leche semidescremada 2%,1,taza,234,234,116,7.8,4.5,11.2,2.8,1.3,0.2,17.3,0.0,0.0,133.4,1.9,11.5,285.1,0.1,361.9,117.1,222.7,0.0,,,FALSE
16,Vitalinea bebible sabor fresa y guayaba,1,envase,240,240,98,5.8,2.3,13.7,1.5,,,,9.7,0.1,,,,220.7,,,102.6,,0.0,,,FALSE
16,"Yoghurt Activia® ZERO bebible ciruela pasa, fresa y piña coco",1,pieza,225,225,120,5.4,3.4,17.1,2.0,,,,14.0,0.2,,,,203.0,,,94.3,,,,,FALSE
16,Yoghurt Oikos estilo griego sabor arándano,1/2,envase,75,75,97,3.2,3.4,13.4,2.2,,,,12.0,0.7,,,,93.2,,,34.0,,0.0,,,FALSE
16,Yoghurt Oikos estilo griego sabor coco,1/2,envase,75,75,97,3.4,4.0,12.0,2.5,,,,11.3,0.1,,,,104.3,,,37.1,,0.0,,,FALSE
16,Yoghurt Oikos estilo griego sabor fresa,1/2,envase,75,75,91,3.1,3.3,12.3,2.2,,,,11.2,0.1,,,,91.4,,,32.7,,0.0,,,FALSE
16,Yoghurt Oikos estilo griego sabor natural,1/2,envase,75,75,91,3.6,4.0,10.1,2.6,,,,9.5,0.0,,,,109.3,,,38.2,,0.0,,,FALSE
16,"Yoghurt Oikos® estilo griego sabor natural, sin azúcar y sin endulzar",114,gramos,114,114,106,9.0,3.8,9.1,2.4,,,,7.2,0.0,,,,212.7,,,92.1,,,,,FALSE
15,Jocoque,5,cda,75,75,126,7.0,9.6,2.9,0.0,0.0,0.0,0.0,0.0,0.0,0.0,0.0,0.0,,0.0,0.0,248.3,0.0,0.0,,,FALSE
15,Jocoque ligero,5,cda,75,75,126,7.0,9.6,2.9,0.0,0.0,0.0,0.0,0.0,0.0,0.0,0.0,0.0,,0.0,0.0,248.3,0.0,0.0,,,FALSE
15,Jocoque seco,5,cda,75,75,126,7.0,9.6,2.9,0.0,0.0,0.0,0.0,0.0,0.0,0.0,0.0,0.0,,0.0,0.0,248.3,0.0,0.0,,,FALSE
15,Leche,1,taza,240,240,148,7.9,8.0,11.2,5.0,2.4,0.3,32.5,0.0,0.0,74.8,2.0,11.8,286.2,0.1,363.9,118.0,224.3,0.0,,,FALSE
15,Leche caliente,1,taza,240,240,148,7.9,8.0,11.2,5.0,2.4,0.3,32.5,0.0,0.0,74.8,2.0,11.8,286.2,0.1,363.9,118.0,224.3,0.0,,,FALSE
15,Leche Clavel,1/2,taza,120,120,150,7.5,7.5,11.3,5.6,0.0,0.0,37.5,11.3,0.0,0.0,0.0,0.0,300.0,0.0,337.5,112.5,225.0,0.0,,,FALSE
15,Leche cruda,1,taza,240,240,146,7.9,7.9,11.3,5.0,2.4,0.2,33.6,0.0,0.0,74.4,2.4,12.0,285.6,0.2,364.8,117.6,0.0,0.0,,,FALSE
15,Leche de burra,1,taza,237,237,126,4.7,5.7,14.5,0.0,0.0,0.0,0.0,0.0,0.0,47.4,4.7,0.0,194.3,2.1,0.0,0.0,0.0,0.0,,,FALSE
15,Leche de cabra,1,taza,240,240,165,8.6,9.9,10.7,6.4,2.7,0.4,27.5,0.0,0.0,134.8,3.0,1.0,320.7,0.1,490.8,120.0,265.6,0.0,,,FALSE
15,Leche de vaca,1,taza,240,240,148,7.9,8.0,11.2,5.0,2.4,0.3,32.5,0.0,0.0,74.8,2.0,11.8,286.2,0.1,363.9,118.0,224.3,0.0,,,FALSE
15,Leche en polvo,4,cda,32,32,159,8.4,8.5,12.3,5.4,2.5,0.2,31.0,11.5,0.0,90.0,3.0,12.0,292.0,0.2,426.0,119.0,248.0,0.0,,,FALSE
15,Leche entera,1,taza,240,240,148,7.9,8.0,11.2,5.0,2.4,0.3,32.5,0.0,0.0,74.8,2.0,11.8,286.2,0.1,363.9,118.0,224.3,0.0,,,FALSE
15,Leche entera baja en sodio,1,taza,240,240,147,7.5,8.3,10.7,5.2,2.4,0.3,32.5,0.0,0.0,76.7,2.0,11.8,242.0,0.1,606.9,5.9,205.6,0.0,,,FALSE
15,Leche entera en polvo,4,cda,32,32,159,8.4,8.5,12.3,5.4,2.5,0.2,31.0,11.5,0.0,90.0,3.0,12.0,292.0,0.2,426.0,119.0,248.0,0.0,,,FALSE
15,Leche entera en polvo adicionada,4,cda,32,32,159,8.4,8.5,12.3,5.4,2.5,0.2,31.0,11.5,0.0,90.0,3.0,20.8,292.0,3.8,426.0,119.0,248.0,0.0,,,FALSE
15,Leche entera evaporada,1/2,taza,120,120,150,7.5,7.5,11.3,5.6,0.0,0.0,37.5,11.3,0.0,37.4,0.0,0.0,300.0,0.0,337.5,112.5,225.0,0.0,,,FALSE
15,Leche entera ultrapasteurizada,1,taza,240,240,134,7.0,7.0,11.3,0.0,0.0,0.0,14.4,0.0,0.0,74.8,0.0,0.0,286.2,0.1,363.9,118.0,224.3,0.0,,,FALSE
15,Leche evaporada,1/2,taza,120,120,150,7.5,7.5,11.3,5.6,0.0,0.0,37.5,11.3,0.0,37.4,0.0,0.0,300.0,0.0,337.5,112.5,225.0,0.0,,,FALSE
15,Leche fria,1,taza,240,240,148,7.9,8.0,11.2,5.0,2.4,0.3,32.5,0.0,0.0,74.8,2.0,11.8,286.2,0.1,363.9,118.0,224.3,0.0,,,FALSE
15,Leche hervida,1,taza,240,240,163,8.2,9.1,12.5,5.0,2.4,0.2,33.6,0.0,0.0,74.4,0.0,12.0,271.2,0.2,364.8,117.6,0.0,0.0,,,FALSE
15,Leche humana,1,taza,240,240,170,2.3,10.8,16.3,4.6,3.9,1.5,31.0,0.0,0.0,154.8,15.5,15.5,77.4,0.1,123.9,38.7,31.0,0.0,,,FALSE
15,Leche Liconsa Te Nutre,4,cda,32,32,159,8.4,8.5,12.3,5.4,2.5,0.2,31.0,11.5,0.0,90.0,3.0,20.8,292.0,3.8,426.0,119.0,248.0,0.0,,,FALSE
15,Leche materna,1,taza,240,240,170,2.3,10.8,16.3,4.6,3.9,1.5,31.0,0.0,0.0,154.8,15.5,15.5,77.4,0.1,123.9,38.7,31.0,0.0,,,FALSE
15,Leche maternizada en polvo,2,cda,26,26,132,3.5,7.0,14.3,0.0,0.0,0.0,0.0,0.0,0.0,223.6,0.8,0.0,87.1,0.1,0.0,0.0,0.0,0.0,,,FALSE
15,Leche omega verde,1,taza,240,240,120,7.9,4.6,11.5,2.9,1.2,0.1,19.2,0.0,0.0,0.0,2.4,12.0,292.8,0.2,369.6,120.0,0.0,0.0,,,FALSE
15,Leche pasteurizada,1,taza,240,240,146,7.9,7.9,11.3,5.0,2.4,0.2,33.6,0.0,0.0,74.4,2.4,12.0,285.6,0.2,364.8,117.6,0.0,0.0,,,FALSE
15,Leche preparada,1,taza,240,240,141,6.5,5.9,8.5,5.0,2.4,0.3,32.5,0.0,0.0,74.8,2.0,11.8,286.2,0.1,363.9,118.0,224.3,0.0,,,FALSE
15,Yoghurt,1,taza,227,227,139,7.9,7.4,10.6,4.8,2.0,0.2,29.0,0.0,0.0,68.0,1.0,17.0,274.0,0.1,351.0,105.0,215.0,0.0,,,FALSE
15,Yoghurt Danone® natural sin azúcar y sin endulzar,188,gramos,188,188,139,9.0,5.6,13.2,3.6,,,,13.2,0.0,,,,326.4,,,142.5,,,,,FALSE
15,Yoghurt natural,1,taza,227,227,139,7.9,7.4,10.6,4.8,2.0,0.2,29.0,0.0,0.0,68.0,1.0,17.0,274.0,0.1,351.0,105.0,215.0,0.0,,,FALSE
13,Activia natural bebible,1.25,pieza,313,313,223,7.5,5.0,37.5,0.0,0.0,0.0,,32.5,0.0,,0.0,0.0,302.5,0.0,0.0,180.6,0.0,0.0,,,FALSE
13,Actlvla natural sólido,2,pieza,250,250,230,8.3,8.3,30.3,0.0,0.0,0.0,,27.5,0.0,,0.0,0.0,294.0,0.0,0.0,115.5,0.0,0.0,,,FALSE
13,Alimento lácteo fermentado con Acti-Regularls sabor ciruela pasa (bebible),1,pieza,250,250,200,6.0,4.0,36.0,0.0,0.0,0.0,,33.0,0.0,,0.0,0.0,227.0,0.0,0.0,104.0,0.0,0.0,,,FALSE
13,Alimento lácteo fermentado con Actl-Regularis sabor ciruela pasa (sólido),2,pieza,250,250,244,7.5,7.5,36.5,0.0,0.0,0.0,,33.5,5.0,,0.0,0.0,268.0,0.0,0.0,105.8,94.8,0.0,,,FALSE
13,Alimento lácteo fermentado con Acti-Regularls sabor fresa (bebible),1,pieza,250,250,199,6.0,3.8,36.0,0.0,0.0,0.0,,32.5,0.0,,0.0,0.0,210.0,0.0,0.0,108.8,0.0,0.0,,,FALSE
13,Alimento lácteo fermentado con Acti-Regularis sabor fresa (sólido),2,pieza,250,250,244,7.5,7.5,36.5,5.0,0.0,0.0,,33.8,5.0,,0.0,0.0,268.0,0.0,0.0,105.8,94.8,0.0,,,FALSE
13,Alimento lácteo fermentado sabor fresa (Lactobaclllus casel y Streptococcus thermophilus),2,pieza,216,216,188,7.6,4.4,29.6,0.0,0.0,0.0,,29.6,0.0,,0.0,0.0,231.1,0.0,0.0,92.9,0.0,0.0,,,FALSE
13,Alimento lácteo fermentado sabor manzana (Lactobaclllus casel y Streptococcus thermophilus),2,pieza,216,216,161,8.2,0.4,31.2,0.0,0.0,0.0,,30.2,0.0,,0.0,0.0,250.6,0.0,0.0,97.2,0.0,0.0,,,FALSE
13,Alimento lácteo fermentado sabor natural (Lactobacillus casel y Streptococcus thermophllus),2,pieza,216,216,161,8.6,0.4,31.0,0.0,0.0,0.0,,28.1,0.0,,0.0,0.0,263.5,0.0,0.0,103.7,0.0,0.0,,,FALSE
13,Chongos zamoranos,1/2,taza,108,108,194,6.5,3.2,34.6,2.2,0.0,0.0,10.8,30.2,0.0,21.6,0.0,0.0,220.3,1.0,0.0,54.0,0.0,0.0,,,FALSE
13,Helado de café,1/2,taza,91,91,195,3.4,10.0,25.5,6.2,2.9,0.4,30.8,23.0,1.1,106.8,0.6,14.5,98.6,0.8,225.3,68.8,96.8,0.0,,,FALSE
13,Helado de café bajo en calorías,1/2,taza,91,91,183,4.8,6.6,27.0,3.9,,,37.3,21.9,0.9,,0.9,,143.8,0.8,,68.3,,0.0,,,FALSE
13,Helado de chocolate,3/4,taza,99,99,214,3.8,10.9,27.9,6.7,3.2,0.4,33.7,25.1,1.2,114.8,0.7,15.8,107.9,0.9,246.5,75.2,105.9,0.0,,,FALSE
13,Helado de chocolate bajo en calorías,3/4,taza,99,99,199,5.0,7.1,28.7,4.3,2.0,0.2,9.9,24.5,0.8,59.4,1.2,4.0,157.4,0.7,168.3,70.3,82.2,0.0,,,FALSE
13,Helado de fresa,3/4,taza,99,99,190,3.2,8.3,27.3,5.1,0.0,0.0,28.7,22.9,0.9,95.0,7.6,11.9,118.8,0.2,186.1,59.4,99.0,0.0,,,FALSE
13,Helado de fresa bajo en calorías,2/3,taza,123,123,200,6.0,5.7,31.2,3.5,,,18.5,28.1,0.2,539.3,1.4,,208.6,0.1,,87.6,,0.0,,,FALSE
13,Helado de vainilla,3/4,taza,99,99,199,3.5,10.9,23.4,6.7,2.9,0.4,43.6,21.0,0.7,114.8,0.6,5.0,126.7,0.1,197.0,79.2,104.0,0.0,,,FALSE
13,Helado de vainilla bajo en calorías,1,taza,132,132,218,6.3,6.4,34.1,3.9,1.7,0.4,13.2,29.2,0.4,167.6,1.6,7.9,212.5,0.3,274.6,97.7,136.0,0.0,,,FALSE
13,Helado de yogur,1,taza,158,158,201,4.8,5.7,34.2,3.6,1.5,0.2,20.6,33.9,2.1,60.2,10.6,19.0,158.3,0.7,370.5,99.8,140.9,0.0,,,FALSE
13,Helado de yogur de fresa,1,taza,158,158,201,4.8,5.7,34.2,3.6,1.5,0.2,20.6,33.9,2.1,60.2,10.6,19.0,158.3,0.7,370.5,99.8,140.9,0.0,,,FALSE
13,Helado napolitano,3/4,taza,102,102,205,3.6,11.2,24.1,6.9,3.0,0.5,44.9,21.5,0.7,120.4,0.6,5.1,130.6,0.1,203.0,81.6,107.1,0.0,,,FALSE
13,Helado napolitano bajo en calorías,0.6666666666666666,taza,119,119,192,5.6,5.2,31.1,3.2,,,16.7,26.8,0.5,,,,188.7,0.4,,82.4,,0.0,,,FALSE
13,Leche con chocolate,1,taza,240,240,200,7.6,8.2,24.9,5.1,2.4,0.3,29.8,22.9,1.9,151.2,2.2,12.0,268.8,0.6,400.3,143.0,241.0,0.0,,,FALSE
13,Leche con chocolate semidescremada 1 %,1,taza,240,240,182,7.2,4.6,29.1,1.4,0.8,0.1,6.7,22.9,1.7,142.1,0.0,4.8,261.6,0.6,405.6,158.4,244.8,0.0,,,FALSE
13,Leche con vainilla,1,taza,218,218,207,6.4,6.6,31.0,3.7,1.7,0.4,24.0,27.6,0.0,56.8,0.0,10.9,200.9,0.3,264.3,120.1,168.2,0.0,,,FALSE
13,Leche descremada con chocolate,1.25,taza,300,300,189,9.7,3.0,31.3,1.8,0.9,0.1,9.0,29.8,1.5,174.0,2.7,15.0,345.0,0.7,510.0,183.0,309.0,0.0,,,FALSE
13,Leche en polvo sabor fresa,8,cda,56,56,187,13.3,0.0,32.0,0.0,0.0,0.0,,,0.0,,2.7,0.0,826.7,0.3,0.0,400.0,498.7,0.0,,,FALSE
13,Leche en polvo sabor vainilla,8,cda,56,56,187,13.3,0.0,32.0,0.0,0.0,0.0,,,0.0,,2.7,0.0,826.7,0.3,0.0,400.0,485.3,0.0,,,FALSE
13,Leche fermentada con Lactobacllo,2.5,pieza,250,250,180,7.5,4.0,35.8,2.8,0.0,0.0,,35.8,0.0,,0.0,0.0,207.5,0.0,0.0,100.0,0.0,0.0,,,FALSE
13,Leche fermentada con Lactobacilo sabor naranja,2.5,pieza,250,250,185,7.3,3.8,40.0,2.8,0.0,0.0,,40.0,0.0,,0.0,0.0,232.5,0.0,0.0,100.0,0.0,0.0,,,FALSE
13,Leche fermentada con Lactobacilo sabor natura,2.5,pieza,250,250,208,7.0,4.0,358.0,0.0,0.0,0.0,,35.8,0.0,,0.0,0.0,207.5,0.0,0.0,100.0,0.0,0.0,,,FALSE
13,Leche fermentada con Lactobacilo sabor vainilla,2.3333333333333335,pieza,233,233,205,6.3,3.5,37.3,0.0,0.0,0.0,,37.3,0.0,,0.0,0.0,149.1,0.0,0.0,93.2,0.0,0.0,,,FALSE
13,Leche malteada de chocolate,1,taza,240,240,202,8.1,7.8,26.2,4.5,2.0,0.5,24.0,25.2,1.0,818.4,28.8,16.8,307.2,3.4,523.2,208.8,261.6,0.0,,,FALSE
13,Leche malteada sabor chocolate,3/4,pieza,180,180,214,5.5,4.9,38.1,3.0,1.4,0.2,19.8,37.5,0.5,32.4,0.0,9.0,237.6,0.6,403.2,199.8,226.8,0.0,,,FALSE
13,Leche malteada sabor fresa,3/4,pieza,182,182,204,7.0,5.5,324.0,3.4,1.6,0.2,21.9,32.4,0.0,45.6,0.0,12.8,266.3,0.2,333.8,173.3,209.8,0.0,,,FALSE
13,Leche malteada sabor vainilla,3/4,pieza,180,180,202,6.9,5.5,32.0,3.4,1.6,0.2,21.6,32.0,0.0,45.0,0.0,12.6,262.8,0.2,329.4,171.0,207.0,0.0,,,FALSE
13,Leche semidescremada sabor chocolate,1,pieza,240,240,182,7.2,4.6,29.1,2.7,1.1,0.2,19.2,22.9,1.7,153.6,0.0,4.8,261.6,0.6,405.6,158.4,244.8,0.0,,,FALSE
13,Malteada de chocolate,2/3,taza,156,156,198,5.3,5.8,32.0,3.6,1.7,0.2,20.0,29.0,3.0,39.0,0.6,7.8,176.3,0.5,312.0,151.3,159.1,0.0,,,FALSE
13,Malteada de fresa,3/4,pieza,180,180,203,6.1,5.0,34.0,3.1,0.0,0.0,19.8,33.3,0.7,46.8,1.4,5.4,203.4,0.2,327.6,149.4,180.0,0.0,,,FALSE
13,Malleada de vainilla,1/2,pieza,130,130,192,4.4,8.4,25.4,5.1,2.3,0.4,29.8,17.7,1.2,117.9,0.0,0.0,149.0,0.6,215.1,105.0,127.0,0.0,,,FALSE
13,Nescafe Dolce Gusto latte macchiato (1 cápsula de leche + 1 cápsula de café),2,cápsula,50,50,182,8.6,8.4,18.2,4.0,2.3,0.2,25.5,18.0,0.5,,,,,,,128.0,,0.0,,,FALSE
13,Nescafe Dolce Gusto caramel latte macchiato (1 cápsula de leche con azúcar + 1 cápsula de café),2,cápsula,42,42,157,5.2,6.2,20.1,3.5,,,,18.1,4.6,,,,,,,57.5,,0.0,,,FALSE
13,Nescafe Dolce Gusto Chococino (1 cápsula de leche + 1 cápsula de cocoa),1.5,cápsula,51,51,223,7.4,8.2,29.9,4.9,1.9,0.3,22.4,28.5,3.0,,,,,,,92.8,,0.0,,,FALSE
13,Yoghurt bebible sabor durazno,2,pieza,330,330,224,7.9,2.3,40.9,1.7,0.7,0.1,,40.6,0.4,,0.0,0.0,290.4,0.0,0.0,99.5,0.0,0.0,,,FALSE
13,Yoghurt bebible sabor fresa,2,pieza,330,330,224,7.9,2.3,40.9,1.7,0.7,0.1,,40.6,0.4,,0.0,0.0,290.4,0.0,0.0,,0.0,0.0,,,FALSE
13,Yoghurt bebible sabor piña colada,2,pieza,330,330,224,7.9,2.3,40.9,1.7,0.7,0.1,,40.6,0.2,,0.0,0.0,290.4,0.0,0.0,99.5,0.0,0.0,,,FALSE
13,Yoghurt Danone® bebible sabor fresa,1,pieza,220,220,151,3.5,2.9,27.7,1.8,,,,22.9,0.0,,,,199.3,,,169.0,,,,,FALSE
13,Yoghurt Danone® sabor manzana con fruta,3/4,pieza,165,165,165,4.5,2.8,30.4,1.7,,,,16.3,0.5,,,,133.8,,,128.4,,,,,FALSE
13,Yoghurt de café,3/4,taza,180,180,180,8.5,2.1,32.8,1.1,0.0,0.0,10.6,29.6,0.0,,0.0,0.0,211.8,0.0,360.0,95.3,211.8,0.0,,,FALSE
13,Yoghurt de fruta,3/4,taza,180,180,201,8.5,3.2,33.9,2.1,0.0,0.0,15.9,31.8,0.0,,0.0,0.0,211.8,0.0,328.2,105.9,158.8,0.0,,,FALSE
13,Yoghurt de vainilla,3/4,taza,180,180,201,8.5,3.2,33.9,2.1,0.0,0.0,15.9,30.7,0.0,,0.0,0.0,211.8,0.0,338.8,100.6,158.8,0.0,,,FALSE
13,Yoghurt para beber sabor fruta,1.25,pieza,313,313,216,5.9,5.0,37.5,0.0,0.0,0.0,,,0.0,,0.0,0.0,221.9,0.0,0.0,81.3,0.0,0.0,,,FALSE
13,Yogurt de soya,1,taza,180,180,169,6.3,3.2,28.7,0.0,0.0,0.0,,,0.3,,,,,,,462.6,,0.0,,,FALSE
12,Aceite,1,cdita,5,5,44,0.0,5.0,0.0,0.4,2.9,1.5,0.0,0.0,0.0,0.0,0.0,0.0,0.0,0.0,0.0,0.0,0.0,0.0,,,FALSE
12,Aceite comestible,1,cdita,5,5,44,0.0,5.0,0.0,0.4,2.9,1.5,0.0,0.0,0.0,0.0,0.0,0.0,0.0,0.0,0.0,0.0,0.0,0.0,,,FALSE
12,Aceite de aguacate,1,cdita,5,5,44,0.0,5.0,0.0,0.6,3.5,0.7,0.0,0.0,0.0,0.0,0.0,0.0,0.0,0.0,0.0,0.0,0.0,0.0,,,FALSE
12,Aceite de ajonjolí,1,cdita,5,5,44,0.0,5.0,0.0,0.7,2.0,2.1,0.0,0.0,0.0,0.0,0.0,0.0,0.0,0.0,0.0,0.0,0.0,0.0,,,FALSE
12,Aceite de algodón,1,cdita,5,5,44,0.0,5.0,0.0,1.3,0.9,2.6,0.0,0.0,0.0,0.0,0.0,0.0,0.0,0.0,0.0,0.0,0.0,0.0,,,FALSE
12,Aceite de almendra,1,cdita,5,5,44,0.0,5.0,0.0,0.4,3.5,0.9,0.0,0.0,0.0,0.0,0.0,0.0,0.0,0.0,0.0,0.0,0.0,0.0,,,FALSE
12,Aceite de cacahuate,1,cdita,5,5,44,0.0,5.0,0.0,0.9,2.3,1.6,0.0,0.0,0.0,0.0,0.0,0.0,0.0,0.0,0.0,0.0,0.0,0.0,,,FALSE
12,Aceite de cacao,1,cdita,5,5,44,0.0,5.0,0.0,3.0,1.6,0.1,0.0,0.0,0.0,0.0,0.0,0.0,0.0,0.0,0.0,0.0,0.0,0.0,,,FALSE
12,Aceite de canola,1,cdita,5,5,44,0.0,5.0,0.0,0.4,2.9,1.5,0.0,0.0,0.0,0.0,0.0,0.0,0.0,0.0,0.0,0.0,0.0,0.0,,,FALSE
12,Aceite de cártamo,1,cdita,5,5,44,0.0,5.0,0.0,0.7,2.0,2.1,0.0,0.0,0.0,0.0,0.0,0.0,0.0,0.0,0.0,0.0,0.0,0.0,,,FALSE
12,Aceite de coco,1,cdita,5,5,43,0.0,5.0,0.0,4.3,0.3,0.1,0.0,0.0,0.0,0.0,0.0,0.0,0.0,0.0,0.0,0.0,0.0,0.0,,,FALSE
12,Aceite de girasol,1,cdita,5,5,44,0.0,5.0,0.0,0.5,1.0,3.3,0.0,0.0,0.0,0.0,0.0,0.0,0.0,0.0,0.0,0.0,0.0,0.0,,,FALSE
12,Aceite de girasol 60% con ácido linoleico,1,cdita,5,5,44,0.0,5.0,0.0,0.5,1.0,3.3,0.0,0.0,0.0,0.0,0.0,0.0,0.0,0.0,0.0,0.0,0.0,0.0,,,FALSE
12,Aceite de girasol 70% con ácido oleico,1,cdita,5,5,44,0.0,5.0,0.0,0.6,2.3,1.8,0.0,0.0,0.0,0.0,0.0,0.0,0.0,0.0,0.0,0.0,0.0,0.0,,,FALSE
12,Aceite de hígado de bacalao,1,cdita,5,5,45,0.0,5.0,0.0,1.1,2.3,1.1,28.6,0.0,0.0,1500.0,0.0,0.0,0.0,0.0,0.0,0.0,0.0,0.0,,,FALSE
12,Aceite de maíz,1,cdita,5,5,44,0.0,5.0,0.0,0.6,1.2,2.9,0.0,0.0,0.0,0.0,0.0,0.0,0.0,0.0,0.0,0.0,0.0,0.0,,,FALSE
12,Aceite de oliva,1,cdita,5,5,44,0.0,5.0,0.0,0.7,3.7,0.4,0.0,0.0,0.0,0.0,0.0,0.0,0.0,0.0,0.0,0.0,0.0,0.0,,,FALSE
12,Aceite de oliva extra virgen,1,cdita,5,5,44,0.0,5.0,0.0,0.7,3.7,0.4,0.0,0.0,0.0,0.0,0.0,0.0,0.0,0.0,0.0,0.0,0.0,0.0,,,FALSE
12,Aceite de olivo,1,cdita,5,5,44,0.0,5.0,0.0,0.7,3.7,0.4,0.0,0.0,0.0,0.0,0.0,0.0,0.0,0.0,0.0,0.0,0.0,0.0,,,FALSE
12,Aceite de palma,1,cdita,5,5,44,0.0,5.0,0.0,2.5,1.9,0.5,0.0,0.0,0.0,0.0,0.0,0.0,0.0,0.0,0.0,0.0,0.0,0.0,,,FALSE
12,Aceite de soya,1,cdita,5,5,44,0.0,5.0,0.0,0.7,1.1,2.6,0.0,0.0,0.0,0.0,0.0,0.0,0.0,0.0,0.0,0.0,0.0,0.0,,,FALSE
12,Aceite de soya y algodón,1,cdita,5,5,44,0.0,5.0,0.0,0.9,1.5,2.4,0.0,0.0,0.0,0.0,0.0,0.0,0.0,0.0,0.0,0.0,0.0,0.0,,,FALSE
12,Aceite en spray,5,disp. 1 s,5,5,44,0.0,5.0,0.0,0.6,1.2,2.9,0.0,0.0,0.0,0.0,0.0,0.0,0.0,0.0,0.0,0.0,0.0,0.0,,,FALSE
12,Aceituna negra sin hueso,5,pieza,25,25,46,0.3,5.0,0.8,0.5,3.8,0.3,0.0,0.0,0.4,22.5,0.0,0.0,26.5,0.4,13.8,600.0,0.0,0.0,,,FALSE
12,Aceituna verde con hueso,6,pieza,30,25,46,0.3,5.1,0.8,0.5,3.8,0.3,0.0,0.0,0.4,22.7,0.0,0.0,26.7,0.4,13.9,604.8,0.0,0.0,,,FALSE
12,Aceituna verde sin hueso,8,pieza,24,24,44,0.3,4.8,0.8,0.5,3.6,0.2,0.0,0.0,0.4,21.6,0.0,0.0,25.4,0.4,13.2,576.0,0.0,0.0,,,FALSE
12,Aceitunas rellenas de anchoa,5,pieza,25,25,46,0.6,4.5,0.8,0.0,0.0,0.0,0.0,0.0,0.0,0.0,0.0,0.0,0.0,0.0,0.0,600.0,0.0,0.0,,,FALSE
12,Aceitunas rellenas de pimiento,7,pieza,35,35,44,0.0,3.5,2.6,0.9,2.6,0.0,0.0,0.0,0.9,17.5,0.0,0.0,35.0,1.1,0.0,306.3,0.0,0.0,,,FALSE
12,Aderezo,1/2,cda,8,8,8,0.0,0.8,0.4,0.1,0.2,0.5,0.5,0.0,0.0,0.0,0.0,0.0,0.0,0.0,1.0,59.0,0.5,0.0,,,FALSE
12,Aderezo Blue Cheese,1/2,cda,8,8,38,0.4,3.9,0.6,0.8,0.9,2.1,1.5,0.0,0.0,5.0,0.0,0.5,6.0,0.0,3.0,82.0,5.5,0.0,,,FALSE
12,Aderezo con queso y ajo,1/2,cda,8,8,33,0.0,3.8,0.2,0.6,0.0,0.0,0.0,0.2,0.0,0.0,0.0,0.0,0.0,0.0,3.5,77.3,0.0,0.0,,,FALSE
12,Aderezo cremoso,1/2,cda,8,8,38,0.4,3.9,0.6,0.8,0.9,2.1,1.5,0.0,0.0,5.0,0.0,0.5,6.0,0.0,3.0,82.0,5.5,0.0,,,FALSE
12,Aderezo de ciruela pasas,1/2,cda,8,8,39,0.1,3.9,1.1,0.6,2.4,0.7,11.1,0.3,0.1,4.5,0.0,0.3,2.9,0.1,10.0,35.7,1.9,0.0,,,FALSE
12,Aderezo de hiervas finas,1/2,cda,8,8,31,0.1,3.2,0.8,0.5,2.3,0.3,0.0,0.0,0.3,4.6,0.6,1.4,8.8,0.4,21.3,73.0,2.1,0.0,,,FALSE
12,Aderezo de mayonesa,1/2,cda,7,7,51,0.1,5.4,0.3,0.9,3.4,1.0,18.2,0.0,0.0,5.9,0.0,1.0,1.3,0.0,2.4,41.8,0.0,0.0,,,FALSE
12,Aderezo de miel y rnosla/a,1/2,cda,8,8,36,0.0,3.6,1.0,0.5,0.0,0.0,0.0,0.7,0.0,0.0,0.0,0.0,0.0,0.0,8.5,48.4,0.0,0.0,,,FALSE
12,Aderezo francés,1/2,cda,8,8,32,0.0,3.1,1.3,0.7,0.6,1.6,0.0,0.0,0.0,9.8,0.0,0.5,0.9,0.0,6.1,102.7,0.9,0.0,,,FALSE
12,Aderezo italiano,1/2,cda,8,8,35,0.1,3.6,0.8,0.6,0.9,2.1,0.0,0.0,0.0,2.0,0.0,0.5,1.0,0.0,1.0,59.0,0.5,0.0,,,FALSE
12,Aderezo italiano bajo en calorías,1.5,cda,23,23,24,0.0,2.3,1.1,0.3,0.5,1.4,1.5,0.0,0.0,0.0,0.0,0.0,0.0,0.0,3.0,177.0,1.5,0.0,,,FALSE
12,Aderezo italiano cremoso,1/2,cda,8,8,28,0.0,2.8,0.8,1.0,0.0,0.0,0.0,0.5,0.0,0.0,0.0,0.0,0.0,0.0,5.0,57.5,0.0,0.0,,,FALSE
12,Aderezo italiano cremoso bajo en calorías,4,cda,60,60,40,2.0,2.2,6.0,0.8,0.0,0.0,0.0,6.0,0.0,0.0,0.0,0.0,0.0,0.0,280.0,560.0,0.0,0.0,,,FALSE
12,Aderezo jalapeño,1/2,cda,8,8,33,0.1,3.4,0.7,0.5,2.1,0.6,11.1,0.0,0.2,5.8,1.8,1.6,3.3,0.2,11.1,30.4,1.6,0.0,,,FALSE
12,Aderezo Mil Islas,1/2,cda,8,8,28,0.0,2.7,1.1,0.5,0.6,1.5,1.9,0.0,0.0,7.0,0.0,0.5,0.9,0.0,8.4,52.5,1.4,0.0,,,FALSE
12,Aderezo Ranch,1/2,cda,8,8,44,0.0,4.7,0.5,0.8,0.0,0.0,1.3,0.3,0.0,0.0,0.0,0.0,0.0,0.0,2.6,69.8,0.0,0.0,,,FALSE
12,Aderezo Roquefort,1/2,cda,8,8,38,0.4,3.9,0.6,0.8,0.9,2.1,1.5,0.0,0.0,5.0,0.0,0.5,6.0,0.0,3.0,82.0,5.5,0.0,,,FALSE
12,Aderezo Ruso,1/2,cda,8,8,37,0.1,3.8,0.8,0.6,0.9,2.2,1.5,0.0,0.0,15.5,0.5,1.0,1.5,0.0,12.0,65.0,3.0,0.0,,,FALSE
12,Aderezo tipo Blue Cheese,1/2,cda,8,8,38,0.4,3.9,0.6,0.8,0.9,2.1,1.5,0.0,0.0,5.0,0.0,0.5,6.0,0.0,3.0,82.0,5.5,0.0,,,FALSE
12,Aderezo tipo César,1/2,cda,8,8,33,0.3,3.3,0.5,0.6,0.0,0.0,1.3,0.3,0.0,0.0,0.0,0.0,5.0,0.0,2.5,92.5,0.0,0.0,,,FALSE
12,Aderezo tipo francés,1/2,cda,8,8,32,0.0,3.1,1.3,0.7,0.6,1.6,0.0,0.0,0.0,9.8,0.0,0.5,0.9,0.0,6.1,102.7,0.9,0.0,,,FALSE
12,Aderezo tipo Mil Islas,1/2,cda,8,8,28,0.0,2.7,1.1,0.5,0.6,1.5,1.9,0.0,0.0,7.0,0.0,0.5,0.9,0.0,8.4,52.5,1.4,0.0,,,FALSE
12,Aderezo tipo Ranch,1/2,cda,8,8,44,0.0,4.7,0.5,0.8,0.0,0.0,1.3,0.3,0.0,0.0,0.0,0.0,0.0,0.0,2.6,69.8,0.0,0.0,,,FALSE
12,Aderezo vinagreta casera,2,cdita,10,10,45,0.0,5.0,0.3,0.9,1.5,2.4,0.0,0.0,0.0,0.0,0.0,0.0,0.0,0.0,0.6,0.0,0.0,0.0,,,FALSE
12,Aderezo vinagreta comercial,4,cdita,20,20,41,0.0,3.3,2.7,0.7,0.0,0.0,0.0,2.0,0.0,0.0,0.0,0.0,0.0,0.0,0.0,166.7,0.0,0.0,,,FALSE
12,Aguacate California,1/3,pieza,58,31,54,0.7,5.3,2.1,0.8,3.4,0.6,0.0,0.0,1.5,18.7,2.5,20.0,3.4,0.4,193.8,3.7,12.9,0.0,,,FALSE
12,Aguacate de pellejo,1.5,pieza,68,36,44,0.5,4.5,2.0,0.7,1.8,0.4,0.0,0.0,1.3,7.2,4.3,19.0,3.6,0.2,216.1,1.4,0.0,0.0,,,FALSE
12,Aguacate Florida,1/3,pieza,101,54,60,0.8,4.8,4.8,0.9,2.6,0.8,0.0,0.0,2.8,32.7,4.2,28.6,5.8,0.3,261.9,2.6,21.0,0.0,,,FALSE
12,Aguacate Hass,1/3,pieza,58,31,54,0.7,5.3,2.1,0.8,3.4,0.6,0.0,0.0,1.5,18.7,2.5,20.0,3.4,0.4,193.8,3.7,12.9,0.0,,,FALSE
12,Aguacate mediano,1/3,pieza,58,31,44,0.5,4.1,2.3,0.7,2.7,0.6,0.0,0.0,0.8,6.1,4.3,18.9,7.3,0.2,184.6,1.2,0.0,0.0,,,FALSE
12,Aguacate verde,1/2,pieza,48,25,46,0.5,4.6,1.5,0.8,2.0,0.5,0.0,0.0,0.1,5.3,3.8,13.3,9.8,0.2,152.1,1.0,0.0,0.0,,,FALSE
12,Calahua,1,cda,19,19,35,0.5,3.3,1.6,2.9,0.1,0.0,0.0,0.0,0.4,0.0,0.3,2.7,0.2,0.1,18.9,9.4,4.1,0.0,,,FALSE
12,Chicharrón de soya,6,gramos,6,6,17,0.4,5.0,0.8,0.0,0.0,0.0,0.0,0.0,6.0,0.0,0.0,,0.0,0.0,,0.0,,0.0,,,FALSE
12,Cocada,1/3,pieza,9,9,41,0.7,2.3,5.6,0.0,0.0,0.0,0.0,2.6,0.7,0.0,0.0,0.0,0.0,0.1,0.0,13.2,0.0,0.0,,,FALSE
12,Coco,8,gramos,8,6,41,0.5,4.3,0.9,0.0,0.0,0.0,0.0,0.0,0.4,0.0,0.0,0.0,0.5,0.1,0.0,0.0,0.0,0.0,,,FALSE
12,Coco de aceite,8,gramos,8,6,41,0.5,4.3,0.9,0.0,0.0,0.0,0.0,0.0,0.4,0.0,0.0,0.0,0.5,0.1,0.0,0.0,0.0,0.0,,,FALSE
12,Coco deshidratado,6,gramos,6,6,40,0.4,3.9,1.5,3.5,0.2,0.0,0.0,0.0,1.0,0.0,0.0,0.6,1.5,0.2,33.0,2.1,12.4,0.0,,,FALSE
12,Coco en hojuelas,2,cda,9,9,44,0.3,3.0,4.4,2.6,0.1,0.0,0.0,0.0,0.4,0.0,0.0,0.8,1.3,0.2,29.3,23.6,9.3,0.0,,,FALSE
12,Coco entero,25,gramos,25,14,42,0.5,4.6,0.7,4.1,0.5,0.1,0.0,0.0,0.7,0.0,0.3,3.6,3.3,0.5,35.2,3.2,0.0,0.0,,,FALSE
12,Coco fresco,12,gramos,12,12,42,0.4,4.0,1.8,3.6,0.2,0.1,0.0,0.4,1.1,0.0,0.3,3.2,1.6,0.3,42.7,2.4,13.6,0.0,,,FALSE
12,Coco rallado,1.5,cda,9,9,44,0.3,3.1,4.2,2.7,0.1,0.0,0.0,3.0,0.4,0.0,0.1,0.8,1.3,0.2,29.3,22.9,9.4,0.0,,,FALSE
12,Coco rallado y endulzado,1.5,cda,9,9,44,0.3,3.1,4.2,2.7,0.1,0.0,0.0,3.0,0.4,0.0,0.1,0.8,1.3,0.2,29.3,22.9,9.4,0.0,,,FALSE
12,Coco seco,1.5,cda,9,9,44,0.3,3.1,4.2,2.7,0.1,0.0,0.0,3.0,0.4,0.0,0.1,0.7,1.3,0.2,29.3,22.9,9.4,0.0,,,FALSE
12,Coco seco y endulzado,1.5,cda,9,9,44,0.3,3.1,4.2,2.7,0.1,0.0,0.0,3.0,0.4,0.0,0.1,0.7,1.3,0.2,29.3,22.9,9.4,0.0,,,FALSE
12,Coquillo,8,gramos,8,6,41,0.5,4.3,0.9,0.0,0.0,0.0,0.0,0.0,0.4,0.0,0.0,0.0,0.5,0.1,0.0,0.0,0.0,0.0,,,FALSE
12,Crema,1,cda,15,15,43,0.0,3.2,2.1,2.1,0.0,0.0,10.7,2.1,0.0,0.0,0.0,0.0,0.0,0.0,10.7,0.0,0.0,0.0,,,FALSE
12,Crema 20% grasa (dulce),1.3333333333333333,cda,21,21,41,0.6,4.1,0.8,2.6,1.0,0.1,14.0,0.0,0.0,42.6,0.2,0.4,20.4,0.0,26.0,8.5,0.0,0.0,,,FALSE
12,Crema 40% grasa (agria),1,cda,13,13,45,0.3,4.8,0.4,3.0,1.2,0.1,17.8,0.0,0.0,54.7,0.0,0.5,8.4,0.0,9.7,4.9,0.0,0.0,,,FALSE
12,Crema ácida,2,cda,21,21,46,0.7,4.4,0.9,2.8,1.2,0.2,8.8,0.0,0.0,40.3,0.0,1.8,24.5,0.0,29.8,10.5,17.5,0.0,,,FALSE
12,Crema agria,1,cda,13,13,44,0.3,4.8,0.4,3.0,1.2,0.1,17.6,0.0,0.0,54.2,0.0,0.5,8.4,0.0,9.7,4.9,0.0,0.0,,,FALSE
12,Crema baja en grasa,2,cda,30,30,52,1.2,4.5,1.8,2.9,0.0,0.0,0.0,1.8,0.0,0.0,0.0,,26.0,0.0,,38.0,,0.0,,,FALSE
12,Crema batida,1.5,cda,12,12,42,0.2,4.4,0.3,2.8,1.3,0.2,16.8,0.3,0.0,50.4,0.0,0.8,8.0,0.0,8.8,4.8,7.2,0.0,,,FALSE
12,Crema batida en aerosol,5,cda,15,15,40,0.5,3.5,2.0,2.0,1.0,0.0,10.0,0.0,0.0,30.0,0.0,0.0,15.0,0.0,20.0,20.0,15.0,0.0,,,FALSE
12,Crema chantilly,1.5,cda,12,12,42,0.2,4.4,0.3,2.8,1.3,0.2,16.8,0.3,0.0,50.4,0.0,0.8,8.0,0.0,8.8,4.8,7.2,0.0,,,FALSE
12,Crema de coco dulce,4,cdita,25,25,49,0.3,4.1,13.5,3.9,0.2,0.0,0.0,0.0,0.6,0.0,0.4,3.6,0.3,0.1,25.9,9.1,5.6,0.0,,,FALSE
12,Crema de coco natural,3,cdita,15,15,50,0.5,5.2,1.0,4.6,0.2,0.1,0.0,0.0,0.3,0.0,0.4,3.4,1.6,0.3,48.8,0.6,18.3,0.0,,,FALSE
12,Crema de leche en polvo,4,cda,10,10,39,3.4,0.6,4.9,0.4,0.1,0.0,6.9,0.0,0.0,5.4,0.6,4.7,118.4,0.0,159.2,51.7,0.0,0.0,,,FALSE
12,Crema dulce,4,cdita,19,19,36,0.5,3.6,0.7,2.2,0.9,0.1,12.3,0.0,0.0,37.3,0.2,0.4,17.9,0.0,22.7,7.5,0.0,0.0,,,FALSE
12,Crema dulce para batir,4,cdita,19,19,36,0.5,3.6,0.7,2.2,0.9,0.1,12.3,0.0,0.0,37.3,0.2,0.4,17.9,0.0,22.7,7.5,0.0,0.0,,,FALSE
12,Crema entera,1,cda,14,14,41,0.3,4.3,0.4,2.7,1.3,0.1,15.9,0.0,0.0,41.1,0.0,0.9,9.3,0.0,14.0,4.7,8.4,0.0,,,FALSE
12,Crema Lala Light,5,cda,80,80,39,0.8,3.4,1.4,0.0,0.0,0.0,28.5,0.0,0.0,0.0,0.0,0.0,0.0,0.0,0.0,0.0,0.0,0.0,,,FALSE
12,Crema ligera,1,cda,14,14,41,0.3,4.3,0.4,2.7,1.3,0.1,15.9,0.0,0.0,41.1,0.0,0.9,9.3,0.0,14.0,4.7,8.4,0.0,,,FALSE
12,Crema natural,1,cda,15,15,43,0.0,3.2,2.1,2.1,0.0,0.0,10.7,2.1,0.0,0.0,0.0,0.0,0.0,0.0,10.7,0.0,0.0,0.0,,,FALSE
12,Crema para batir,1.5,cda,21,21,41,0.6,4.1,0.8,2.5,1.0,0.1,13.9,0.0,0.0,42.0,0.2,0.4,20.2,0.0,25.6,8.4,0.0,0.0,,,FALSE
12,Crema para café,1,cda,14,14,41,0.3,4.3,0.4,2.7,1.3,0.1,15.9,0.0,0.0,41.1,0.0,0.9,9.3,0.0,14.0,4.7,8.4,0.0,,,FALSE
12,Dip,2,cda,30,30,48,1.0,3.9,1.9,2.9,0.0,0.0,19.4,1.0,0.0,0.0,0.0,0.0,19.4,0.0,38.7,154.8,0.0,0.0,,,FALSE
12,Dip de cebolla,2,cda,30,30,48,1.0,3.9,1.9,2.9,0.0,0.0,19.4,1.0,0.0,0.0,0.0,0.0,19.4,0.0,38.7,154.8,0.0,0.0,,,FALSE
12,Dip preparado,2,cda,30,30,48,1.0,3.9,1.9,2.9,0.0,0.0,19.4,1.0,0.0,0.0,0.0,0.0,19.4,0.0,38.7,154.8,0.0,0.0,,,FALSE
12,Dip preparado con crema,2,cda,30,30,48,1.0,3.9,1.9,2.9,0.0,0.0,19.4,1.0,0.0,0.0,0.0,0.0,19.4,0.0,38.7,154.8,0.0,0.0,,,FALSE
12,Grasa de tocino,5,gramos,5,5,44,0.0,5.0,0.0,2.2,2.1,0.6,4.8,0.0,0.0,0.0,0.0,0.0,0.0,0.0,0.0,0.0,0.0,0.0,,,FALSE
12,Grasas animales,5,gramos,5,5,44,0.0,5.0,0.0,2.2,2.1,0.6,4.8,0.0,0.0,0.0,0.0,0.0,0.0,0.0,0.0,0.0,0.0,0.0,,,FALSE
12,Grasas vegetales para cocinar,5,gramos,5,5,44,0.0,5.0,0.0,1.2,3.3,0.4,0.0,0.0,0.0,0.0,0.0,0.0,0.0,0.0,0.0,0.0,0.0,0.0,,,FALSE
12,Guacamole,2,cda,28,28,46,1.0,3.7,2.7,0.0,0.0,0.0,0.0,0.0,0.2,0.0,0.0,0.0,0.0,0.0,0.0,195.7,0.0,0.0,,,FALSE
12,Lardo,5,gramos,5,5,45,0.0,5.0,0.0,2.0,2.1,0.5,4.8,0.0,0.0,0.0,0.0,0.0,0.0,0.0,0.0,0.0,0.0,0.0,,,FALSE
12,Manteca de cacao,1,cdita,5,5,44,0.0,5.0,0.0,3.0,1.6,0.2,0.0,0.0,0.0,0.0,0.0,,0.0,0.0,,0.0,,0.0,,,FALSE
12,Manteca de cerdo,1,cdita,4,4,39,0.0,4.3,0.0,1.7,2.0,0.5,4.0,0.0,0.0,0.0,0.0,0.0,0.0,0.0,0.0,0.0,0.0,0.0,,,FALSE
12,Manteca vegetal,1,cdita,4,4,38,0.0,4.3,0.0,1.1,1.9,1.1,0.0,0.0,0.0,0.0,0.0,0.0,0.0,0.0,0.0,0.0,0.0,0.0,,,FALSE
12,Mantequilla,1.5,cdita,6,6,47,0.1,5.3,0.0,3.3,1.3,0.1,14.2,0.0,0.0,49.0,0.0,0.2,1.6,0.0,0.6,0.6,0.0,0.0,,,FALSE
12,Mantequilla clarificada,1.5,cdita,6,6,53,0.0,6.0,0.0,3.7,1.7,0.2,15.4,0.0,0.0,50.4,0.0,,0.2,0.0,,0.1,,0.0,,,FALSE
12,Mantequilla con sal,1.5,cdita,6,6,47,0.1,5.3,0.0,3.3,1.3,0.1,14.2,0.0,0.0,49.0,0.0,0.2,1.6,0.0,1.7,53.6,0.0,0.0,,,FALSE
12,Mantequilla derretida,1,cdita,5,5,36,0.0,4.1,0.0,2.5,1.0,0.1,11.0,0.0,0.0,37.7,0.0,0.2,1.2,0.0,0.5,0.5,0.0,0.0,,,FALSE
12,Mantequilla Lala reducida en grasa,7,cda,84,84,32,0.2,3.4,0.2,,,,27.5,,,,,,,,,11.8,,0.0,,,FALSE
12,Mantequilla sin sal,1.5,cdita,6,6,47,0.1,5.3,0.0,3.3,1.3,0.1,14.2,0.0,0.0,49.0,0.0,0.2,1.6,0.0,0.6,0.6,0.0,0.0,,,FALSE
12,Margarina,1,cdita,4,4,39,0.0,4.3,0.0,1.7,1.9,0.5,2.3,0.0,0.0,0.0,0.0,0.0,0.0,0.0,0.0,0.0,0.0,0.0,,,FALSE
12,Margarina baja en grasa,2.5,cdita,11,11,42,0.0,5.0,0.0,0.0,0.0,0.0,0.0,0.0,0.0,0.0,0.0,0.0,0.0,0.0,0.0,108.3,0.0,0.0,,,FALSE
12,Margarina con sal,1.5,cdita,6,6,47,0.1,5.2,0.1,1.0,2.3,1.6,0.0,0.0,0.0,64.5,0.0,0.1,1.9,0.0,2.7,61.2,0.0,0.0,,,FALSE
12,Margarina sin sal,1,cdita,4,4,39,0.0,4.3,0.0,1.7,1.9,0.5,2.3,0.0,0.0,0.0,0.0,0.0,0.0,0.0,0.0,0.0,0.0,0.0,,,FALSE
12,Mayonesa,1,cdita,5,5,34,0.1,3.6,0.2,0.6,2.2,0.7,12.1,0.0,0.0,3.9,0.0,0.7,0.8,0.0,1.6,27.8,0.0,0.0,,,FALSE
12,Mayonesa chipotle,1,cda,14,14,53,0.2,5.1,1.5,0.8,1.3,3.0,8.4,0.8,0.0,0.0,0.0,,0.0,0.0,,121.3,,0.0,,,FALSE
12,Mayonesa de aguacate,1/2,cda,7,7,47,0.1,5.2,0.0,0.6,3.6,0.7,7.1,0.0,0.0,0.0,0.0,,0.0,0.0,,23.2,,0.0,,,FALSE
12,Media crema,2,cda,30,30,40,0.8,3.4,1.2,2.2,1.0,0.2,12.0,0.0,0.0,32.0,0.0,0.0,32.0,0.0,38.0,12.0,28.0,0.0,,,FALSE
12,Nata,1,cda,14,14,48,0.9,4.6,0.0,0.0,0.0,0.0,1.0,0.0,0.0,0.0,0.0,,14.7,0.6,,0.0,,0.0,,,FALSE
12,Nuez de Brasil,2,pieza,8,8,53,1.1,5.4,0.9,1.3,1.9,2.0,0.0,0.2,0.6,0.0,0.1,,12.8,0.2,,0.2,,0.0,,,FALSE
12,Pam,5,disp. 1 s,5,5,44,0.0,5.0,0.0,0.6,1.2,2.9,0.0,0.0,0.0,0.0,0.0,0.0,0.0,0.0,0.0,0.0,0.0,0.0,,,FALSE
12,Pam aceite de oliva,6,disparo,6,6,51,0.0,5.6,0.0,0.0,0.0,0.0,0.0,0.0,0.0,0.0,0.0,,0.0,0.0,,0.0,,0.0,,,FALSE
12,Pam mantequilla,6,disparo,6,6,51,0.0,5.6,0.0,0.0,0.0,0.0,0.0,0.0,0.0,0.0,0.0,,0.0,0.0,,0.0,,0.0,,,FALSE
12,Praliné,1/2,cda,8,8,36,0.2,1.9,5.0,0.1,1.2,0.5,0.0,0.0,0.2,0.4,0.0,1.0,2.5,0.1,16.8,4.9,8.8,0.0,,,FALSE
12,Queso crema,1,cda,13,13,46,1.0,4.6,0.4,2.9,1.3,0.2,14.4,0.2,0.0,57.6,0.0,1.9,10.7,0.2,15.8,39.0,13.9,0.0,,,FALSE
12,Queso crema bajo en grasa,1,cda,13,13,32,1.1,3.0,0.3,2.1,0.0,0.0,6.1,0.0,0.0,0.0,0.0,0.0,16.3,0.0,22.3,51.1,16.3,0.0,,,FALSE
12,Queso crema untable,1,cda,10,10,37,0.7,3.7,0.3,2.3,0.0,0.0,11.6,0.3,0.0,0.0,0.0,0.0,6.6,0.0,11.6,31.6,6.6,0.0,,,FALSE
12,Queso líquido,2.5,cda,38,38,56,0.2,5.0,2.5,2.5,0.0,0.0,0.0,1.2,0.0,0.0,0.0,,0.0,0.0,,337.5,,0.0,,,FALSE
12,Queso para nachos,2.5,cda,38,38,56,0.2,5.0,2.5,2.5,0.0,0.0,0.0,1.2,0.0,0.0,0.0,,0.0,0.0,,337.5,,0.0,,,FALSE
12,Queso Philadelphia,1,cda,13,13,46,1.0,4.6,0.4,2.9,1.3,0.2,14.4,0.2,0.0,57.6,0.0,1.9,10.7,0.2,15.8,39.0,13.9,0.0,,,FALSE
12,Salsa Alfredo,1,cda,14,14,44,0.7,4.3,0.8,0.0,0.0,0.0,7.0,0.0,0.0,0.0,0.0,0.0,0.0,0.0,0.0,50.8,0.0,0.0,,,FALSE
12,Salsa holandesa industrializada,1/2,cda,8,8,44,0.9,3.7,2.6,2.2,1.1,0.2,9.4,0.0,0.1,40.7,0.0,4.0,23.1,0.2,23.3,292.0,23.5,0.0,,,FALSE
12,Salsa Macha,1/2,cda,10,10,52,0.2,5.3,0.9,0.8,0.0,0.0,0.0,0.0,0.1,0.0,0.0,,0.0,0.0,,11.0,,0.0,,,FALSE
12,Salsa Tártara industrializada,1,cdita,16,16,52,0.0,5.2,2.1,2.1,0.0,0.0,5.2,0.0,0.0,0.0,0.0,0.0,0.0,0.0,5.2,93.0,0.0,0.0,,,FALSE
12,Salsa Tártara sin grasa,3,cda,47,47,36,0.0,1.5,7.3,0.6,0.0,0.0,0.0,4.4,1.5,0.0,0.0,0.0,0.0,0.0,21.8,305.2,0.0,0.0,,,FALSE
12,Salsa Velouté,1.5,cda,21,21,38,0.6,3.4,1.1,0.0,0.0,0.0,8.6,0.0,0.0,0.0,0.0,0.0,18.8,0.0,25.5,98.3,0.0,0.0,,,FALSE
12,Tampico,12,gramos,12,12,52,0.4,5.2,0.8,0.8,0.0,0.0,0.0,0.0,0.4,0.0,0.0,,0.0,0.0,,72.4,,0.0,,,FALSE
12,Tocineta,1,rebanada,10,10,52,0.9,5.3,0.0,1.9,2.5,0.5,7.2,0.0,0.0,0.3,0.0,,0.5,0.1,,3.2,,0.0,,,FALSE
12,Tocino,1,rebanada*,8,8,44,0.7,4.6,0.0,1.7,2.0,0.5,5.4,0.0,0.0,0.0,0.0,0.2,0.6,0.0,11.1,54.8,0.0,0.0,,,FALSE
12,Tocino ahumado,1,rebanada*,8,8,44,0.7,4.6,0.0,1.7,2.0,0.5,5.4,0.0,0.0,0.0,0.0,0.2,0.6,0.0,11.1,54.8,0.0,0.0,,,FALSE
12,Tocino en lonja,8,gramos,8,8,44,0.7,4.6,0.0,1.7,2.0,0.5,5.4,0.0,0.0,0.0,0.0,0.2,0.6,0.0,11.1,54.8,0.0,0.0,,,FALSE
12,Tocino frito,1,rebanada,7,7,39,0.6,4.0,0.0,0.0,0.0,0.0,5.7,0.0,0.0,0.0,0.0,0.0,0.0,0.0,0.0,48.0,0.0,0.0,,,FALSE
12,Tocino imitación,1,rebanada,10,10,41,1.0,3.9,0.1,0.0,0.0,0.0,6.7,0.0,0.0,0.0,0.0,0.0,0.0,0.0,0.0,96.7,0.0,0.0,,,FALSE
12,Tuétano,6,gramos,6,6,47,0.4,5.1,0.0,0.0,0.0,0.0,0.0,0.0,0.0,14.4,0.0,,0.0,0.3,,0.0,,0.0,,,FALSE
12,Vinagreta,1/2,cda,8,8,36,0.0,4.0,0.2,0.8,1.2,2.0,0.0,0.0,0.0,0.0,0.0,0.0,0.0,0.0,0.5,0.0,0.0,0.0,,,FALSE
12,Vinagreta baja en calorías,5,cda,80,80,38,0.0,0.0,7.5,0.0,0.0,0.0,0.0,7.5,0.0,0.0,0.0,0.0,0.0,0.0,37.5,1000.0,0.0,0.0,,,FALSE
12,Vinagreta comercial,1.5,cda,23,23,46,0.0,3.8,3.0,0.8,0.0,0.0,0.0,2.3,0.0,0.0,0.0,0.0,0.0,0.0,0.0,187.5,0.0,0.0,,,FALSE
12,Vinagreta de ajonjolí,3,cdita,12,12,53,0.4,5.4,1.0,0.7,1.4,3.0,0.0,1.0,0.1,0.2,0.0,,2.3,0.1,,120.0,,0.0,,,FALSE
12,Vinagreta de mostaza,3,cdita,12,12,47,0.0,4.7,1.7,0.6,0.0,0.0,0.0,1.7,0.0,0.0,0.0,,0.0,0.0,,145.7,,0.0,,,FALSE
12,Vinagreta de vino,6,cdita,24,24,55,0.1,4.7,3.1,0.8,0.0,0.0,0.0,3.1,0.0,0.0,0.0,,0.0,0.0,,39.5,,0.0,,,FALSE
11,Aderezo de yogurt,2,cda,28,28,73,1.3,6.6,2.0,1.3,1.3,3.3,13.2,1.3,0.2,0.0,0.0,,26.3,0.0,,184.5,,0.0,,,FALSE
11,Aderezo de yogurt y pepino,4,cda,56,56,74,1.9,5.6,3.7,2.8,0.0,0.0,9.5,1.9,0.1,0.0,2.2,,74.5,0.0,,46.5,,0.0,,,FALSE
11,Ajonjolí,4,cdita,10,10,61,2.7,5.7,1.0,0.8,2.2,2.5,0.0,0.1,1.2,1.3,0.0,10.4,13.0,0.8,42.9,3.9,80.6,0.0,,,FALSE
11,Ajonjolí acaramelado,5,cda,13,13,71,2.1,5.1,4.1,0.0,0.0,0.0,0.0,4.1,1.0,0.0,0.0,,83.1,0.6,,21.7,,0.0,,,FALSE
11,Ajonjolí tostado,5,cda,13,13,75,2.2,6.3,3.4,0.9,2.4,2.8,0.0,,2.2,0.9,0.0,12.5,17.2,1.0,53.4,5.1,101.7,0.0,,,FALSE
11,Almendra,10,pieza,12,12,66,2.7,6.6,0.5,0.5,4.3,1.3,0.0,,0.9,0.0,0.0,11.5,59.6,0.3,92.8,0.5,0.0,0.0,,,FALSE
11,Almendra acaramelada,6,pieza,12,12,72,2.2,6.0,3.4,0.4,3.3,1.5,0.0,,1.1,0.0,0.0,0.0,32.1,0.3,68.1,15.9,48.4,0.0,,,FALSE
11,Almendra ahumada,10,pieza,12,12,71,2.6,6.4,2.1,0.0,0.0,0.0,0.0,,0.0,0.0,0.0,0.0,39.4,0.5,49.7,73.7,0.0,0.0,,,FALSE
11,Almendra deshidratada,10,pieza,12,12,71,2.4,6.3,2.4,0.6,4.1,1.3,0.0,,1.3,0.0,0.0,6.9,31.7,0.4,87.9,1.3,62.6,0.0,,,FALSE
11,Almendra fileteada,2,cda,12,12,72,2.5,6.5,2.2,0.5,4.3,1.4,0.0,,1.4,0.0,0.0,0.0,0.0,0.0,82.7,0.0,0.0,0.0,,,FALSE
11,Almendra picada,4,cdita,10,10,62,2.1,5.2,1.8,0.4,0.0,1.2,0.0,,0.0,0.0,0.0,3.5,27.3,0.4,61.6,0.0,53.5,0.0,,,FALSE
11,Almendra tostada,10,cda,12,12,71,2.0,6.3,3.0,0.6,4.1,1.3,0.0,,1.7,0.0,0.0,7.7,34.3,0.5,93.4,1.3,66.4,0.0,,,FALSE
11,Avellana,9,pieza,13,13,72,2.5,6.5,2.3,0.0,0.0,0.0,0.0,,0.0,0.0,0.5,0.0,17.1,0.5,95.0,0.0,0.0,0.0,,,FALSE
11,Avellana picada,5,cdita,12,12,71,2.4,6.4,2.3,0.0,0.0,0.0,0.0,,0.0,0.0,0.4,0.0,16.8,0.5,93.4,0.0,0.0,0.0,,,FALSE
11,Avellana salada,8,pieza,11,11,72,1.8,7.1,1.6,0.0,0.0,0.0,0.0,,0.0,0.0,0.4,28.0,20.4,0.4,62.8,15.6,31.6,0.0,,,FALSE
11,Avellana tostada,8,pieza,11,11,75,1.1,7.5,2.0,0.6,5.9,0.7,0.0,,0.8,0.8,0.0,8.4,22.0,0.4,52.4,0.4,36.8,0.0,,,FALSE
11,Bebida vegetal Silk® Almendra sin azúcar sin endulzar con proteína,1,taza,240,240,93,12.0,4.8,0.5,0.5,3.6,0.7,0.0,0.0,0.5,95.5,,,367.2,,,97.9,,,,,FALSE
11,Bebida vegetal Silk® Almendra sin azúcar sin endulzar sabor Monk Fruit,2,taza,480,480,54,1.9,4.3,1.9,0.5,2.9,1.0,0.0,0.5,1.0,191.0,,,864.0,,,293.8,,,,,FALSE
11,Bebida vegetal Silk® Almendra sin azúcar y sin endulzar,2,taza,480,480,54,1.9,4.3,1.9,0.5,2.9,1.0,0.0,0.0,1.0,191.0,,,864.0,,,309.1,,,,,FALSE
11,Bebida vegetal Silk® Coco sin azúcar y sin endulzar,1,taza,240,240,43,0.5,4.1,1.2,3.6,0.2,0.2,0.0,0.5,0.2,95.5,,,432.0,,,163.7,,,,,FALSE
11,Cacahuate,14,pieza,12,12,73,2.9,6.2,2.7,0.9,3.1,1.9,0.0,,1.0,0.0,0.0,17.9,6.6,0.3,81.8,100.6,44.2,0.0,,,FALSE
11,Cacahuate acaramelado,5,cdita,14,14,75,3.0,6.5,2.5,1.0,3.5,2.0,0.0,,0.0,0.0,0.0,0.0,0.0,0.0,0.0,57.8,0.0,0.0,,,FALSE
11,Cacahuate con cáscara,12,gramos,12,12,70,2.8,6.0,0.2,0.8,1.9,1.7,0.0,,0.6,0.0,0.1,17.4,6.5,0.3,79.0,0.6,0.0,0.0,,,FALSE
11,Cacahuate con pepitas,12,gramos,12,12,75,2.8,6.0,2.4,0.8,2.8,2.4,0.0,,0.8,0.0,0.0,0.0,0.0,0.1,0.0,144.0,0.0,0.0,,,FALSE
11,Cacahuate con piel,15,pieza,14,14,72,3.4,6.3,2.9,1.4,2.9,1.9,0.0,,1.4,0.0,0.0,0.0,0.0,0.0,86.8,50.6,0.0,0.0,,,FALSE
11,Cacahuate enchilado,13,pieza,12,12,67,2.9,5.9,2.1,0.8,2.9,1.7,0.0,,0.8,0.0,0.0,0.0,0.0,0.0,83.6,79.4,0.0,0.0,,,FALSE
11,Cacahuate japonés,15,pieza,14,14,68,2.7,3.6,6.3,0.0,0.0,0.0,0.0,,0.3,0.0,0.0,0.0,0.0,0.0,0.0,270.0,0.0,0.0,,,FALSE
11,Cacahuate picado,5,cdita,12,12,74,3.0,6.2,2.7,0.9,3.1,1.9,0.0,,1.0,0.0,0.0,18.2,6.6,0.3,82.8,101.9,44.7,0.0,,,FALSE
11,Cacahuate salado,13,pieza,12,12,71,3.2,5.5,2.4,1.0,2.9,1.6,0.0,,0.0,0.0,0.0,0.0,9.9,0.2,0.0,34.0,0.0,0.0,,,FALSE
11,Cacahuate tostado,13,pieza,12,12,69,2.8,5.9,2.5,0.8,2.9,1.8,0.0,,1.0,0.0,0.0,17.1,6.3,0.3,78.1,96.1,42.2,0.0,,,FALSE
11,Cacahuates confitados,1/4,bolsa,14,14,72,1.4,4.3,7.1,1.5,2.0,0.6,0.7,,0.5,9.7,0.1,3.4,10.4,0.1,48.1,36.7,25.7,0.0,,,FALSE
11,Cacahuates cubiertos con salsa y limón,2,cda,13,13,72,2.6,4.6,5.3,0.0,0.0,0.0,0.0,,0.0,0.0,0.0,0.0,0.0,0.0,0.0,124.7,0.0,0.0,,,FALSE
11,Castaña,1.5,pieza,17,17,62,1.1,0.3,13.6,0.1,0.2,0.1,0.0,,0.0,5.4,10.2,18.6,4.8,0.4,123.6,0.6,26.4,0.0,,,FALSE
11,Castaña con cáscara,2,pieza,30,18,67,1.2,0.3,14.8,0.1,0.2,0.1,0.0,,0.0,5.9,11.1,20.3,5.2,0.4,134.6,0.7,28.8,0.0,,,FALSE
11,Castaña asada,30,gramos,30,30,73,1.4,0.3,15.9,0.0,0.2,0.1,0.0,,0.0,0.0,11.8,21.4,5.4,0.5,144.6,1.1,31.1,0.0,,,FALSE
11,Chía,7,cda,49,12,69,3.5,5.9,1.9,1.2,0.9,3.5,0.0,,0.0,0.0,0.0,7.0,6.6,0.9,80.5,12.3,93.6,0.0,,,FALSE
11,Chilorio,30,gramos,30,30,64,5.0,4.7,0.7,0.7,0.0,0.0,17.1,,0.3,0.0,0.0,0.0,0.0,0.0,0.0,203.1,0.0,0.0,,,FALSE
11,Chilorio de pavo,30,gramos,30,30,64,5.0,4.7,0.7,0.7,0.0,0.0,17.1,,0.3,0.0,0.0,0.0,0.0,0.0,0.0,203.1,0.0,0.0,,,FALSE
11,Chistorra,15,gramos,15,15,73,1.7,7.0,0.7,0.0,0.0,0.0,25.5,,0.0,0.0,0.0,0.0,0.0,0.0,0.0,156.8,0.0,0.0,,,FALSE
11,Chorizo,15,gramos,15,15,64,3.5,5.6,0.0,2.1,2.4,0.4,16.2,,0.0,0.0,0.0,0.4,6.2,0.5,23.5,11.5,0.0,0.0,,,FALSE
11,Chorizo de pavo,21,gramos,21,21,62,4.1,5.0,0.0,1.5,0.0,0.0,0.0,0.0,0.0,0.0,0.0,,0.0,0.0,,231.0,,0.0,,,FALSE
11,Chorizo de pollo,35,gramos,35,35,72,5.0,5.7,0.1,0.0,0.0,0.0,5.3,,0.0,0.0,0.0,0.0,0.0,0.0,0.0,302.4,0.0,0.0,,,FALSE
11,Chorizo vegetariano,15,gramos,15,15,70,4.1,5.7,0.2,0.0,0.0,0.0,0.0,,0.0,0.0,0.0,0.0,0.0,0.0,0.0,0.0,0.0,0.0,,,FALSE
11,Coroso,14,gramos,14,11,72,0.8,7.5,1.6,0.0,0.0,0.0,0.0,,0.8,0.0,0.0,0.0,0.9,0.2,0.0,0.0,0.0,0.0,,,FALSE
11,Crema de almedras,1,cda,12,12,74,2.5,6.7,2.3,0.5,3.9,1.6,0.0,0.5,1.2,0.0,0.0,,41.6,0.4,,0.8,,0.0,,,FALSE
11,Crema de nuez de la India,1,cda,12,12,70,2.1,5.9,3.3,1.2,3.5,1.0,0.0,1.1,0.2,0.0,0.0,,5.2,0.6,,1.8,,0.0,,,FALSE
11,"Falafel, hecho en casa",20,gramos,20,20,67,2.7,3.5,6.4,0.0,0.0,0.0,0.0,,0.0,,,,,,,,,0.0,,,FALSE
11,Harina de ajonjolí,13,gramos,13,13,69,4.0,4.9,3.5,0.7,1.9,2.1,0.0,,0.0,0.9,0.0,4.2,20.9,2.0,55.7,5.6,106.3,0.0,,,FALSE
11,Harina de ajonjolí baja en grasa,20,gramos,20,20,67,10.1,0.4,7.2,0.1,0.1,0.1,0.0,,0.0,1.4,0.0,5.7,30.0,2.9,80.7,7.9,153.6,0.0,,,FALSE
11,Harina de almendras,11,gramos,11,11,66,2.2,5.7,2.5,0.6,3.7,1.2,0.0,,0.0,0.0,0.0,6.7,24.4,0.3,79.0,0.8,67.6,0.0,,,FALSE
11,Harina de cacahuate,15,gramos,15,15,65,5.1,3.3,4.8,0.5,1.7,1.1,0.0,,2.4,0.0,0.0,20.4,19.8,0.7,206.3,0.0,77.1,0.0,,,FALSE
11,Harina de cacahuate desgrasada,20,gramos,20,20,66,10.6,0.1,7.0,0.0,0.1,0.0,0.0,,3.2,0.0,0.0,50.0,28.6,0.4,261.4,36.4,153.6,0.0,,,FALSE
11,Hummus de garbanzo,20,gramos,20,20,67,2.7,3.5,6.4,0.0,0.0,0.0,0.0,,0.0,,,,,,,,,0.0,,,FALSE
11,KKwate Sabritas Japonés,15,gramos,15,15,74,2.4,4.2,6.6,,,,0.0,,,,,,,,,69.0,,0.0,,,FALSE
11,KKwate Sabritas Salado,10,gramos,10,10,60,2.0,5.2,1.2,,,,0.0,,,,,,,,,60.0,,0.0,,,FALSE
11,Mantequilla de cacahuate,2,cdita,11,11,63,2.6,5.3,2.3,1.0,2.5,1.5,0.0,,0.7,0.0,0.0,9.7,4.3,0.2,79.6,52.0,33.6,0.0,,,FALSE
11,Mazapán sin azúcar,1,pieza,25,25,66,3.5,4.8,2.1,0.8,2.9,1.0,0.0,,0.8,,,,,,,0.5,,0.0,,,FALSE
11,Nueces mixtas,1,cda,12,12,74,2.0,6.8,2.6,1.0,3.8,1.6,0.0,,1.1,2.3,0.1,10.0,13.0,0.4,69.7,78.2,55.7,0.0,,,FALSE
11,Nuez,3,pieza,9,9,67,0.9,7.0,1.3,0.6,4.2,1.9,0.0,,0.9,0.0,0.0,4.7,6.8,0.4,57.0,0.1,41.5,0.0,,,FALSE
11,Nuez acaramelada,3/4,taza,12,12,64,1.7,5.6,3.0,1.3,3.0,1.3,0.0,,0.0,0.0,0.0,0.0,0.0,0.0,0.0,38.6,0.0,0.0,,,FALSE
11,Nuez de Castilla,3,pieza,9,9,67,0.9,7.0,1.3,0.6,4.2,1.9,0.0,,0.9,0.0,0.0,4.7,6.8,0.4,57.0,0.1,0.0,0.0,,,FALSE
11,Nuez de la India acaramelada,3/4,cda,12,12,64,1.7,5.6,3.0,1.3,3.0,1.3,0.0,,0.0,0.0,0.0,0.0,0.0,0.0,0.0,38.6,0.0,0.0,,,FALSE
11,Nuez de la India con almendras,3/4,cda,11,11,64,1.9,5.6,2.3,0.8,3.4,1.5,0.0,,0.0,0.0,0.0,0.0,0.0,0.0,0.0,35.6,0.0,0.0,,,FALSE
11,Nuez de la India con sal,7,pieza,11,11,66,1.9,5.2,2.7,1.0,3.2,1.0,0.0,,0.0,0.0,0.0,0.0,4.8,0.6,34.8,32.0,0.0,0.0,,,FALSE
11,Nuez de la India sin sal en mitades,15,mitades,12,12,72,2.1,5.9,3.4,1.1,3.4,1.1,0.0,,0.0,0.0,0.0,50.6,0.0,0.0,0.0,0.0,0.0,0.0,,,FALSE
11,Nuez de la India tostada sin sal,8,pieza,13,13,73,1.9,5.9,4.2,1.2,3.5,1.0,0.0,,0.4,0.0,0.0,9.0,5.9,0.8,72.0,2.3,62.6,0.0,,,FALSE
11,Nuez de macadamia deshidratada,4,pieza,10,10,73,0.9,7.7,1.4,1.1,6.1,0.1,0.0,,1.0,0.0,0.0,1.5,7.3,0.2,38.2,0.4,14.3,0.0,,,FALSE
11,Nuez deshidratada,3,pieza,9,9,67,0.9,7.0,1.3,0.6,4.2,1.9,0.0,,0.9,0.0,0.0,4.7,6.8,0.4,57.0,0.1,27.7,0.0,,,FALSE
11,Nuez en mitades,7,mitades,10,10,74,1.0,7.7,1.4,0.7,4.6,2.1,0.0,,1.0,0.0,0.0,5.2,7.5,0.4,63.0,0.1,45.8,0.0,,,FALSE
11,Nuez entera,3,pieza,9,9,67,0.9,7.0,1.3,0.6,4.2,1.9,0.0,,0.9,0.0,0.0,4.7,6.8,0.4,57.0,0.1,41.5,0.0,,,FALSE
11,Nuez garapiñada,3/4,taza,12,12,64,1.7,5.6,3.0,1.3,3.0,1.3,0.0,,0.0,0.0,0.0,0.0,0.0,0.0,0.0,38.6,0.0,0.0,,,FALSE
11,Nuez picada,10,gramos,10,10,71,1.0,7.4,1.4,0.6,4.4,2.1,0.0,,0.9,0.0,0.0,5.0,7.1,0.4,60.4,0.1,43.9,0.0,,,FALSE
11,Nuez tostada,3,pieza,9,9,67,0.9,7.0,1.3,0.6,4.2,1.9,0.0,,0.9,0.0,0.0,4.7,6.8,0.4,57.0,0.1,29.0,0.0,,,FALSE
11,Pasta de almendras,4,cdita,13,13,62,1.2,3.8,6.5,0.3,2.4,0.8,0.0,,0.7,0.0,0.0,10.0,23.3,0.2,42.3,1.4,34.7,0.0,,,FALSE
11,Pasta de cacahuate,1,cda,10,10,58,2.8,4.9,1.7,0.9,2.5,1.4,0.0,,0.2,0.0,0.0,7.8,6.3,0.2,67.0,47.8,0.0,0.0,,,FALSE
11,Pasta de cacahuate desgrasada,1,cda,10,10,43,3.0,2.5,2.8,0.9,2.5,1.4,0.0,,1.0,0.0,0.0,5.3,12.0,0.2,0.0,60.7,0.0,0.0,,,FALSE
11,Paté,5,cdita,22,22,69,3.1,6.1,0.3,0.0,0.0,0.0,0.0,,0.0,214.3,0.4,13.0,15.2,1.2,29.9,150.9,43.3,0.0,,,FALSE
11,Paté de cerdo,1,cda,13,13,61,1.5,5.8,0.6,1.9,3.4,0.1,20.0,,0.0,131.9,0.0,7.9,9.3,0.7,18.1,91.9,26.5,0.0,,,FALSE
11,Paté de Foie Gras,1,cda,13,13,60,1.5,5.7,0.6,1.9,3.3,0.1,19.5,,0.0,433.3,0.3,7.8,9.1,0.7,17.9,90.6,26.0,0.0,,,FALSE
11,Paté de ganso,1,cda,13,13,61,1.5,5.8,0.6,1.9,3.4,0.1,20.0,,0.0,131.9,0.0,7.9,9.3,0.7,18.1,91.9,26.5,0.0,,,FALSE
11,Paté de hígado de cerdo,1,cda,13,13,61,1.5,5.8,0.6,1.9,3.4,0.1,20.0,,0.0,131.9,0.0,7.9,9.3,0.7,18.1,91.9,26.5,0.0,,,FALSE
11,Paté de hígado de ternera,1,cda,13,13,61,1.5,5.8,0.6,1.9,3.4,0.1,20.0,,0.0,131.9,0.0,7.9,9.3,0.7,18.1,91.9,26.5,0.0,,,FALSE
11,Paté de pollo,8,cdita,35,35,71,4.7,4.6,2.4,1.4,1.9,0.9,137.3,,0.0,76.7,3.7,112.6,3.7,3.2,33.4,134.8,61.9,0.0,,,FALSE
11,Paté de ternera,1,cda,13,13,61,1.5,5.8,0.6,1.9,3.4,0.1,20.0,,0.0,131.9,0.0,7.9,9.3,0.7,18.1,91.9,26.5,0.0,,,FALSE
11,Pepita limpia,1.5,cda,15,15,79,5.0,6.4,2.0,1.2,2.0,2.9,0.0,,0.6,5.9,0.5,8.6,6.4,2.3,122.7,2.7,177.9,0.0,,,FALSE
11,Pepitas,60,pieza,12,12,66,3.0,5.6,2.1,1.1,1.7,2.5,0.0,,0.5,4.7,0.4,6.9,5.1,1.8,98.1,2.1,142.7,0.0,,,FALSE
11,Pepitas con cáscara,2,cda,13,13,70,3.5,5.6,1.3,0.9,2.2,2.6,0.0,,0.9,0.0,0.0,0.0,0.0,1.8,0.0,520.0,0.0,0.0,,,FALSE
11,Pepitas de calabaza,1.5,cda,12,12,66,3.6,5.5,1.7,0.0,0.0,0.0,0.0,,0.3,0.0,0.0,0.0,0.0,0.0,0.0,0.0,0.0,0.0,,,FALSE
11,Pepitas de melón,5,cdita,12,12,66,3.3,5.6,1.8,1.2,0.9,3.3,0.0,,0.0,0.0,0.0,6.7,6.2,0.9,76.6,11.7,89.0,0.0,,,FALSE
11,Pepitas tostadas,1,cda,13,13,69,4.3,5.5,1.8,1.1,1.7,2.5,0.0,,0.5,5.1,0.5,7.4,5.6,2.0,106.3,2.3,154.1,0.0,,,FALSE
11,Pepperoni,4,rebanada,15,15,72,2.8,6.7,0.1,2.6,3.3,0.6,125.0,,0.0,0.0,0.0,0.0,2.5,0.3,45.0,274.0,28.5,0.0,,,FALSE
11,Piñón,1,cda,10,10,64,1.2,6.2,2.0,1.0,2.3,2.6,0.0,,1.1,0.4,0.4,5.7,0.7,0.3,63.6,7.1,3.6,0.0,,,FALSE
11,Pistache,18,pieza,13,13,73,2.6,6.3,2.5,0.8,3.1,1.9,0.0,,1.4,0.0,0.0,18.5,15.3,0.5,113.4,86.4,61.7,0.0,,,FALSE
11,Queso de nuez de la India,14,gramos,14,14,62,2.0,4.9,2.1,0.8,2.7,1.2,0.0,0.0,0.4,0.0,0.1,,7.1,0.5,,49.1,,0.0,,,FALSE
11,Queso de puerco,20,gramos,20,20,75,2.0,7.4,0.0,4.1,4.0,1.0,20.0,,0.0,0.0,0.0,0.0,1.2,0.2,0.0,0.0,0.0,0.0,,,FALSE
11,Salsa Bearnesa industrializada,4,cdita,17,17,61,2.3,1.5,9.9,0.2,0.7,0.5,0.0,,0.0,0.0,0.7,2.0,27.3,0.1,48.6,564.4,24.6,0.0,,,FALSE
11,Salsa Bechamel,3,cda,45,45,66,1.7,4.8,4.1,1.3,2.0,1.3,3.2,,0.1,24.8,0.4,2.2,53.3,0.1,70.2,159.5,44.3,0.0,,,FALSE
11,Salsa blanca,3,cda,45,45,66,1.7,4.8,4.1,1.3,2.0,1.3,3.2,,0.1,24.8,0.4,2.2,53.3,0.1,70.2,159.5,44.3,0.0,,,FALSE
11,Salsa de ajonjolí,2,cdita,11,11,63,2.6,5.3,2.3,1.0,2.5,1.5,0.0,,0.7,0.0,0.0,4.8,4.2,0.2,77.2,50.4,32.6,0.0,,,FALSE
11,Salsa de cacahuate,2,cdita,11,11,63,2.6,5.3,2.3,1.0,2.5,1.5,0.0,,0.7,0.0,0.0,9.7,4.3,0.2,79.6,52.0,33.6,0.0,,,FALSE
11,Salsa de pimienta verde,5,cda,75,75,72,2.3,4.4,6.0,2.7,1.2,0.1,13.3,,0.3,41.7,0.8,3.4,53.6,0.4,102.1,280.4,46.3,0.0,,,FALSE
11,Salsa de queso,2,cda,34,34,67,3.5,5.1,1.8,2.7,1.6,0.5,12.5,,0.0,54.4,0.0,2.3,105.4,0.1,48.7,167.7,78.2,0.0,,,FALSE
11,Salsa pesto,4,cdita,24,24,66,3.1,5.5,0.9,0.0,0.0,0.0,5.9,,0.0,0.0,1.3,0.0,69.5,0.3,55.2,103.2,0.0,0.0,,,FALSE
11,Selección de botana mexicana,1,cda,10,10,62,2.3,5.0,2.0,0.7,2.3,2.0,0.0,,0.7,0.0,0.0,0.0,0.0,0.1,0.0,120.0,0.0,0.0,,,FALSE
11,Semilla de calabaza,1.5,cda,15,11,61,3.4,5.1,1.6,0.9,1.9,2.2,0.0,,0.2,1.7,0.0,0.0,4.2,1.0,0.0,0.0,0.0,0.0,,,FALSE
11,Semilla de calabaza menuda,2,cda,20,15,65,5.3,4.1,3.0,0.7,1.5,0.0,0.0,,0.7,0.0,0.0,0.0,5.2,0.2,0.0,0.0,0.0,0.0,,,FALSE
11,Semilla de chía,5,cdita,12,12,66,3.3,5.6,1.8,1.2,0.9,3.3,0.0,,0.0,0.0,0.0,6.7,6.2,0.9,76.6,11.7,89.0,0.0,,,FALSE
11,Semilla de girasol,4,cdita,12,12,69,2.7,6.0,2.1,0.7,1.5,3.7,0.0,,1.2,0.4,0.0,18.4,14.6,0.6,84.0,0.4,85.7,0.0,,,FALSE
11,Semilla de girasol tostada,4,cdita,12,12,71,2.4,6.0,2.9,0.6,1.2,4.0,0.0,,1.3,0.0,0.0,28.7,8.6,0.5,103.3,0.4,140.1,0.0,,,FALSE
11,Tocino de pavo,3,rebanada,30,30,68,4.8,5.1,0.6,1.4,1.9,1.7,25.8,0.3,0.0,3.0,0.0,,24.0,0.4,,320.7,,0.0,,,FALSE
11,Tocino vegetariano,2,rebanada,20,20,63,2.3,6.0,1.3,1.0,1.5,3.0,0.0,,0.5,2.5,0.0,7.5,5.0,0.5,35.0,292.5,15.0,0.0,,,FALSE
11,Vinagreta miel y mostaza,1.5,cdita,12,12,49,0.0,3.9,4.3,0.9,0.0,0.0,0.0,0.0,0.0,0.0,0.0,,0.0,0.0,,154.2,,0.0,,,FALSE
6,Adams Deemint menta,2,pieza,11,11,40,0.0,0.0,9.6,0.0,0.0,0.0,0.0,7.6,0.0,0.0,0.0,,0.0,0.0,,0.0,,0.0,,,FALSE
6,Adams Halls cereza,4,pieza,11,11,44,0.0,0.0,10.8,0.0,0.0,0.0,0.0,7.2,0.0,0.0,0.0,,0.0,0.0,,0.0,,0.0,,,FALSE
6,Adams Halls Colors,4,pieza,11,11,44,0.0,0.0,10.8,0.0,0.0,0.0,0.0,7.2,0.0,0.0,0.0,,0.0,0.0,,0.0,,0.0,,,FALSE
6,Adams Halls limón con miel de abeja,4,pieza,11,11,43,0.0,0.0,10.7,0.0,0.0,0.0,0.0,10.7,0.0,0.0,0.0,,0.0,0.0,,0.1,,0.0,,,FALSE
6,Aderezos para ensalada bajos en calorías y grasa,1/3,taza,85,85,40,0.0,0.0,8.0,0.0,0.0,0.0,0.0,8.0,0.0,0.0,0.0,0.0,0.0,0.0,40.0,1066.6,0.0,0.0,,,FALSE
6,Agua quina,1/3,lata,117,117,42,0.0,0.0,11.1,0.0,0.0,0.0,0.0,11.1,0.0,0.0,0.0,0.0,1.2,0.0,0.0,16.3,0.0,0.0,,,FALSE
6,Ate,13,gramos,13,13,41,0.4,0.1,9.8,0.0,0.0,0.0,0.0,9.2,0.5,0.0,0.0,0.0,0.0,0.0,0.0,0.0,0.0,0.0,51.0,5.0,FALSE
6,Ate de guayaba,13,gramos,13,13,41,0.4,0.1,9.8,0.0,0.0,0.0,0.0,9.2,0.5,0.0,0.0,0.0,0.0,0.0,0.0,0.0,0.0,0.0,51.0,5.0,FALSE
6,Ate de membrillo,13,gramos,13,13,41,0.4,0.1,9.8,0.0,0.0,0.0,0.0,9.2,0.5,0.0,0.0,0.0,0.0,0.0,0.0,0.0,0.0,0.0,51.0,5.0,FALSE
6,Azúcar BC,2,cdita,10,10,40,0.0,0.0,10.0,0.0,0.0,0.0,0.0,10.0,0.0,0.0,0.0,,0.0,0.0,,0.0,,0.0,,,FALSE
6,Azúcar blanca,2,cdita,8,8,33,0.0,0.0,8.4,0.0,0.0,0.0,0.0,8.4,0.0,0.0,0.0,0.0,0.1,0.0,0.2,0.0,0.0,0.0,68.0,6.0,FALSE
6,Azúcar de mesa,2,cdita,8,8,33,0.0,0.0,8.4,0.0,0.0,0.0,0.0,8.4,0.0,0.0,0.0,0.0,0.1,0.0,0.2,0.0,0.0,0.0,68.0,6.0,FALSE
6,Azúcar glass,4,cdita,10,10,39,0.0,0.0,10.0,0.0,0.0,0.0,0.0,9.8,0.0,0.0,0.0,0.0,0.1,0.0,0.2,0.1,0.0,0.0,68.0,7.0,FALSE
6,Azúcar granulada,2,cdita,8,8,33,0.0,0.0,8.4,0.0,0.0,0.0,0.0,8.4,0.0,0.0,0.0,0.0,0.1,0.0,0.2,0.0,0.0,0.0,68.0,6.0,FALSE
6,Azúcar mascabado,2,cdita,10,10,36,0.0,0.0,9.1,0.0,0.0,0.0,0.0,9.1,0.0,0.3,0.2,0.0,5.1,0.4,34.4,3.0,0.0,0.0,68.0,6.0,FALSE
6,Azúcar morena,3,cdita,9,9,34,0.0,0.0,8.8,0.0,0.0,0.0,0.0,8.7,0.0,0.0,0.0,0.1,7.5,0.1,12.0,2.5,0.4,0.0,68.0,6.0,FALSE
6,Bebida de almendra con azúcar,3/4,taza,180,180,54,0.7,1.7,9.4,0.1,1.0,0.4,0.0,8.6,0.4,154.8,0.0,,318.6,0.5,,124.2,,,,,FALSE
6,Bebida de lichi,2/7,lata,101,101,47,0.0,0.0,11.8,0.0,0.0,0.0,0.0,11.8,0.0,0.0,0.0,,0.0,0.0,,22.9,,0.0,,,FALSE
6,Bebida láctea fermentada,1,pieza,80,80,50,0.9,0.2,11.7,0.0,0.0,0.0,0.0,11.4,0.0,0.0,0.0,0.0,0.0,0.0,0.0,0.0,0.0,0.0,46.0,5.0,FALSE
6,Bebida para deportistas,1/4,bote,152,152,40,0.0,0.0,9.8,0.0,0.0,0.0,0.0,8.0,0.0,0.0,0.6,0.0,1.5,0.1,22.8,59.4,15.2,0.0,78.0,8.0,FALSE
6,Bebida para deportistas en polvo,2,cdita,10,10,36,0.0,0.0,9.5,0.0,0.0,0.0,0.0,9.0,,,,,,,20.1,60.3,,0.0,78.0,7.0,FALSE
6,Boing,1/2,Pak ch,125,125,41,0.0,0.0,10.6,0.0,0.0,0.0,0.0,10.6,0.0,0.0,0.0,,0.0,0.0,,18.8,,0.0,,,FALSE
6,Boing guayaba,1/3,lata,112,112,36,0.0,0.0,9.0,0.0,0.0,0.0,0.0,9.0,0.0,0.0,0.0,,0.0,0.0,,16.8,,0.0,,,FALSE
6,Boing mango,1/3,lata,112,112,39,0.0,0.0,9.5,0.0,0.0,0.0,0.0,9.5,0.0,0.0,0.0,,0.0,0.0,,16.8,,0.0,,,FALSE
6,Bolitochas,1.25,pieza,11,11,44,0.0,0.0,10.5,0.0,0.0,0.0,0.0,7.4,0.0,0.0,0.0,,0.0,0.0,,133.7,,0.0,,,FALSE
6,Bombón de chocolate,2,pieza,14,14,18,0.6,2.2,9.5,1.7,0.0,0.0,0.0,9.0,0.6,0.0,0.0,,0.0,0.0,,20.2,,0.0,,,FALSE
6,Boost*,1/3,lata,78,78,33,0.3,0.0,7.9,0.0,0.0,0.0,0.0,7.9,0.0,,,,,,,0.6,,0.0,,,FALSE
6,Borrachos envinados,1,pieza,13,13,43,0.3,0.3,8.7,0.2,0.0,0.0,0.0,5.6,0.0,0.0,0.0,,0.0,0.0,,3.9,,0.0,,,FALSE
6,Bubbaloo Crack Ups,11,pieza,11,11,44,0.0,0.3,10.3,0.3,0.0,0.0,0.0,7.7,0.0,0.0,0.0,,0.0,0.0,,0.0,,0.0,,,FALSE
6,Bubbaloo fresa,3,pieza,17,17,48,0.0,0.0,11.7,0.0,0.0,0.0,0.0,10.2,0.0,0.0,0.0,,0.0,0.0,,0.0,,0.0,,,FALSE
6,Bubbaloo menta,3,pieza,17,17,48,0.0,0.0,12.0,0.0,0.0,0.0,0.0,10.5,0.0,0.0,0.0,,0.0,0.0,,0.0,,0.0,,,FALSE
6,Bubbaloo paleta,3/4,pieza,12,12,45,0.0,0.0,11.2,0.0,0.0,0.0,0.0,7.8,0.0,0.0,0.0,,0.0,0.0,,0.0,,0.0,,,FALSE
6,Bubulubu,1/3,pieza,12,12,46,0.1,0.9,9.2,0.9,0.0,0.0,0.0,6.6,0.2,,,,,,,38.5,,0.0,,,FALSE
6,Café capuchino helado,1/3,taza,80,80,43,0.7,0.8,8.0,0.5,0.0,0.0,1.7,7.0,0.0,0.0,0.0,0.0,0.0,0.0,93.3,40.0,0.0,0.0,,,FALSE
6,Café capuchino instantáneo,2,cdita,8,8,32,0.2,0.4,6.9,0.3,0.1,0.0,0.2,5.5,,0.0,0.0,0.4,10.6,0.0,66.5,14.4,14.6,0.0,,,FALSE
6,Cajeta,1.5,cdita,9,9,36,0.5,1.0,6.4,0.0,0.0,0.0,0.0,6.4,0.0,0.0,0.0,0.0,0.0,0.0,0.0,7.7,0.0,0.0,,,FALSE
6,Cajeta reducida en azúcar,1,cda,15,15,44,0.6,0.9,9.9,0.7,0.2,0.0,0.6,4.6,0.2,0.0,0.0,,0.0,0.0,,12.8,,0.0,,,FALSE
6,Caramelo,2,pza ch,12,12,47,0.0,0.0,11.8,0.0,0.0,0.0,0.0,7.5,,0.0,0.0,0.0,0.4,0.0,0.6,4.6,0.4,0.0,,,FALSE
6,Caramelo de mantequilla,2,pieza,11,11,45,0.0,0.4,10.8,0.1,0.0,0.0,1.2,10.8,0.0,4.0,0.0,0.0,0.4,0.0,0.4,4.8,0.4,0.0,,,FALSE
6,Caramelo Deemint menta,2,pieza,11,11,40,0.0,0.0,9.6,0.0,0.0,0.0,0.0,7.6,0.0,0.0,0.0,,0.0,0.0,,0.0,,0.0,,,FALSE
6,Caramelo macizo,2,pza ch,12,12,47,0.0,0.0,11.8,0.0,0.0,0.0,0.0,7.5,,0.0,0.0,0.0,0.4,0.0,0.6,4.6,0.4,0.0,,,FALSE
6,Caramelo salvavidas,4,pieza,10,10,40,0.0,0.0,10.0,0.0,0.0,0.0,0.0,10.0,0.0,0.0,0.0,0.0,0.0,0.0,0.0,0.0,0.0,0.0,70.0,7.0,FALSE
6,Cáscara de fruta cristalizada,12,gramos,12,12,39,0.0,0.0,9.9,0.0,0.0,0.0,0.0,9.7,0.2,0.1,0.0,,2.2,0.0,,11.8,,0.0,,,FALSE
6,Cáscara de naranja cristalizada,10,gramos,10,10,32,0.0,0.0,8.2,0.0,0.0,0.0,0.0,0.0,0.0,0.0,0.0,0.0,0.0,0.0,0.0,0.0,0.0,0.0,,,FALSE
6,Castaña,2,pieza,22,22,44,0.4,0.3,9.9,0.1,0.1,0.1,0.0,9.9,,0.2,9.0,13.0,4.3,0.2,108.4,0.4,8.5,0.0,,,FALSE
6,Castaña con cáscara,2,pieza,30,18,39,0.4,0.4,8.3,0.1,0.1,0.2,0.0,8.3,2.1,0.2,7.9,11.3,4.9,0.2,94.8,0.5,17.0,0.0,,,FALSE
6,Castaña asada,12,gramos,12,12,44,0.6,0.5,9.4,0.1,0.2,0.2,0.0,9.4,,0.0,1.8,13.2,7.7,0.3,118.9,4.4,16.4,0.0,,,FALSE
6,Cerecets,10,gramos,10,10,40,0.0,0.1,9.2,0.0,0.0,0.0,0.0,4.3,0.1,0.0,0.0,,0.0,0.0,,7.4,,0.0,,,FALSE
6,Checolines,15,gramos,15,15,45,0.0,0.0,11.3,0.0,0.0,0.0,0.0,10.1,0.0,0.0,0.0,,0.0,0.0,,15.2,,0.0,,,FALSE
6,Chewy candy,1/2,pieza,13,13,44,0.0,0.2,10.5,0.1,0.0,0.0,0.0,7.2,0.0,,,,,,,26.1,,0.0,,,FALSE
6,Chicle,5,pieza,15,15,37,0.0,0.0,9.9,0.0,0.0,0.0,0.0,9.9,0.4,0.0,0.0,0.0,0.0,0.0,0.3,0.2,0.0,0.0,,,FALSE
6,Chicle bajo en azúcar,6,pieza,12,12,32,0.0,0.0,11.4,0.0,0.0,0.0,0.0,11.4,0.3,0.0,0.0,0.0,2.4,0.0,0.0,0.8,0.0,0.0,,,FALSE
6,Chicloso,1,pieza,12,12,46,0.3,1.1,8.7,0.1,0.2,0.8,0.0,5.4,0.3,0.0,0.0,1.4,2.0,0.1,9.7,15.5,6.4,0.0,,,FALSE
6,Chocolate Don Gustavo en polvo,2,cdita,10,10,41,0.6,0.7,8.1,0.3,0.0,0.0,0.0,6.6,1.0,0.0,0.0,,0.0,0.0,,0.0,,0.0,,,FALSE
6,Chocolate en polvo Morella,2,cdita,10,10,39,0.3,0.2,9.1,0.2,0.0,0.0,0.0,9.1,0.5,0.0,0.0,,0.0,0.0,,3.5,,0.0,,,FALSE
6,Chocolate en polvo sin azúcar,2,cdita,10,10,40,2.0,1.0,6.0,0.0,,,0.0,4.0,2.0,,0.0,,,3.6,,,0.0,0.0,51.0,3.0,FALSE
6,Chocolate en tableta (Abuelita),10,gramos,10,10,45,0.3,1.4,7.6,1.1,0.0,0.0,0.0,7.5,0.3,0.0,0.0,,0.0,0.0,,0.5,,0.0,,,FALSE
6,Chocolate líquido,1,cda,18,18,50,0.4,0.2,11.7,0.1,0.1,0.0,0.0,8.9,0.5,0.0,0.0,,2.5,0.4,,13.0,,0.0,,,FALSE
6,Coca Cola,1/3,lata,117,117,49,0.0,0.0,12.3,0.0,0.0,0.0,0.0,12.3,0.0,0.0,0.0,,0.0,0.0,,11.7,,0.0,,,FALSE
6,Cocentrado de coco almedra,1,cda,15,15,39,0.0,0.0,9.6,0.0,0.0,0.0,0.0,6.2,0.0,0.0,0.0,,0.0,0.0,,3.5,,0.0,,,FALSE
6,Cocoa en polvo,2,cdita,10,10,40,2.0,1.0,6.0,0.0,,,0.0,4.0,2.0,,0.0,,,3.6,,,0.0,0.0,51.0,3.0,FALSE
6,Concentrado de jugo de arándano,1.5,cda,23,23,45,0.0,0.0,11.6,0.0,0.0,0.0,0.0,9.6,0.0,0.5,10.3,,2.5,0.1,,0.9,,0.0,,,FALSE
6,Concentrado sabor fresa,1,cda,15,15,44,0.0,0.5,10.0,0.0,0.0,0.0,0.0,6.5,0.0,0.0,0.0,,0.0,0.0,,2.5,,0.0,,,FALSE
6,Concentrado sabor guayaba,1,cda,15,15,40,0.0,0.0,10.0,0.0,0.0,0.0,0.0,6.0,0.0,0.0,0.0,,0.0,0.0,,2.5,,0.0,,,FALSE
6,Concentrado sabor horchata,2.5,cdita,13,13,52,4.6,0.0,8.3,0.0,0.0,0.0,0.0,5.4,0.4,0.0,0.0,,0.0,0.0,,2.1,,0.0,,,FALSE
6,Concentrado sabor jamaica,1.25,cda,19,19,42,0.0,0.0,10.6,0.0,0.0,0.0,0.0,10.0,0.0,0.0,0.0,,0.0,0.0,,6.2,,0.0,,,FALSE
6,Concentrado sabor limón,1,cda,15,15,40,0.0,0.0,10.0,0.0,0.0,0.0,0.0,6.0,0.5,0.0,0.0,,0.0,0.0,,2.5,,0.0,,,FALSE
6,Concentrado sabor mandarina,1,cda,15,15,40,0.0,0.0,10.0,0.0,0.0,0.0,0.0,6.0,0.5,0.0,0.0,,0.0,0.0,,2.5,,0.0,,,FALSE
6,Concentrado sabor naranja,1,cda,15,15,40,0.0,0.0,10.0,0.0,0.0,0.0,0.0,6.0,0.0,0.0,0.0,,0.0,0.0,,2.5,,0.0,,,FALSE
6,Concentrado sabor piña,1,cda,15,15,40,0.0,0.0,10.0,0.0,0.0,0.0,0.0,6.0,0.0,0.0,0.0,,0.0,0.0,,2.5,,0.0,,,FALSE
6,Concentrado sabor tamarindo,1,cda,15,15,40,0.0,0.0,10.0,0.0,0.0,0.0,0.0,6.0,0.0,0.0,0.0,,0.0,0.0,,2.5,,0.0,,,FALSE
6,Concentrado sabor uva,1,cda,15,15,40,0.0,0.0,10.0,0.0,0.0,0.0,0.0,6.0,0.5,0.0,0.0,,0.0,0.0,,2.5,,0.0,,,FALSE
6,Crack Ups,11,pieza,11,11,44,0.0,0.3,10.3,0.3,0.0,0.0,0.0,7.7,0.0,0.0,0.0,,0.0,0.0,,0.0,,0.0,,,FALSE
6,Crayón,1/3,pieza,11,11,37,0.0,0.0,9.2,0.0,0.0,0.0,0.0,8.3,0.0,0.0,0.0,,0.0,0.0,,15.2,,0.0,,,FALSE
6,Crazy Dips sabor frutas,1,sobre,12,12,45,0.0,0.0,12.0,,,,,11.0,0.0,,,,,,,0.0,,0.0,,,FALSE
6,Cubierta de chocolate,2,cdita,12,12,48,0.0,1.3,9.1,0.0,0.0,0.0,0.0,0.0,0.0,0.0,0.0,0.0,0.0,0.0,3.3,0.0,0.0,0.0,,,FALSE
6,Cubierta de fresa,3,cdita,16,16,41,0.0,0.0,10.6,0.0,0.0,0.0,0.0,0.0,0.2,0.4,3.8,0.4,3.8,0.2,11.8,3.4,1.9,0.0,,,FALSE
6,Cubierta de piña,3,cdita,16,16,40,0.0,0.0,10.6,0.0,0.0,0.0,0.0,0.0,0.2,0.4,9.5,0.4,3.4,0.1,50.7,9.9,1.1,0.0,,,FALSE
6,Cuchara mango y tamarindo,3/4,pieza,12,12,48,0.0,0.0,10.8,0.0,0.0,0.0,0.0,9.6,0.0,0.0,0.0,,0.0,0.0,,132.0,,0.0,,,FALSE
6,Cueritos de fruta,1/2,pieza,11,11,39,0.0,0.3,9.0,0.1,0.2,0.1,0.0,5.2,0.0,0.6,12.6,0.2,3.4,0.1,30.9,33.3,3.3,0.0,99.0,9.0,FALSE
6,Danette Flan vainilla,1,pieza,57,57,62,1.6,1.7,10.0,1.0,,,,9.8,0.2,,,,63.2,,,48.2,,,,,FALSE
6,Danette Natilla chocolate,1/2,pieza,50,50,66,1.1,1.9,11.2,1.2,,,,9.5,0.4,,,,44.3,,,42.9,,,,,FALSE
6,"Dany, gelatina de agua",1/2,pieza,63,63,43,0.9,0.0,9.8,0.0,,,,9.6,0.0,,,,0.0,,,52.4,,,,,FALSE
6,Del Valle naranjada&nada,1/3,taza,79,79,36,0.0,0.0,9.1,0.0,0.0,0.0,0.0,9.1,0.0,0.0,0.0,,0.0,0.0,,35.2,,0.0,,,FALSE
6,Delaware Punch,1/4,lata,89,89,39,0.0,0.0,9.8,0.0,0.0,0.0,0.0,9.8,0.0,0.0,0.0,,0.0,0.0,,17.8,,0.0,,,FALSE
6,Dextrosa,3,cdita,12,12,45,0.0,0.0,10.5,0.0,0.0,0.0,0.0,10.5,0.0,0.0,0.0,,0.0,0.0,,0.0,,0.0,,,FALSE
6,Dulce de tamarindo,1,pieza,14,14,46,0.0,0.0,12.9,0.0,0.0,0.0,0.0,11.0,0.4,0.1,0.0,,0.0,0.0,,230.0,,0.0,,,FALSE
6,Fanta,1/3,lata,117,117,45,0.0,0.0,11.1,0.0,0.0,0.0,0.0,11.1,0.0,0.0,0.0,,0.0,0.0,,19.3,,0.0,,,FALSE
6,Flan en polvo,1,cda,12,12,42,0.0,0.0,11.0,0.0,0.0,0.0,0.0,11.0,0.0,0.0,0.0,0.0,2.9,0.0,18.4,51.8,0.1,0.0,,,FALSE
6,Fresca,1/3,lata,118,118,40,0.0,0.0,10.0,0.0,0.0,0.0,0.0,10.0,0.0,0.0,0.0,,0.0,0.0,,23.5,,0.0,,,FALSE
6,Fructosa,3,cdita,12,12,44,0.0,0.0,12.0,0.0,0.0,0.0,0.0,11.1,0.0,0.0,0.0,,0.0,0.0,,1.4,,0.0,,,FALSE
6,Fruta cristalizada,15,gramos,15,15,45,0.5,0.1,11.0,0.0,0.0,0.0,0.0,11.0,0.0,0.0,0.0,0.0,0.0,0.0,0.0,0.0,0.0,0.0,103.0,11.0,FALSE
6,Fuze Tea mandarina,1/4,lata,113,113,36,0.0,0.0,9.1,0.0,0.0,0.0,0.0,9.1,0.0,0.0,0.0,,0.0,0.0,,24.3,,0.0,,,FALSE
6,Fuze Tea mango manzanilla,1/4,lata,113,113,36,0.0,0.0,9.1,0.0,0.0,0.0,0.0,9.1,0.0,0.0,0.0,,0.0,0.0,,48.7,,0.0,,,FALSE
6,Fuze Tea negro durazno,1/5,lata,91,91,45,0.0,0.0,11.3,0.0,0.0,0.0,0.0,11.3,0.0,0.0,0.0,,0.0,0.0,,9.1,,0.0,,,FALSE
6,Fuze Tea negro limón,1/4,lata,113,113,36,0.0,0.0,9.1,0.0,0.0,0.0,0.0,9.1,0.0,0.0,0.0,,0.0,0.0,,11.3,,0.0,,,FALSE
6,Fuze Tea verde limón,1/4,lata,113,113,36,0.0,0.0,9.1,0.0,0.0,0.0,0.0,9.1,0.0,0.0,0.0,,0.0,0.0,,11.3,,0.0,,,FALSE
6,Gatorade variedad de sabores,200,ml,200,200,46,0.0,0.0,11.6,,,,,11.6,0.0,0.0,0.0,0.0,,,25.0,91.6,,0.0,,,FALSE
6,Gelatina,1/3,taza,59,59,37,0.7,0.0,8.4,0.0,0.0,0.0,0.0,8.0,0.0,0.0,0.0,0.6,1.8,0.0,0.6,44.6,13.2,0.0,,,FALSE
6,Gelatina de agua Dany sabor cola,1.5,envase,60,60,42,1.1,0.0,9.3,,,,,3.7,0.0,,,,,,,,,0.0,,,FALSE
6,Gelatina de anís,4,cda,64,64,40,0.8,0.0,9.1,0.0,0.0,0.0,0.0,8.6,0.0,0.0,0.0,,1.9,0.0,,48.0,,0.0,,,FALSE
6,Gelatina de cereza,4,cda,64,64,40,0.8,0.0,9.1,0.0,0.0,0.0,0.0,8.6,0.0,0.0,0.0,,1.9,0.0,,48.0,,0.0,,,FALSE
6,Gelatina de chocolate,3,cda,48,48,46,2.1,1.1,6.8,0.7,0.0,0.0,0.0,6.8,0.0,0.0,0.0,,45.0,0.0,,23.2,,0.0,,,FALSE
6,Gelatina de chocolate de leche,3,cda,48,48,46,2.1,1.1,6.8,0.7,0.0,0.0,0.0,6.8,0.0,0.0,0.0,,45.0,0.0,,23.2,,0.0,,,FALSE
6,Gelatina de durazno,4,cda,64,64,40,0.8,0.0,9.1,0.0,0.0,0.0,0.0,8.6,0.0,0.0,0.0,,1.9,0.0,,48.0,,0.0,,,FALSE
6,Gelatina de frambuesa,4,cda,64,64,40,0.8,0.0,9.1,0.0,0.0,0.0,0.0,8.6,0.0,0.0,0.0,,1.9,0.0,,48.0,,0.0,,,FALSE
6,Gelatina de fresa de agua,4,cda,64,64,40,0.8,0.0,9.1,0.0,0.0,0.0,0.0,8.6,0.0,0.0,0.0,,1.9,0.0,,48.0,,0.0,,,FALSE
6,Gelatina de fresa de leche,3,cda,48,48,46,2.1,1.1,6.8,0.7,0.0,0.0,0.0,6.8,0.0,0.0,0.0,,45.0,0.0,,23.2,,0.0,,,FALSE
6,Gelatina de grosella,4,cda,64,64,40,0.8,0.0,9.1,0.0,0.0,0.0,0.0,8.6,0.0,0.0,0.0,,1.9,0.0,,48.0,,0.0,,,FALSE
6,Gelatina de jerez,4,cda,64,64,40,0.8,0.0,9.1,0.0,0.0,0.0,0.0,8.6,0.0,0.0,0.0,,1.9,0.0,,48.0,,0.0,,,FALSE
6,Gelatina de limón,4,cda,64,64,40,0.8,0.0,9.1,0.0,0.0,0.0,0.0,8.6,0.0,0.0,0.0,,1.9,0.0,,48.0,,0.0,,,FALSE
6,Gelatina de mandarina,4,cda,64,64,40,0.8,0.0,9.1,0.0,0.0,0.0,0.0,8.6,0.0,0.0,0.0,,1.9,0.0,,48.0,,0.0,,,FALSE
6,Gelatina de manzana,4,cda,64,64,40,0.8,0.0,9.1,0.0,0.0,0.0,0.0,8.6,0.0,0.0,0.0,,1.9,0.0,,48.0,,0.0,,,FALSE
6,Gelatina de mora azul,4,cda,64,64,40,0.8,0.0,9.1,0.0,0.0,0.0,0.0,8.6,0.0,0.0,0.0,,1.9,0.0,,48.0,,0.0,,,FALSE
6,Gelatina de naranja,4,cda,64,64,40,0.8,0.0,9.1,0.0,0.0,0.0,0.0,8.6,0.0,0.0,0.0,,1.9,0.0,,48.0,,0.0,,,FALSE
6,Gelatina de nuez de leche,3,cda,48,48,46,2.1,1.1,6.8,0.7,0.0,0.0,0.0,6.8,0.0,0.0,0.0,,0.0,0.0,,23.3,,0.0,,,FALSE
6,Gelatina de piña,4,cda,64,64,40,0.8,0.0,9.1,0.0,0.0,0.0,0.0,8.6,0.0,0.0,0.0,,1.9,0.0,,,,0.0,,,FALSE
6,Gelatina de pistache,3,cda,48,48,46,2.1,1.1,6.8,0.7,0.0,0.0,0.0,6.8,0.0,0.0,0.0,,45.0,0.0,,23.2,,0.0,,,FALSE
6,Gelatina de rompope,3,cda,48,48,46,2.1,1.1,6.8,0.7,0.0,0.0,0.0,6.8,0.0,0.0,0.0,,45.0,0.0,,23.2,,0.0,,,FALSE
6,Gelatina de sabor en polvo,10,gramos,10,10,38,0.8,0.0,9.1,0.0,0.0,0.0,0.0,8.6,0.0,0.0,0.0,0.3,0.3,0.0,0.7,46.6,14.1,0.0,,,FALSE
6,Gelatina de uva,4,cda,64,64,40,0.8,0.0,9.1,0.0,0.0,0.0,0.0,8.6,0.0,0.0,0.0,,1.9,0.0,,48.0,,0.0,,,FALSE
6,Gelatina de vainilla,3,cda,48,48,46,2.1,1.1,6.8,0.7,0.0,0.0,0.0,6.8,0.0,0.0,0.0,,45.0,0.0,,23.2,,0.0,,,FALSE
6,Gelatina de vainilla de leche,3,cda,48,48,46,2.1,1.1,6.8,0.7,0.0,0.0,0.0,6.8,0.0,0.0,0.0,,45.0,0.0,,23.2,,0.0,,,FALSE
6,Gelatina de zarzamora,4,cda,64,64,40,0.8,0.0,9.1,0.0,0.0,0.0,0.0,8.6,0.0,0.0,0.0,,1.9,0.0,,48.0,,0.0,,,FALSE
6,Gelatina en polvo para agua,10,gramos,10,10,38,0.8,0.0,9.1,0.0,0.0,0.0,0.0,8.6,0.0,0.0,0.0,0.3,0.3,0.0,0.7,46.6,14.1,0.0,,,FALSE
6,Gelatina en polvo para leche,10,gramos,10,10,38,0.8,0.0,9.1,0.0,0.0,0.0,0.0,8.6,0.0,0.0,0.0,0.3,0.3,0.0,0.7,46.6,14.1,0.0,,,FALSE
6,Gelatina preparada,4.5,cda,72,72,45,0.9,0.0,10.2,0.0,0.0,0.0,0.0,9.7,0.0,0.0,0.0,0.7,2.2,0.0,0.7,54.0,15.9,0.0,,,FALSE
6,Gomilocas de hamburguesa,1/4,bolsa,14,14,44,0.6,0.0,10.4,0.0,0.0,0.0,0.0,7.3,0.0,0.0,0.0,,0.0,0.0,,0.0,,0.0,,,FALSE
6,Gomilocas pingüino,1/4,bolsa,14,14,45,0.8,0.0,10.4,0.0,0.0,0.0,0.0,7.3,0.0,0.0,0.0,,0.0,0.0,,0.0,,0.0,,,FALSE
6,Gomitas,4,pieza,12,12,42,0.5,0.0,10.2,0.0,0.0,0.0,0.0,7.1,0.0,0.0,0.0,0.0,0.0,0.0,0.0,0.0,0.0,0.0,,,FALSE
6,Gomitas con azúcar,1,pieza,15,15,44,0.4,0.0,10.5,0.0,0.0,0.0,0.0,10.1,0.0,0.0,0.0,,0.0,0.0,,7.1,,0.0,,,FALSE
6,Gomitas de aros de durazno ácidas,1.5,pieza,12,12,43,0.7,0.0,10.1,0.0,0.0,0.0,0.0,5.0,0.0,0.0,0.0,,0.0,0.0,,3.4,,0.0,,,FALSE
6,Gomitas de aros de manzana ácidas,2,pieza,16,16,51,1.2,0.0,11.6,0.0,0.0,0.0,0.0,10.4,0.0,0.0,0.0,,0.0,0.0,,5.6,,0.0,,,FALSE
6,Gomitas de Coca Cola,3,pieza,12,12,38,0.9,0.0,8.7,0.0,0.0,0.0,0.0,7.8,0.0,0.0,0.0,,0.0,0.0,,4.2,,0.0,,,FALSE
6,Gomitas de guanábana,3,pieza,12,12,38,0.4,0.0,8.6,0.0,0.0,0.0,0.0,7.9,0.0,0.0,0.0,,0.0,0.0,,5.6,,0.0,,,FALSE
6,Gomitas de gusano (lombriz brillante),2,pieza,16,16,48,0.4,0.0,11.6,0.0,0.0,0.0,0.0,10.4,0.0,0.0,0.0,,0.0,0.0,,7.6,,0.0,,,FALSE
6,Gomitas de pingüinos,1/4,bolsa,14,14,45,0.8,0.0,10.4,0.0,0.0,0.0,0.0,7.3,0.0,0.0,0.0,,0.0,0.0,,0.0,,0.0,,,FALSE
6,Gomitas en forma de dientes (Ricolino),1/4,bolsa,14,14,44,0.6,0.0,10.5,0.0,0.0,0.0,0.0,7.7,0.0,0.0,0.0,,0.0,0.0,,0.0,,0.0,,,FALSE
6,Gomitas frutas enchiladas,2,pieza,16,16,51,0.8,0.0,12.0,0.0,0.0,0.0,0.0,11.6,0.0,0.0,0.0,,0.0,0.0,,108.0,,0.0,,,FALSE
6,Gomitas mango Lucky,1.5,pieza,12,12,48,0.0,0.0,10.5,0.0,0.0,0.0,0.0,9.0,0.0,0.0,0.0,,0.0,0.0,,6.4,,0.0,,,FALSE
6,Granadina,1,cda,15,15,40,0.0,0.0,10.0,0.0,0.0,0.0,0.0,7.0,0.0,0.0,0.0,,0.9,0.0,,4.1,,0.0,,,FALSE
6,Huevitos de chocolate confitado,10,gramos,10,10,40,0.4,0.6,8.4,0.6,0.0,0.0,0.0,7.2,0.4,0.0,0.0,,0.0,0.0,,8.0,,0.0,,,FALSE
6,Inulina de agave,2,cdita,10,10,40,0.0,0.0,10.0,0.0,0.0,0.0,0.0,0.5,9.5,0.0,0.0,,0.0,0.0,,120.0,,0.0,,,FALSE
6,Jalea,2,cdita,13,13,42,0.0,0.0,10.7,0.0,0.0,0.0,0.0,6.5,0.0,0.0,0.0,0.0,0.0,0.0,0.0,3.3,0.0,0.0,,,FALSE
6,Jalea Molecular varios sabores,3,cdita,18,18,39,0.5,0.0,10.8,0.0,0.0,0.0,0.0,9.0,0.2,0.0,0.0,,0.0,0.0,,0.0,,0.0,,,FALSE
6,Jarabe de chocolate,1,cda,18,18,49,0.4,0.2,114.0,0.1,0.1,0.0,0.0,8.7,0.5,0.0,0.0,0.4,2.5,0.4,39.4,12.7,22.7,0.0,,,FALSE
6,Jarabe de fresa,1,cda,15,15,40,0.0,0.0,9.5,0.0,0.0,0.0,0.0,9.5,0.0,0.0,0.0,,0.0,0.0,,,,0.0,,,FALSE
6,Jarabe de mango,1,cda,15,15,45,0.0,0.0,11.5,0.0,0.0,0.0,0.0,11.5,0.0,0.0,0.0,,0.0,0.0,,0.0,,0.0,,,FALSE
6,Jarabe de sabor para preparar agua,1,cda,17,17,41,0.0,0.1,11.2,0.0,0.0,0.0,0.0,0.0,0.0,0.0,0.0,0.0,0.0,0.0,0.0,0.0,0.0,0.0,,,FALSE
6,Jarabe nuez de macadamia,1,cda,15,15,45,0.0,0.0,11.5,0.0,0.0,0.0,0.0,11.5,0.0,0.0,0.0,,0.0,0.0,,20.0,,0.0,,,FALSE
6,"Jarabe sabor ""fresa""",1,cda,15,15,40,0.0,0.0,9.5,0.0,0.0,0.0,0.0,9.5,0.0,0.0,0.0,,0.0,0.0,,0.0,,0.0,,,FALSE
6,Jarabe sabor amareto,1,cda,15,15,40,0.0,0.0,9.5,0.0,0.0,0.0,0.0,9.5,0.0,0.0,0.0,,0.0,0.0,,0.0,,0.0,,,FALSE
6,Jarabe sabor arándano azul,1,cda,15,15,40,0.0,0.0,9.5,0.0,0.0,0.0,0.0,9.5,0.0,0.0,0.0,,0.0,0.0,,0.0,,0.0,,,FALSE
6,Jarabe sabor chocolate blanco,1,cda,15,15,40,0.0,0.0,9.5,0.0,0.0,0.0,0.0,9.5,0.0,0.0,0.0,,0.0,0.0,,22.5,,0.0,,,FALSE
6,Jarabe sabor Irlandés,1,cda,15,15,45,0.0,0.0,11.5,0.0,0.0,0.0,0.0,11.0,0.0,0.0,0.0,,0.0,0.0,,0.0,,0.0,,,FALSE
6,Jarabe sabor menta fresca,1,cda,15,15,40,0.0,0.0,9.5,0.0,0.0,0.0,0.0,9.5,0.0,0.0,0.0,,0.0,0.0,,0.0,,0.0,,,FALSE
6,Jarabe sabor vainilla,1,cda,15,15,40,0.0,0.0,10.0,0.0,0.0,0.0,0.0,10.0,0.0,0.0,0.0,,0.0,0.0,,0.0,,0.0,,,FALSE
6,Jolly Rancher,2,pieza,12,12,46,0.0,0.0,11.6,0.0,0.0,0.0,0.0,8.8,0.0,0.0,0.0,,0.0,0.0,,12.0,,0.0,,,FALSE
6,Jugo Ades de naranja,1,Pak ch,200,200,49,1.2,0.9,9.0,0.1,0.5,0.2,0.0,7.3,0.8,0.0,0.0,,0.0,0.0,,23.0,,0.0,,,FALSE
6,Jugo de caña de azúcar,1/4,taza,60,60,50,0.2,0.1,12.3,0.0,0.0,0.0,0.0,12.3,0.2,0.0,1.2,,7.8,0.4,,,7.2,0.0,,,FALSE
6,Jugo de ciruela pasa,1/4,taza,64,64,45,0.4,0.0,11.2,0.0,0.0,0.0,0.0,10.5,0.6,0.0,2.6,0.0,7.7,0.8,176.6,2.6,16.0,0.0,,,FALSE
6,Jugo de cítricos preparado con agua,1/3,taza,80,80,37,0.2,0.0,9.2,0.0,0.0,0.0,0.0,6.5,0.1,1.6,21.6,5.6,7.1,0.9,89.7,3.2,8.1,0.0,50.0,5.0,FALSE
6,Jugo de fruta concentrado,20,gramos,20,20,45,0.8,0.3,10.1,0.0,0.0,0.0,0.0,10.0,0.1,57.6,45.8,0.0,10.2,0.3,188.4,1.0,0.0,0.0,50.0,5.0,FALSE
6,Jugo de frutas,1/3,lata,80,80,10,0.0,0.0,100.0,0.0,0.0,0.0,0.0,10.0,0.0,0.0,20.0,0.0,0.0,0.0,16.7,53.3,36.7,0.0,50.0,5.0,FALSE
6,"Jugo de zanahoria, manzana y 3 frutas cítricas",1/3,taza,80,80,39,0.0,0.0,9.7,0.0,0.0,0.0,0.0,9.0,0.0,800.0,48.0,0.0,0.0,0.0,0.0,6.4,0.0,0.0,,,FALSE
6,Jugo Naturales de Lala,1,pieza,125,125,28,0.5,0.0,6.5,,,,,6.5,0.0,,,,,,,3.8,,0.0,,,FALSE
6,Kombucha,1/2,taza,120,120,38,0.0,0.0,9.6,0.0,0.0,0.0,0.0,1.2,0.0,0.0,0.0,,0.0,0.0,,0.0,,0.0,,,FALSE
6,Leche condensada,2,cdita,11,11,36,0.9,1.0,6.1,0.6,0.3,0.0,3.8,6.1,0.0,8.3,0.3,1.2,31.8,0.0,41.6,14.2,28.3,0.0,61.0,4.0,FALSE
6,Leche condensada light,1,cda,16,16,45,1.4,0.1,9.6,0.0,0.0,0.0,0.0,9.6,,13.8,0.4,0.0,0.0,0.0,0.0,16.8,0.0,0.0,,,FALSE
6,Leche condensada untable,1,cda,15,15,48,1.0,1.3,8.1,0.8,0.0,0.0,0.0,8.1,0.0,0.0,0.0,,38.7,0.0,,16.5,,0.0,,,FALSE
6,Leche en polvo sabor chocolate con malvavisco,2,cda,14,14,56,0.6,0.3,12.6,0.3,0.0,0.0,0.0,11.5,0.6,0.0,3.8,0.6,63.7,0.0,39.2,19.0,12.0,0.0,,,FALSE
6,Leche en polvo sabor fudge de chocolate,2,cda,14,14,56,0.6,0.3,12.6,0.3,0.0,0.0,0.0,11.5,0.6,0.0,3.8,0.6,63.7,0.0,39.2,19.0,12.0,0.0,,,FALSE
6,Lechera tres leches,5,cdita,30,30,45,1.2,1.2,7.3,0.9,0.0,0.0,0.0,7.0,0.0,0.0,0.0,,0.0,0.0,,37.5,,0.0,,,FALSE
6,Lucas Muecas sabor cereza,1/2,pieza,13,13,42,0.0,0.0,10.4,0.0,0.0,0.0,0.0,7.3,0.0,0.0,0.0,,0.0,0.0,,583.3,,0.0,,,FALSE
6,Malvavisco,2,pieza,14,14,45,0.3,0.0,11.4,0.0,0.0,0.0,0.0,8.1,0.0,0.0,0.0,0.1,0.4,0.0,0.7,11.2,1.1,0.0,,,FALSE
6,Malvavisco miniatura,18,pieza,13,13,40,0.2,0.0,10.2,0.0,0.0,0.0,0.0,7.3,0.0,0.0,0.0,0.1,0.4,0.0,0.6,10.1,1.0,0.0,,,FALSE
6,Manzana Lift,1/4,lata,89,89,36,0.0,0.0,8.9,0.0,0.0,0.0,0.0,8.9,0.0,0.0,0.0,,0.0,0.0,,13.3,,0.0,,,FALSE
6,Melaza,2.5,cdita,13,13,36,0.0,0.0,8.9,0.0,0.0,0.0,0.0,8.9,0.0,0.0,0.0,0.0,47.5,1.1,204.5,6.1,11.6,0.0,,,FALSE
6,Mentas de caramelo,6,pieza,10,10,41,0.0,0.0,10.2,0.0,0.0,0.0,0.0,10.2,0.0,0.0,0.0,0.0,0.0,0.0,0.0,0.0,0.0,0.0,70.0,7.0,FALSE
6,Mentos frutal,4,pieza,11,11,40,0.0,0.0,10.3,0.0,0.0,0.0,0.0,8.0,0.0,0.0,0.0,,0.0,0.0,,0.0,,0.0,,,FALSE
6,Mentos menta,4,pieza,11,11,40,0.0,0.0,10.3,0.0,0.0,0.0,0.0,8.0,0.0,0.0,0.0,,0.0,0.0,,0.0,,0.0,,,FALSE
6,Mentos Sour Mix,4,pieza,11,11,40,0.0,0.0,10.0,0.0,0.0,0.0,0.0,8.0,0.0,0.0,0.0,,0.0,0.0,,0.0,,0.0,,,FALSE
6,"Merengue ""duro""",11,pza ch,11,11,42,0.2,0.0,10.2,,,,,10.2,,,,,,,,,,0.0,,,FALSE
6,Mermelada,2.5,cdita,17,17,41,0.1,0.0,10.0,,,,,8.1,0.1,0.1,0.0,0.1,2.0,0.0,10.0,0.2,0.0,0.0,48.0,5.0,FALSE
6,Mermelada con fructosa,2.5,cda,43,43,40,0.0,0.0,10.0,0.0,0.0,0.0,0.0,10.0,0.0,0.0,0.0,0.0,0.0,0.0,87.5,50.0,0.0,0.0,,,FALSE
6,Mermelada de blueberry,1,cda,15,15,38,0.0,0.0,9.8,0.0,0.0,0.0,0.0,7.5,0.0,0.0,0.0,,0.0,0.0,,3.8,,0.0,,,FALSE
6,Mermelada de chabacano,1,cda,15,15,38,0.0,0.0,9.8,0.0,0.0,0.0,0.0,7.5,0.0,0.0,0.0,,0.0,0.0,,3.8,,0.0,,,FALSE
6,Mermelada de durazno,1,cda,15,15,38,0.0,0.0,9.8,0.0,0.0,0.0,0.0,7.5,0.0,0.0,0.0,,0.0,0.0,,3.8,,0.0,,,FALSE
6,Mermelada de frambuesa,1,cda,15,15,38,0.0,0.0,9.8,0.0,0.0,0.0,0.0,7.5,0.0,0.0,0.0,,0.0,0.0,,3.8,,0.0,,,FALSE
6,Mermelada de fresa,1,cda,15,15,38,0.0,0.0,9.8,0.0,0.0,0.0,0.0,7.5,0.0,0.0,0.0,,0.0,0.0,,3.8,,0.0,,,FALSE
6,"Mermelada de fruta, menos azúcar",2,cda,30,30,40,0.0,0.0,9.9,0.0,0.0,0.0,0.0,9.9,0.0,0.0,0.0,0.0,0.0,0.0,0.0,0.0,0.0,0.0,,,FALSE
6,Mermelada de naranja,1,cda,15,15,38,0.0,0.0,9.8,0.0,0.0,0.0,0.0,7.5,0.0,0.0,0.0,,0.0,0.0,,3.8,,0.0,,,FALSE
6,Mermelada de pera,1,cda,15,15,38,0.0,0.0,9.8,0.0,0.0,0.0,0.0,7.5,0.0,0.0,0.0,,0.0,0.0,,3.8,,0.0,,,FALSE
6,Mermelada de zarzamora,1,cda,15,15,38,0.0,0.0,9.8,0.0,0.0,0.0,0.0,7.5,0.0,0.0,0.0,,0.0,0.0,,3.8,,0.0,,,FALSE
6,Miel,2,cdita,14,14,43,0.0,0.0,11.5,0.0,0.0,0.0,0.0,11.5,0.0,0.0,0.1,0.3,0.8,0.1,7.3,0.6,0.6,0.0,55.0,6.0,FALSE
6,Miel de abeja,2,cdita,14,14,43,0.0,0.0,11.5,0.0,0.0,0.0,0.0,11.5,0.0,0.0,0.1,0.3,0.8,0.1,7.3,0.6,0.6,0.0,55.0,6.0,FALSE
6,Miel de agave,2,cdita,12,12,37,0.0,0.0,9.1,0.0,0.0,0.0,0.0,8.0,0.0,0.0,0.0,,0.0,0.0,,0.0,,0.0,,,FALSE
6,Miel de caña,2,cdita,12,12,35,0.1,0.0,8.7,0.0,0.0,0.0,0.0,8.7,0.0,0.0,0.4,,8.4,0.1,51.0,,5.0,0.0,,,FALSE
6,Miel de maíz,2,cdita,12,12,36,0.0,0.0,9.0,0.0,0.0,0.0,0.0,9.0,0.0,0.0,0.0,0.0,5.5,0.5,0.5,8.2,,0.0,,,FALSE
6,Miel o jarabe sabor maple,2,cdita,12,12,31,0.0,0.0,8.1,0.0,0.0,0.0,0.0,7.1,0.0,0.0,0.0,0.0,8.0,0.1,24.5,1.1,0.2,0.0,,,FALSE
6,Mlguelito en polvo,8,sobre,32,32,45,0.6,0.0,7.0,0.0,0.0,0.0,0.0,0.0,2.7,0.0,0.0,,0.0,0.0,,8576.0,,0.0,,,FALSE
6,Miguelito líquido,10,sobre,100,100,40,0.0,0.0,10.0,0.0,0.0,0.0,0.0,10.0,0.0,0.0,0.0,,0.0,0.0,,2400.0,,0.0,,,FALSE
6,Monster Energy*,1/5,lata,96,96,72,0.0,0.0,11.0,0.0,0.0,0.0,0.0,11.0,0.0,1036.0,0.0,0.0,12.0,0.0,0.0,72.0,0.0,0.0,,,FALSE
6,Mousse de chocolate sin grasa,1/4,taza,50,50,47,1.0,0.2,10.4,0.0,0.0,0.0,0.5,7.9,0.2,0.0,0.0,1.5,19.5,0.8,104.0,55.0,27.0,0.0,31.0,3.0,FALSE
6,Néctar de fruta,1/4,taza,63,63,38,0.1,0.0,9.9,0.0,0.0,0.0,0.0,9.5,0.4,0.0,0.7,0.6,3.3,0.2,8.3,2.5,2.0,0.0,54.0,5.0,FALSE
6,Nesquik de chocolate (en polvo),2.5,cdita,13,13,45,0.4,0.0,10.2,0.2,0.0,0.0,0.0,10.0,0.6,0.0,7.4,,81.3,2.6,,21.9,,0.0,,,FALSE
6,Nesquik de fresa (en polvo),2.5,cdita,13,13,44,0.0,0.0,11.0,0.0,0.0,0.0,0.0,8.8,0.8,0.0,10.0,,94.8,2.5,,5.9,,0.0,,,FALSE
6,Nesquik de vainilla (en polvo),2,cdita,10,10,36,0.0,0.0,8.9,0.0,0.0,0.0,0.0,7.0,0.7,0.0,6.5,,75.0,2.0,,4.9,,0.0,,,FALSE
6,Nestea (en polvo),4.5,cdita,11,11,41,0.1,0.0,10.1,0.0,0.0,0.0,0.0,0.7,0.1,0.0,0.0,,0.0,0.0,,110.8,,0.0,,,FALSE
6,Nieve de frutas,40,gramos,40,40,40,0.2,0.1,9.7,,,,,9.7,,0.2,3.6,,14.4,0.4,1.2,0.0,,0.0,,,FALSE
6,Nieve de limón,1/2,bola,34,34,44,0.1,0.0,11.1,0.0,0.0,0.0,0.0,11.1,0.0,0.0,0.3,,0.7,0.1,,7.5,,0.0,,,FALSE
6,Obleas de cajeta,1,pza ch,7,7,30,0.7,0.7,5.3,0.0,0.0,0.0,0.0,5.3,0.0,0.0,0.0,0.0,1.3,0.7,0.0,15.3,0.0,0.0,,,FALSE
6,Paleta de caramelo,2,pieza,12,12,44,0.0,0.0,11.8,0.0,0.0,0.0,0.0,11.8,0.0,0.0,0.0,0.0,0.0,0.0,0.0,0.0,0.0,0.0,70.0,8.0,FALSE
6,Paleta helada de agua,1,pieza,52,52,41,0.0,0.1,10.0,0.0,0.0,0.0,0.0,7.1,0.0,0.0,0.4,0.0,0.0,0.3,7.8,3.6,0.0,0.0,,,FALSE
6,Paleta helada de fruta,1/2,pieza,46,46,38,0.6,0.1,9.3,0.0,0.0,0.0,0.0,9.3,0.0,1.5,4.5,3.0,2.5,0.1,24.5,2.0,3.0,0.0,,,FALSE
6,Paleta helada de fruta sin azúcar,3,pieza,153,153,36,0.9,0.3,9.6,0.0,0.0,0.0,0.0,9.6,0.0,0.0,0.0,0.0,3.0,0.2,39.0,9.0,0.0,0.0,,,FALSE
6,Paleta helada de yogut sabor coco,1/2,pieza,35,35,47,0.7,0.9,9.1,0.6,,,,9.1,0.3,,,,,,,22.8,,0.0,,,FALSE
6,Paleta Tutsl Pop,1/2,pieza,10,10,37,0.0,0.0,9.3,0.0,0.0,0.0,0.0,7.6,0.0,0.0,0.0,,0.0,0.0,,0.0,,0.0,,,FALSE
6,Paletón Corona,1/2,pieza,13,13,44,0.6,0.9,8.8,0.6,0.3,0.0,0.0,6.9,0.0,0.0,0.0,,0.0,0.0,,9.4,,0.0,,,FALSE
6,Panditas,1/3,bolsa,15,15,47,0.9,0.0,10.9,,,,,7.6,0.1,,,,,,,1.7,,0.0,,,FALSE
6,Pasltas con chocolate,11,pieza,11,11,43,0.5,1.6,7.5,1.1,0.3,0.1,0.0,6.8,0.3,3.2,0.0,0.9,9.5,0.2,56.5,4.0,15.7,0.0,,,FALSE
6,Pastilla Halls Colors,4,pieza,11,11,44,0.0,0.0,10.8,0.0,0.0,0.0,0.0,7.2,0.0,0.0,0.0,,0.0,0.0,,0.0,,0.0,,,FALSE
6,Pastilla Halls limón con miel de abeja,4,pieza,11,11,43,0.0,0.0,10.7,0.0,0.0,0.0,0.0,10.7,0.0,0.0,0.0,,0.0,0.0,,0.1,,0.0,,,FALSE
6,Pica Fresa,2,pieza,12,12,40,0.0,0.0,10.0,0.0,0.0,0.0,0.0,8.0,0.0,0.0,0.0,,0.0,0.0,,90.0,,0.0,,,FALSE
6,Piloncillo,10,gramos,10,10,36,0.0,0.0,9.1,0.0,0.0,0.0,0.0,9.1,,0.2,0.2,,5.1,0.4,34.4,3.0,4.4,0.0,,,FALSE
6,Piloncillo rallado,1,cda,10,10,36,0.0,0.0,9.1,0.0,0.0,0.0,0.0,9.1,,0.2,0.2,,5.1,0.4,34.4,3.0,4.4,0.0,,,FALSE
6,Polen de abeja,2.5,cdita,13,13,50,2.5,1.3,7.5,0.0,0.0,0.0,0.0,0.0,0.0,0.0,0.0,,0.0,0.0,,0.0,,0.0,,,FALSE
6,Ponche de frutas,1/3,taza,79,79,36,0.0,0.0,9.2,0.0,0.0,0.0,0.0,9.2,0.1,0.8,34.7,0.8,3.2,0.1,10.3,4.0,0.8,0.0,,,FALSE
6,Powerade frutas,1/4,botella,150,150,36,0.0,0.0,9.0,0.0,0.0,0.0,0.0,9.0,0.0,0.0,0.0,,1.9,0.0,,27.6,,0.0,,,FALSE
6,Powerade lima-limón,1/4,botella,150,150,36,0.0,0.0,9.0,0.0,0.0,0.0,0.0,9.0,0.0,0.0,0.0,,1.9,0.0,,39.9,,0.0,,,FALSE
6,Powerade mora,1/4,botella,150,150,36,0.0,0.0,9.0,0.0,0.0,0.0,0.0,9.0,0.0,0.0,0.0,,1.9,0.0,,27.0,,0.0,,,FALSE
6,Powerade naranja-mandarina,1/4,botella,150,150,36,0.0,0.0,9.0,0.0,0.0,0.0,0.0,9.0,0.0,0.0,0.0,,1.9,0.0,,27.6,,0.0,,,FALSE
6,Pudín de chocolate en polvo,2,cdita,10,10,36,0.3,0.2,8.9,0.1,0.1,0.0,0.0,4.3,0.5,0.0,0.0,,5.3,0.2,,47.9,,0.0,,,FALSE
6,Pudín de coco en polvo,2,cdita,10,10,43,0.1,1.1,8.2,1.1,0.0,0.0,0.0,8.1,0.2,0.0,0.0,,0.8,0.1,,68.2,,0.0,,,FALSE
6,Pudín de plátano en polvo,2,cdita,10,10,37,0.0,0.0,9.3,0.0,0.0,0.0,0.0,7.4,0.0,0.0,0.0,,2.0,0.0,,78.8,,0.0,,,FALSE
6,Pudín de vainilla en polvo,2,cdita,10,10,38,0.0,0.0,9.4,0.0,0.0,0.0,0.0,7.9,0.1,0.0,0.0,,0.5,0.0,,63.5,,0.0,,,FALSE
6,Pulparindo,1,pieza,14,14,48,0.2,0.0,11.9,0.0,0.0,0.0,0.0,10.4,0.7,0.0,0.0,,0.0,0.0,,120.0,,0.0,,,FALSE
6,Queso de tuna,13,gramos,13,13,42,0.2,0.0,10.3,,,,,10.3,,0.7,11.4,,6.6,1.7,,,,0.0,,,FALSE
6,Red BuM*,1/3,lata,83,83,37,0.2,0.1,9.0,0.0,0.0,0.0,0.0,8.3,0.0,0.0,0.0,0.0,10.7,0.0,2.5,69.3,0.0,0.0,,,FALSE
6,Refresco,1/4,lata,92,92,38,0.0,0.0,9.7,0.0,0.0,0.0,0.0,9.7,0.0,0.0,0.0,0.0,1.8,0.0,2.8,3.5,10.1,0.0,66.0,6.0,FALSE
6,Refresco de cola,1/4,lata,92,92,38,0.0,0.0,9.7,0.0,0.0,0.0,0.0,9.7,0.0,0.0,0.0,0.0,1.8,0.0,2.8,3.5,10.1,0.0,58.0,6.0,FALSE
6,Refresco de frutas,1/4,lata,89,89,44,0.0,0.0,11.1,0.0,0.0,0.0,0.0,11.1,0.0,0.0,22.2,0.0,0.0,0.0,18.5,59.2,40.7,0.0,,,FALSE
6,Refresco de limón,1/3,lata,117,117,39,0.0,0.0,9.8,0.0,0.0,0.0,0.0,9.8,0.0,0.0,0.0,,0.0,0.0,,18.7,,0.0,,,FALSE
6,Refresco de mandarina,1/3,lata,116,116,40,0.0,0.0,10.0,0.0,0.0,0.0,0.0,9.8,0.0,0.0,0.0,,0.0,0.0,,10.0,,0.0,,,FALSE
6,Refresco de manzana,1/3,lata,117,117,43,0.0,0.0,10.7,0.0,0.0,0.0,0.0,10.4,0.0,0.0,0.0,,0.0,0.0,,6.8,,0.0,,,FALSE
6,Refresco de naranja,1/4,lata,89,89,43,0.0,0.2,10.7,0.0,0.0,0.0,0.0,9.4,0.0,0.0,0.0,,4.4,0.0,,10.7,,0.0,,,FALSE
6,Refresco de piña,1/3,lata,116,116,40,0.0,0.0,10.0,0.0,0.0,0.0,0.0,9.8,0.0,0.0,0.0,,0.0,0.0,,6.9,,0.0,,,FALSE
6,Refresco de tamarindo,1/3,lata,117,117,45,0.0,0.0,11.2,0.0,0.0,0.0,0.0,11.1,0.0,0.0,0.0,,0.0,0.0,,9.0,,0.0,,,FALSE
6,Refresco de toronja,1/3,lata,117,117,37,0.0,0.0,9.4,0.0,0.0,0.0,0.0,9.3,0.0,0.0,0.0,,0.0,0.0,,10.5,,0.0,,,FALSE
6,Refresco de tutti fruti,1/3,lata,117,117,37,0.0,0.0,9.3,0.0,0.0,0.0,0.0,9.0,0.0,0.0,0.0,,0.0,0.0,,9.3,,0.0,,,FALSE
6,Ring Pop,3/4,pieza,11,11,42,0.0,0.0,10.5,0.0,0.0,0.0,0.0,9.7,0.0,0.0,0.0,,0.0,0.0,,41.2,,0.0,,,FALSE
6,Rollo de guayaba,15,gramos,15,15,46,0.0,0.0,11.5,0.0,0.0,0.0,0.0,8.8,0.0,0.0,0.0,,0.0,0.0,,9.8,,0.0,,,FALSE
6,Runts confitados,9,pieza,11,11,45,0.0,0.0,10.5,0.0,0.0,0.0,0.0,9.8,0.0,0.0,0.0,,0.0,0.0,,0.0,,0.0,,,FALSE
6,Salsa agridulce,2,cda,32,32,48,0.1,0.0,12.2,0.0,0.0,0.0,0.0,6.0,0.0,0.3,2.8,,3.2,0.1,,118.7,,0.0,,,FALSE
6,Salsa catsup,2,cda,30,30,29,0.5,0.1,7.6,0.0,0.0,0.0,0.0,6.8,0.1,14.1,4.5,3.0,5.4,0.2,114.6,334.2,9.9,0.0,,,FALSE
6,Salsa chamoy,40,gramos,40,40,43,0.0,0.0,10.6,0.0,0.0,0.0,0.0,5.3,0.0,0.0,0.0,,0.0,0.0,,450.6,,0.0,,,FALSE
6,Salsa de anguila,2,cda,32,32,43,1.6,0.1,9.0,0.0,0.0,0.0,0.0,2.7,0.3,0.0,0.0,,0.0,0.0,,160.9,,0.0,,,FALSE
6,Salsa de manzana,1,cda,16,16,42,0.1,0.0,10.7,0.0,0.0,0.0,0.0,7.2,0.0,0.0,0.0,0.0,4.6,0.0,4.6,37.1,0.0,0.0,,,FALSE
6,Salsa de tamarindo,25,gramos,25,25,40,0.3,0.7,8.8,0.4,0.0,0.0,1.7,3.5,0.6,22.6,1.3,1.2,7.6,0.3,30.0,131.5,3.1,0.0,,,FALSE
6,Salsa Demiglass,1/3,taza,63,63,36,1.3,0.5,7.5,0.1,0.0,0.1,0.1,3.5,2.4,98.8,5.6,5.3,33.1,1.3,123.6,576.2,13.5,0.0,,,FALSE
6,Salsa Marinara comercial,5,cda,75,75,38,1.0,1.2,5.6,0.2,0.2,0.5,1.5,3.7,1.4,23.3,1.5,,19.5,0.5,,327.8,,0.0,,,FALSE
6,Salsa para pizza comercial,7,cda,105,105,57,2.3,1.2,9.1,0.5,0.5,0.1,3.2,4.0,2.1,0.0,11.9,,56.7,0.9,,365.4,,0.0,,,FALSE
6,Salsa Teriyaki,3,cda,54,54,48,3.2,0.0,8.4,0.0,0.0,0.0,0.0,7.6,0.1,0.0,0.0,,13.5,0.9,,2069.8,,0.0,,,FALSE
6,Sevillana,1,pza ch,10,10,41,1.0,1.0,7.0,1.0,0.0,0.0,0.0,5.0,0.0,0.0,0.0,,0.0,0.0,,12.0,,0.0,,,FALSE
6,Sidral Mundet,1/3,lata,117,117,47,0.0,0.0,11.7,0.0,0.0,0.0,0.0,11.7,0.0,0.0,0.0,,0.0,0.0,,23.4,,0.0,,,FALSE
6,Skittles,11,pieza,11,11,44,0.0,0.4,10.2,0.4,0.0,0.0,0.0,8.0,0.0,0.0,0.0,,0.0,0.0,,2.8,,0.0,,,FALSE
6,Skwinkes clásicos,1/2,paquete,10,10,35,0.5,0.2,8.1,0.2,,,,5.0,0.5,,,,,,,75.0,,0.0,,,FALSE
6,Skwinkles rellenos,1/2,paquete,13,13,50,0.5,0.5,10.5,0.3,0.0,0.0,0.0,7.0,0.0,0.0,0.0,,0.0,0.0,,120.0,,0.0,,,FALSE
6,Sprite,1/3,lata,117,117,49,0.0,0.0,12.3,0.0,0.0,0.0,0.0,12.3,0.0,0.0,0.0,,0.0,0.0,,33.4,,0.0,,,FALSE
6,Tamborines,3,pieza,14,14,48,0.0,0.0,12.0,0.0,0.0,0.0,0.0,12.0,0.0,0.0,0.0,,0.0,0.0,,105.0,,0.0,,,FALSE
5,Aderezo Blue Cheese bajo en calorías,4,cda,60,60,86,1.7,15.0,10.4,3.0,3.6,8.4,0.0,5.1,1.7,0.0,0.0,0.0,0.0,0.0,68.6,582.9,0.0,0.0,,,FALSE
5,Aderezo de miel,4,cda,64,64,70,2.5,2.4,10.7,0.0,0.0,0.0,0.0,7.7,0.0,0.0,0.0,0.0,49.7,0.9,71.0,526.7,57.7,0.0,,,FALSE
5,Aderezo de miel y mostaza bajo en calorías,3,cda,45,45,64,1.3,1.8,14.1,0.3,0.2,0.6,0.0,6.4,1.3,0.0,0.0,0.0,0.0,0.0,64.3,424.3,0.0,0.0,,,FALSE
5,Aderezo francés bajo en calorías,4,cda,60,60,79,0.0,3.4,13.1,0.4,0.8,1.9,0.0,,0.0,78.8,0.0,0.0,7.5,0.2,48.8,472.5,7.5,0.0,,,FALSE
5,Aderezo Mil Islas bajo en calorías,4,cda,60,60,96,0.4,6.4,9.6,0.8,1.6,3.6,8.0,,0.8,56.0,0.0,4.0,8.0,0.4,68.0,600.0,12.0,0.0,,,FALSE
5,Aderezo Ranch bajo en calorías,3,cda,45,45,64,1.3,2.8,14.1,0.9,0.0,0.0,0.8,2.6,1.3,0.0,0.0,0.0,0.0,0.0,64.3,398.6,0.0,0.0,,,FALSE
5,Aderezo ruso bajo en calorías,3,cda,45,45,65,0.3,1.7,12.4,0.3,0.3,1.1,2.8,,0.0,8.4,2.8,2.8,8.4,0.3,70.3,390.9,16.9,0.0,,,FALSE
5,Aderezo tipo César bajo en calorías,3,cda,45,45,87,1.5,7.3,2.9,1.5,0.0,0.0,7.3,2.9,0.0,0.0,0.0,0.0,29.0,0.0,14.5,812.9,0.0,0.0,,,FALSE
5,Almendra con chocolate,2,pieza,12,12,61,1.1,4.4,5.3,1.4,,,0.0,3.2,1.2,,3.3,17.2,100.8,0.4,,1.1,,0.0,,,FALSE
5,Almond Joy,1/3,pieza,16,16,80,4.3,4.3,9.4,2.8,0.9,0.4,0.7,7.4,0.8,0.0,0.0,1.3,9.9,0.2,39.6,23.8,22.8,0.0,,,FALSE
5,Almond Joy miniatura,1,pieza,20,20,98,5.3,5.3,11.7,3.5,1.1,0.5,0.8,9.1,0.9,0.0,0.0,1.6,12.2,0.3,49.0,29.4,28.2,0.0,,,FALSE
5,Bebida de coco con azúcar,1,taza,240,240,74,0.5,5.0,7.0,5.0,0.0,0.0,0.0,6.0,0.0,151.2,0.0,,451.2,0.7,,45.6,,,,,FALSE
5,Bebida de macadamia con azúcar,1,taza,240,240,77,0.5,4.8,7.9,0.7,0.0,0.0,0.0,7.2,0.6,444.0,0.0,,0.0,0.0,,114.0,,,,,FALSE
5,Bebida vegetal Silk® Almendra sabor chocolate,1/2,pieza,95,95,45,0.6,0.9,8.7,0.1,0.6,0.2,0.0,8.1,37.8,37.8,,,171.0,,,69.2,,,,,FALSE
5,Cacahuate confitado (chocolate),4,pieza,16,16,83,2.1,5.4,8.0,2.3,2.1,0.7,1.4,6.0,0.8,6.6,0.0,8.2,16.6,0.2,80.3,6.6,33.9,0.0,33.0,3.0,FALSE
5,Carlos V,1/2,pieza,11,11,56,0.4,2.8,7.4,1.7,,,,6.6,0.0,,,,,,,16.5,,0.0,,,FALSE
5,Carlos V semiamargo,1,pieza,20,20,99,1.1,5.4,11.6,4.0,0.0,0.0,0.0,11.6,1.0,0.0,0.0,,0.0,0.0,,5.8,,0.0,,,FALSE
5,Chai descafeinado en polvo,1.25,cda,18,18,75,0.6,1.9,13.1,1.2,0.0,0.0,0.0,11.2,0.0,0.0,0.0,,0.0,0.0,,15.6,,0.0,,,FALSE
5,Chai en polvo sin azúcar,2,cda,28,28,109,1.6,6.2,12.4,4.7,0.0,0.0,0.0,0.0,0.0,0.0,0.0,,0.0,0.0,,46.7,,0.0,,,FALSE
5,Chai especies en polvo,1.25,cda,18,18,81,0.0,3.1,13.1,2.8,0.0,0.0,0.0,10.6,0.6,0.0,0.0,,0.0,0.0,,9.4,,0.0,,,FALSE
5,Chai vainilla descafeinado sin azúcar en polvo,2,cda,28,28,101,1.6,6.2,7.8,4.7,0.0,0.0,0.0,0.0,0.0,0.0,0.0,,0.0,0.0,,46.7,,0.0,,,FALSE
5,Chai vainilla en polvo,1.25,cda,18,18,81,0.0,3.1,13.1,2.8,0.0,0.0,0.0,10.6,0.6,0.0,0.0,,0.0,0.0,,9.4,,0.0,,,FALSE
5,Chai verde en polvo,1.25,cda,18,18,75,0.6,1.9,13.1,1.2,0.0,0.0,0.0,11.2,0.0,0.0,0.0,,0.0,0.0,,15.6,,0.0,,,FALSE
5,Chispas chocolate Hershey,5,cdita,17,17,89,0.8,4.8,10.7,3.0,0.0,0.0,1.1,8.7,0.9,0.0,0.0,0.0,5.6,0.4,0.0,2.2,0.0,0.0,43.0,5.0,FALSE
5,Chispas de chocolate,5,cdita,18,18,94,1.3,5.2,10.4,3.6,2.8,0.2,4.0,8.9,0.6,10.3,0.0,2.1,33.1,0.4,65.1,13.8,36.4,0.0,43.0,4.0,FALSE
5,Chocolate amargo,1/3,pieza,14,14,70,0.7,4.4,8.0,2.6,1.5,0.1,0.0,6.3,1.0,0.3,0.0,0.3,5.0,0.4,39.3,0.5,19.8,0.0,43.0,3.0,FALSE
5,Chocolate barra Mllch,1/2,pieza,20,20,93,0.9,4.5,11.8,3.2,0.0,0.0,0.0,10.0,2.3,0.0,0.0,,0.0,0.0,,16.8,,0.0,,,FALSE
5,Chocolate blanco,15,gramos,15,15,81,0.9,4.8,8.9,2.9,1.4,0.2,3.2,8.9,0.0,1.4,0.1,1.1,29.9,0.0,42.9,13.5,26.4,0.0,44.0,4.0,FALSE
5,Chocolate blanco sin azúcar,19,gramos,19,19,90,1.7,6.7,9.9,0.0,0.0,0.0,0.0,,0.3,0.0,0.0,0.0,0.0,0.0,0.0,0.0,0.0,0.0,35.0,3.0,FALSE
5,Chocolate Carlos V,1,pieza,18,18,89,1.0,4.4,11.2,3.3,0.0,0.0,0.0,11.2,0.2,0.0,0.0,,0.0,0.0,,24.8,,0.0,,,FALSE
5,Chocolate Carlos V semiamargo,1,pieza,20,20,99,1.1,5.4,11.6,4.0,0.0,0.0,0.0,11.6,1.0,0.0,0.0,,0.0,0.0,,5.8,,0.0,,,FALSE
5,Chocolate con arroz tostado,1/3,barra,13,13,70,1.0,3.9,7.9,2.1,1.1,0.1,3.0,6.7,0.4,8.6,0.1,2.4,24.7,0.3,48.8,11.4,27.3,0.0,,,FALSE
5,Chocolate con almendra,1/3,barra,15,15,77,1.3,5.0,7.8,2.6,1.8,0.5,2.8,6.4,0.9,7.6,0.0,2.1,32.9,0.2,65.1,10.9,38.7,0.0,,,FALSE
5,Chocolate con azúcar,15,gramos,15,15,70,0.6,2.5,11.3,1.2,1.1,0.2,0.0,,0.0,0.0,0.0,,6.9,0.4,92.3,5.0,22.5,0.0,43.0,5.0,FALSE
5,Chocolate con galleta y caramelo,1/2,barra,15,15,75,0.7,3.7,9.7,2.8,0.4,0.1,1.1,7.2,0.2,3.0,0.1,3.9,15.9,0.1,27.9,29.7,15.8,0.0,44.0,4.0,FALSE
5,Chocolate con leche,15,gramos,15,15,64,1.4,1.6,11.1,0.9,0.6,0.0,3.1,,,2.7,0.0,,41.3,0.2,90.8,57.3,,0.0,43.0,5.0,FALSE
5,Chocolate con leche con menos del 10% proteínas,14,gramos,14,14,60,1.3,1.5,10.3,0.8,0.6,0.0,2.9,,,2.5,0.0,,38.5,0.2,84.7,53.5,,0.0,,,FALSE
5,Chocolate con leche y almendras sin azúcar,15,gramos,15,15,86,1.5,6.3,6.0,0.0,0.0,0.0,0.0,5.3,0.0,0.0,0.0,0.0,36.0,0.1,82.5,24.5,0.0,0.0,,,FALSE
5,Chocolate con nugat,1/3,pieza,19,19,87,0.8,3.3,13.6,2.3,0.4,0.1,1.7,11.5,0.2,6.2,0.1,0.8,22.2,0.1,24.0,32.3,13.0,0.0,,,FALSE
5,Chocolate con nugat y cacahuate,1/3,pieza,19,19,90,1.4,4.5,11.5,1.7,1.5,0.6,2.5,9.6,0.4,8.7,0.1,5.1,17.8,0.1,61.4,46.7,36.1,0.0,41.0,5.0,FALSE
5,Chocolate conejo Turín,1,pieza,20,20,110,2.0,7.0,11.0,4.0,0.0,0.0,0.0,11.0,0.0,0.0,0.0,,0.0,0.0,,25.0,,0.0,,,FALSE
5,Chocolate Crunch,1/2,pieza,20,20,106,0.6,5.9,12.5,3.7,0.0,0.0,0.0,11.4,0.4,0.0,0.0,,0.0,0.0,,34.3,,0.0,,,FALSE
5,Chocolate de coco y almendra,1/3,pieza,16,16,78,0.7,4.4,9.7,2.8,0.9,0.4,0.7,7.9,0.8,,0.1,1.3,10.5,0.2,41.5,23.2,18.3,0.0,,,FALSE
5,Chocolate de leche,2/3,pieza,17,17,88,1.3,4.9,9.8,3.4,2.6,0.2,3.8,8.4,0.6,9.7,0.0,2.0,31.2,0.4,61.4,13.0,34.3,0.0,43.0,4.0,FALSE
5,Chocolate de menta,2,pieza,17,17,68,0.3,2.0,12.8,1.4,,,0.0,11.2,0.4,0.0,0.0,,2.2,0.1,27.3,0.2,10.5,0.0,,,FALSE
5,Chocolate en polvo con más del 10% proteínas,15,gramos,15,15,60,1.9,1.0,11.0,0.4,0.4,0.1,0.0,,0.2,,0.0,,86.4,0.4,57.6,14.1,,0.0,,,FALSE
5,Chocolate en polvo con menos del 10% proteínas,12,gramos,12,12,48,0.9,0.4,10.1,0.2,0.2,0.0,0.0,,0.2,,0.0,,33.0,0.2,72.6,45.8,,0.0,,,FALSE
5,Chocolate en polvo DICONSA,25,gramos,25,25,94,15.0,1.1,6.0,0.5,0.2,0.4,0.0,5.4,0.0,1726.6,0.0,0.3,284.0,40.0,325.0,162.5,210.0,0.0,54.0,3.0,FALSE
5,Chocolate en polvo sin azúcar,3,cdita,15,15,60,3.0,1.5,9.0,0.0,,,0.0,,3.0,,0.0,,,5.4,,,0.0,0.0,,,FALSE
5,Chocolate Ferrero Rocher,1.5,pieza,19,19,105,1.5,7.5,9.0,3.0,0.0,0.0,0.0,7.5,1.5,0.0,0.0,,0.0,0.0,,15.0,,0.0,,,FALSE
5,Chocolate fundido,3/4,cda,14,14,59,0.3,1.5,10.9,0.9,0.4,0.1,2.0,10.4,0.2,6.3,0.0,0.6,7.0,0.3,19.1,6.4,10.1,0.0,43.0,5.0,FALSE
5,Chocolate Kinder Deiice,1/2,pieza,20,20,89,0.9,5.1,9.8,3.2,0.0,0.0,0.0,7.4,0.4,0.0,0.0,,0.0,0.0,,23.2,,0.0,,,FALSE
5,Chocolate Kit Kat,1/2,pieza,21,21,108,1.4,5.3,13.5,3.4,0.0,0.0,0.0,10.1,0.0,0.0,0.0,,0.0,0.0,,14.5,,0.0,,,FALSE
5,Chocolate Larín almedra,3/4,pieza,18,18,99,0.8,6.4,9.5,3.7,0.0,0.0,0.0,9.4,0.6,0.0,0.0,,0.0,0.0,,17.8,,0.0,,,FALSE
5,Chocolate Larín avellana,3/4,pieza,18,18,93,0.9,5.6,9.9,3.4,0.0,0.0,0.0,8.8,0.6,0.0,0.0,,0.0,0.0,,19.8,,0.0,,,FALSE
5,Chocolate M&M minis,3/4,tubo,23,23,105,0.0,5.0,15.0,5.0,0.0,0.0,0.0,15.0,0.0,0.0,0.0,,0.0,0.0,,15.0,,0.0,,,FALSE
5,Chocolate Mllky Way,1/3,pieza,16,16,72,0.6,2.8,10.9,1.7,0.9,0.1,1.4,9.9,0.1,0.0,0.0,,0.0,0.0,,25.6,,0.0,,,FALSE
5,Chocolate Mllkyway minl,2,pieza,17,17,75,0.7,2.7,11.6,2.0,0.0,0.7,3.4,10.2,0.0,0.0,0.0,,0.0,0.0,,27.2,,0.0,,,FALSE
5,Chocolate para repostería sin azúcar,20,gramos,20,20,96,0.8,7.2,7.2,4.8,0.0,0.0,0.0,0.1,1.6,0.0,0.0,,0.0,0.0,,0.0,,0.0,,,FALSE
5,Chocolate rallado,5,cdita,17,17,87,0.9,5.4,9.9,3.2,1.9,0.2,0.0,7.7,1.3,0.4,0.0,0.4,6.2,0.5,48.4,0.7,24.4,0.0,43.0,4.0,FALSE
5,Chocolate Reese's,1,pieza,20,20,108,2.4,6.3,10.3,2.4,0.0,0.0,0.0,10.3,0.0,0.0,0.1,,0.0,0.0,,59.4,,0.0,,,FALSE
5,Chocolate semi amargo,17,gramos,17,17,81,0.7,5.1,10.7,3.0,1.7,0.2,0.0,9.3,1.0,0.0,0.0,2.2,5.4,0.5,62.1,1.9,22.4,0.0,43.0,5.0,FALSE
5,Chocolate sin azúcar,15,gramos,15,15,85,2.1,5.8,6.1,3.0,2.7,0.3,0.0,,0.3,0.0,0.0,,20.1,0.6,92.3,0.5,42.6,0.0,35.0,2.0,FALSE
5,Chocolate Snlckers,1/3,pieza,16,16,75,1.3,3.5,9.4,1.4,1.5,0.6,0.8,8.4,0.3,0.0,0.0,,0.0,0.0,,37.4,,0.0,,,FALSE
5,Chocolate suizo de la Rosa,3/4,pieza,15,15,86,0.7,5.0,8.6,2.9,0.0,0.0,0.0,7.1,0.0,0.0,0.0,,0.0,0.0,,14.3,,0.0,,,FALSE
5,Chocolate Turín conejo,1,pieza,20,20,110,2.0,7.0,11.0,4.0,0.0,0.0,0.0,11.0,0.0,0.0,0.0,,0.0,0.0,,25.0,,0.0,,,FALSE
5,Chocolate Twix,3/4,pieza,19,19,92,0.7,4.4,12.2,2.6,1.5,0.4,1.8,9.2,0.4,0.0,0.0,,24.4,0.0,,37.0,,0.0,,,FALSE
5,ChocoMentas,18,gramos,18,18,83,0.6,3.0,13.3,2.9,0.1,0.0,0.0,12.5,0.6,0.0,0.0,,0.0,0.0,,11.1,,0.0,,,FALSE
5,Chocoretas,18,gramos,18,18,83,0.6,3.0,13.3,2.9,0.1,0.0,0.0,12.5,0.6,0.0,0.0,,0.0,0.0,,11.1,,0.0,,,FALSE
5,Cocada,3/4,pieza,21,21,92,5.3,5.3,12.8,0.0,0.0,0.0,0.0,6.0,1.5,0.0,0.0,0.0,0.0,0.1,0.0,30.0,0.0,0.0,,,FALSE
5,Crema en polvo para café,9,cdita,18,18,98,0.9,6.4,9.9,6.4,0.2,0.0,0.0,9.9,0.0,0.4,0.0,0.0,4.0,0.2,146.2,32.6,76.0,0.0,,,FALSE
5,Crunch,1/2,pieza,20,20,106,0.6,5.9,12.5,3.7,0.0,0.0,0.0,11.4,0.4,0.0,0.0,,0.0,0.0,,34.3,,0.0,,,FALSE
5,Cubierta de chocolate con nuez,3,cdita,18,18,83,0.8,3.4,12.3,1.2,0.7,1.4,2.2,11.4,0.5,6.8,0.0,,10.3,0.4,,7.0,,0.0,,,FALSE
5,Cubierta de queso crema para pasteles,3,cdita,18,18,75,0.0,3.1,12.1,0.8,0.7,1.1,0.0,11.4,0.0,0.0,0.0,,0.5,0.0,,34.4,,0.0,,,FALSE
5,Duvalín,1,pieza,15,15,80,0.0,4.0,10.0,1.5,1.5,1.0,0.0,9.0,0.0,0.0,0.0,,0.0,0.0,,5.0,,0.0,,,FALSE
5,Duvalín de fresa,1,pieza,15,15,80,0.0,4.0,11.0,1.5,1.5,1.0,0.0,10.0,0.0,0.0,0.0,,0.0,0.0,,10.0,,0.0,,,FALSE
5,Flan casero,1/5,taza,61,61,89,2.8,2.5,13.9,1.2,0.8,0.2,55.1,14.2,0.0,28.2,0.0,5.5,50.8,0.2,72.2,32.4,58.8,0.0,65.0,9.0,FALSE
5,Flan de caja preparado con leche descremada,1/5,taza,61,61,63,1.8,1.1,11.5,0.7,0.3,0.0,4.1,,0.0,31.8,0.4,2.3,69.2,0.0,99.8,69.2,52.6,0.0,,,FALSE
5,Flan de caja preparado con leche entera,1/5,taza,61,61,69,1.8,1.8,11.4,1.1,0.5,0.1,7.3,,0.0,17.7,0.4,2.4,67.9,0.0,97.9,68.5,51.4,0.0,,,FALSE
5,Freskas,18,gramos,18,18,87,0.5,3.4,13.5,2.2,0.0,0.0,0.0,13.0,0.2,0.0,0.0,,0.0,0.0,,17.1,,0.0,,,FALSE
5,Glorias,0.5,pieza,14,14,60,1.0,2.0,10.0,1.0,0.7,0.1,0.0,8.5,0.0,0.0,0.0,,0.0,0.0,,25.0,,0.0,,,FALSE
5,Harina de coco,1.5,cda,15,15,64,3.2,1.6,9.6,1.1,0.0,0.0,0.0,3.2,5.4,0.0,0.0,,3.2,1.1,,0.0,,0.0,,,FALSE
5,Jamoncillo,0.5,pieza,18,18,70,0.5,1.5,13.5,1.0,0.0,0.0,0.0,12.5,0.0,0.0,0.0,,0.0,0.0,,17.5,,0.0,,,FALSE
5,Jarabe de coco,5,cda,85,85,83,0.4,3.9,6.5,0.0,0.0,0.0,0.0,,1.2,0.0,0.0,0.0,0.0,0.0,0.0,0.0,0.0,0.0,,,FALSE
5,Kinder Delice,0.5,paquete,21,21,95,5.9,5.9,9.0,3.4,,,,7.4,0.5,,,,,,,20.0,,0.0,,,FALSE
5,Kisses de chocolate,4,pieza,18,18,94,1.2,5.2,10.7,3.2,0.0,0.0,0.0,10.4,0.7,0.0,0.0,,0.0,0.0,,15.1,,0.0,,,FALSE
5,Kranky,0.3333333333333333,paquete,15,15,67,2.2,2.2,11.0,2.1,0.1,0.0,0.0,6.6,0.5,,,,,,,27.0,,0.0,,,FALSE
5,Larin de nuez,0.75,pieza,18,18,97,1.1,6.0,9.5,3.7,0.0,0.0,0.0,9.2,0.6,0.0,0.0,,0.0,0.0,,22.0,,0.0,,,FALSE
5,Lunetas,0.3333333333333333,paquete,16,16,79,0.7,3.4,11.4,2.1,1.1,0.1,2.3,10.1,0.4,8.3,0.0,0.7,16.7,0.2,42.7,9.7,24.0,0.0,33.0,4.0,FALSE
5,M&M mini,0.75,tubo,23,23,105,0.0,5.0,15.0,5.0,0.0,0.0,0.0,15.0,0.0,0.0,0.0,,0.0,0.0,,15.0,,0.0,,,FALSE
5,Malvavisco con chocolate,0.5,pieza,14,14,59,0.6,2.4,9.5,0.7,1.3,0.3,0.0,6.3,0.3,0.1,0.0,3.2,6.4,0.4,25.5,23.5,13.6,0.0,,,FALSE
5,Mayonesa baja en grasa,2,cda,28,28,93,0.0,1.9,9.5,0.0,0.0,0.0,0.0,9.5,0.0,0.0,0.0,0.0,0.0,0.0,0.0,149.0,0.0,0.0,,,FALSE
5,Mayonesa light,2,cda,28,28,93,0.0,1.9,9.5,0.0,0.0,0.0,0.0,9.5,0.0,0.0,0.0,0.0,0.0,0.0,0.0,149.0,0.0,0.0,,,FALSE
5,Mazapán,0.75,pieza,19,19,85,3.8,3.8,11.3,2.3,,,,9.8,,,,,,,,,,0.0,,,FALSE
5,Menta cubierta con chocolate,1.5,pieza,14,14,55,0.2,1.5,10.9,0.5,0.9,0.0,0.0,,0.0,0.0,0.0,0.0,7.4,0.1,12.3,24.5,7.4,0.0,,,FALSE
5,Mole,3,cda,48,48,79,1.7,5.3,6.2,3.4,,,6.9,,2.0,72.0,0.0,13.4,11.5,0.9,156.5,64.3,39.4,0.0,,,FALSE
5,Mole de pepita,1,cda,16,16,82,0.9,5.0,8.2,1.1,,,2.3,,,,,,,,,406.8,,0.0,,,FALSE
5,Mole poblano en pasta,1,oda,16,16,91,1.2,6.7,6.7,1.1,,,2.3,,1.6,0.0,0.0,11.8,48.3,0.9,96.3,186.2,40.6,0.0,,,FALSE
5,Mole poblano preparado,3,oda,48,48,79,1.7,5.3,6.2,3.4,,,6.9,,2.0,72.0,0.0,13.4,11.5,0.9,156.5,64.3,39.4,0.0,,,FALSE
5,Mousse de chocolate,1/4,taza,50,50,71,1.0,2.3,11.5,0.6,1.4,0.1,2.2,8.6,0.0,7.0,0.2,1.5,25.5,0.6,92.0,76.0,28.0,0.0,,,FALSE
5,Natilla Danette sabor chocolate,1/2,pieza,50,50,65,1.7,1.9,10.4,1.2,,,,8.9,0.4,,,,54.7,,,59.8,,0.0,,,FALSE
5,Natilla Danette sabor vainilla,1/2,pieza,50,50,60,1.5,1.9,9.3,1.2,,,,7.9,0.0,,,,57.0,,,60.2,,0.0,,,FALSE
5,Nutella de avellana,1,oda,15,15,83,0.8,5.0,8.3,1.7,0.0,0.0,0.0,8.3,0.0,0.0,0.0,,0.0,0.0,,8.3,,0.0,,,FALSE
5,Palanqueta de cacahuate,1/3,pieza,15,15,78,2.3,5.0,7.0,0.7,2.5,1.6,0.0,6.3,0.6,0.0,0.0,11.1,11.6,0.1,60.4,23.2,45.7,0.0,,,FALSE
5,Paleta helada de café con cubierta de chocolate y almendras,1/5,pieza,21,21,74,1.0,5.3,5.5,3.2,0.6,1.7,21.0,5.3,0.2,,,,,,,,,0.0,37.0,2.0,FALSE
5,Paleta helada de chocolate cubierta con chocolate,1/5,pieza,21,21,72,1.0,4.9,5.9,,,,,,,,,,15.2,0.2,49.4,10.8,25.6,0.0,37.0,2.0,FALSE
5,Paleta helada de crema con café cubierta de chocolate y almendras,1/5,pieza,21,21,74,1.0,5.3,5.5,3.2,0.6,1.7,21.0,5.3,0.2,,,,,,,,,0.0,,,FALSE
5,Paleta helada de vainilla cubierta con chocolate,1/4,pieza,24,24,83,1.1,5.7,6.9,0.0,0.0,0.0,0.0,,0.0,0.0,0.0,0.0,19.3,0.0,48.0,13.5,29.8,0.0,38.0,3.0,FALSE
5,Paleta helada de vainilla cubierta con chocolate y almendras,1/4,pieza,23,23,80,1.0,5.8,5.8,0.0,0.0,0.0,0.0,,0.0,0.0,0.3,0.0,26.3,0.2,41.0,11.8,30.0,0.0,,,FALSE
5,Paleta Payaso,1/2,pieza,23,23,85,1.0,2.5,15.0,2.5,0.0,0.0,0.0,12.0,0.5,0.0,0.0,,0.0,0.0,,10.0,,0.0,,,FALSE
5,Pipián,15,gramos,15,15,77,0.9,4.7,7.7,1.1,,,2.1,,,0.0,0.0,0.0,0.0,0.0,0.0,381.4,0.0,0.0,,,FALSE
5,Rompope sin alcohol,0.25,taza,64,64,86,2.4,4.8,8.6,2.8,1.4,0.2,37.3,5.3,0.0,29.2,1.0,0.6,82.5,0.1,105.0,34.5,69.5,0.0,,,FALSE
5,Salsa de cebollín,25,gramos,25,25,63,0.3,4.7,3.3,3.1,0.2,0.0,15.3,2.7,0.1,17.1,1.8,3.1,7.2,0.1,29.7,24.1,5.6,0.0,,,FALSE
5,Salsa de epazote,40,gramos,40,40,82,1.3,6.2,4.7,2.8,1.5,0.9,11.5,1.4,0.2,31.5,0.5,0.7,49.1,0.3,54.3,178.5,29.7,0.0,,,FALSE
5,Salsa gravy de pollo,9,cda,180,180,86,1.3,4.7,9.5,1.2,1.8,0.7,9.0,0.5,0.2,1.8,0.0,,18.0,1.6,,700.2,,0.0,,,FALSE
18,Achiote,0.25,cda,4,4,10,0.5,0.1,2.1,0.0,0.0,0.0,0.0,0.0,0.5,0.0,0.5,0.0,8.6,0.2,0.0,0.0,8.3,8.3,0.0,,FALSE
18,Agar - Agar,0.5,cda,3,3,1,0.0,0.0,0.2,0.0,0.0,0.0,0.0,0.0,0.0,0.0,0.0,,1.6,0.1,,0.3,,,0.0,,FALSE
18,Agua,1,taza,240,240,0,0.0,0.0,0.0,0.0,0.0,0.0,0.0,0.0,0.0,0.0,0.0,0.0,5.1,0.0,0.0,7.1,0.0,0.0,0.0,,FALSE
18,Agua mineral,1,lata,355,355,0,0.0,0.0,0.0,0.0,0.0,0.0,0.0,0.0,0.0,0.0,0.0,0.0,17.8,0.0,7.1,74.6,0.0,0.0,0.0,,FALSE
18,Ajo en polvo,0.5,cdita,2,2,5,0.3,0.0,1.1,0.0,0.0,0.0,0.0,0.0,0.2,0.0,0.5,0.0,1.0,0.0,16.5,0.5,6.5,6.5,0.0,,FALSE
18,Albahaca deshidratada,1.5,cdita,2,2,5,0.2,0.0,0.9,0.0,0.0,0.0,0.0,0.0,0.6,13.5,1.5,4.5,31.5,0.6,51.0,0.0,7.5,7.5,0.0,,FALSE
18,Albahaca molida,1.5,cdita,2,2,5,0.2,0.0,0.9,0.0,0.0,0.0,0.0,0.0,0.6,13.5,1.5,4.5,31.5,0.6,51.0,0.0,7.5,7.5,0.0,,FALSE
18,Alcaparras,2,cda,17,17,4,0.4,0.1,0.8,0.0,0.0,0.1,0.0,0.0,0.6,2.4,0.7,4.0,6.9,0.3,6.9,509.8,1.7,1.7,0.0,,FALSE
18,Alcaravea,0.5,cdita,1,1,4,0.2,0.2,0.5,0.0,0.1,0.1,0.0,0.0,0.4,0.5,0.0,0.0,7.0,0.2,13.5,0.0,5.5,5.5,0.0,,FALSE
18,Alga espirulina en polvo,0.25,cdita,1,1,2,0.3,0.0,0.1,0.0,0.0,0.0,0.0,0.0,0.0,0.1,0.1,,0.6,0.1,,5.2,,,0.0,,FALSE
18,Anís,0.5,cdita,1,1,4,0.2,0.2,0.5,0.0,0.1,0.1,0.0,0.0,0.2,0.5,0.0,0.0,6.5,0.4,14.5,0.0,4.5,4.5,0.0,,FALSE
18,Arúgula,1,taza,20,12,3,0.3,0.1,0.4,0.0,0.0,0.0,0.0,0.0,0.2,0.0,1.8,11.6,19.2,0.2,44.3,3.2,6.2,6.2,0.0,,FALSE
18,Aspartame,1,sobre,1,1,0,0.0,0.0,0.0,0.0,0.0,0.0,0.0,0.0,0.0,0.0,0.0,0.0,0.0,0.0,0.0,0.0,0.0,0.0,0.0,,FALSE
18,Azafrán,1,cdita,1,1,3,0.1,0.1,0.7,0.0,0.0,0.0,0.0,0.0,0.0,1.0,1.0,1.0,1.0,0.1,17.0,1.0,3.0,3.0,0.0,,FALSE
18,Café americano,1,taza,240,240,5,0.3,0.0,0.9,0.0,0.0,0.0,0.0,0.0,0.0,0.0,0.0,0.0,5.4,0.1,130.2,5.4,2.7,2.7,0.0,,FALSE
18,Café de grano,7,cda,56,56,4,11.2,0.0,0.0,0.0,0.0,0.0,0.0,0.0,0.0,0.0,0.0,0.0,0.0,0.0,994.0,0.0,98.0,98.0,0.0,,FALSE
18,Café descafeinado,1,taza,240,240,5,0.3,0.0,0.9,0.0,0.0,0.0,0.0,0.0,0.0,0.0,0.0,0.0,5.4,0.1,130.2,5.4,2.7,2.7,0.0,,FALSE
18,Café descafeinado preparado,1,taza,240,240,5,0.3,0.0,0.9,0.0,0.0,0.0,0.0,0.0,0.0,0.0,0.0,0.0,5.4,0.1,130.2,5.4,2.7,2.7,0.0,,FALSE
18,Café en polvo,0.5,cda,1,1,4,0.1,0.0,0.9,0.0,0.0,0.0,0.0,0.0,0.1,0.0,0.0,0.3,0.6,0.1,21.2,0.8,6.7,6.7,0.0,,FALSE
18,Café en polvo descafeinado,1,cdita,2,2,4,0.2,0.0,0.7,0.0,0.0,0.0,0.0,0.0,0.0,0.0,0.0,0.0,3.0,0.1,64.0,1.0,5.0,0.0,,,FALSE
18,Café express,5.5,taza,440,440,10,0.5,0.0,1.7,0.0,0.0,0.0,0.0,0.0,0.0,0.0,0.0,0.0,9.9,0.2,238.6,9.9,5.0,0.0,,,FALSE
18,Café instantáneo,1,cdita,2,2,4,0.2,0.0,0.7,0.0,0.0,0.0,0.0,0.0,0.0,0.0,0.0,0.0,3.0,0.1,64.0,1.0,5.0,0.0,,,FALSE
18,Café instantáneo preparado,1,taza,240,240,5,0.3,0.0,0.9,0.0,0.0,0.0,0.0,0.0,0.0,0.0,0.0,0.0,6.7,0.1,85.8,6.7,6.7,0.0,,,FALSE
18,"Café instantáneo, descafeinado",1,cdita,2,2,4,0.2,0.0,0.8,0.0,0.0,0.0,0.0,0.0,0.0,0.0,0.0,0.0,3.0,0.1,63.0,0.0,5.0,0.0,,,FALSE
18,Café molido,1,cda,4,4,1,0.8,0.0,0.0,0.0,0.0,0.0,0.0,0.0,0.0,0.0,0.0,0.0,0.0,0.0,71.0,0.0,7.0,0.0,,,FALSE
18,Café ó té sin azúcar,1,taza,240,240,3,0.0,0.0,0.5,0.0,0.0,0.0,0.0,0.0,0.0,0.0,0.0,1.3,5.4,0.2,21.6,2.7,0.0,0.0,,,FALSE
18,Café sin azúcar,1,taza,240,240,5,0.3,0.0,0.9,0.0,0.0,0.0,0.0,0.0,0.0,0.0,0.0,0.0,5.4,0.1,130.2,5.4,2.7,0.0,,,FALSE
18,Caldo,1/2,taza,120,120,9,1.4,0.3,0.1,0.2,0.1,0.0,0.0,0.0,0.0,0.0,0.0,2.5,7.0,0.2,65.0,391.0,15.5,0.0,,,FALSE
18,Caldo de carne,1/2,taza,120,120,9,1.4,0.3,0.1,0.2,0.1,0.0,0.0,0.0,0.0,0.0,0.0,2.5,7.0,0.2,65.0,391.0,15.5,0.0,,,FALSE
18,Caldo de carne concentrado,1/4,taza,62,62,8,1.5,0.0,0.5,0.0,0.0,0.0,1.5,0.0,0.0,0.0,0.0,0.0,10.0,0.0,0.0,450.0,0.0,0.0,,,FALSE
18,Caldo de pescado,1/2,taza,120,120,9,1.4,0.3,0.1,0.2,0.1,0.0,0.0,0.0,0.0,0.0,0.0,2.5,7.0,0.2,65.0,391.0,15.5,0.0,,,FALSE
18,Caldo de pollo,1/2,taza,120,120,9,1.3,0.4,0.4,0.1,0.1,0.1,0.0,0.0,0.0,0.0,0.0,2.5,4.9,0.3,103.3,381.6,35.9,0.0,,,FALSE
18,Caldo de pollo concentrado,1/5,taza,50,50,12,0.8,0.8,0.8,0.2,0.0,0.0,0.0,0.4,0.0,0.0,0.0,0.0,0.0,0.0,0.0,308.0,0.0,0.0,,,FALSE
18,Caldo de pollo enlatado,1/5,taza,50,50,12,0.8,0.8,0.8,0.2,0.0,0.0,1.2,0.4,0.0,0.0,0.0,0.0,0.0,0.0,0.0,308.0,0.0,0.0,,,FALSE
18,Caldo de res,1/2,taza,120,120,9,1.4,0.3,0.1,0.2,0.1,0.0,0.0,0.0,0.0,0.0,0.0,2.5,7.0,0.2,65.0,391.0,15.5,0.0,,,FALSE
18,Caldo de res enlatado,1/3,taza,82,82,10,2.0,0.0,0.7,0.0,0.0,0.0,2.0,0.0,0.0,0.0,0.0,0.0,13.2,0.0,0.0,594.0,0.0,0.0,,,FALSE
18,Canela,1,cdita,2,2,5,0.1,0.1,1.6,0.0,0.0,0.0,0.0,0.0,1.1,1.0,1.0,1.0,25.0,0.8,10.0,1.0,1.0,0.0,,,FALSE
18,Canela en polvo,1,cdita,2,2,5,0.1,0.1,1.6,0.0,0.0,0.0,0.0,0.0,1.1,1.0,1.0,1.0,25.0,0.8,10.0,1.0,1.0,0.0,,,FALSE
18,Canela en raja,1/5,raja,2,2,5,0.1,0.1,1.6,0.0,0.0,0.0,0.0,0.0,1.1,1.0,1.0,1.0,25.0,0.8,10.0,1.0,1.0,0.0,,,FALSE
18,Canela molida,1,cdita,2,2,5,0.1,0.1,1.6,0.0,0.0,0.0,0.0,0.0,1.1,1.0,1.0,1.0,25.0,0.8,10.0,1.0,1.0,0.0,,,FALSE
18,Cardamomo,1,cdita,2,2,6,0.2,0.1,1.4,0.0,0.0,0.0,0.0,0.0,0.6,0.0,0.0,0.0,8.0,0.3,22.0,0.0,4.0,0.0,,,FALSE
18,Cardamomo molido,1,cdita,2,2,6,0.2,0.1,1.4,0.0,0.0,0.0,0.0,0.0,0.6,0.0,0.0,0.0,8.0,0.3,22.0,0.0,4.0,0.0,,,FALSE
18,Cáscara de limón,5,cdita,10,10,5,0.2,0.0,1.7,0.0,0.0,0.0,0.0,0.0,1.0,0.0,13.3,1.7,13.3,0.1,16.7,0.0,1.7,0.0,,,FALSE
18,Cáscara de naranja,2,cdita,4,4,4,0.1,0.0,1.0,0.0,0.0,0.0,0.0,0.0,0.4,2.0,5.3,1.3,6.7,0.0,8.7,0.0,0.7,0.0,,,FALSE
18,Cebolla deshidratada,1,cdita,1,1,4,0.0,0.0,0.8,0.0,0.0,0.0,0.0,0.0,0.4,0.0,0.0,0.0,8.0,0.0,16.0,4.0,0.0,0.0,,,FALSE
18,Cebolla en polvo,1/2,cdita,1,1,4,0.1,0.0,0.8,0.0,0.0,0.0,0.0,0.0,0.1,0.0,0.0,1.5,3.5,0.0,9.5,0.5,3.5,0.0,,,FALSE
18,Cebollín,15,cdita,15,15,5,0.5,0.0,0.5,0.0,0.0,0.0,0.0,0.0,0.5,65.0,10.0,15.0,15.0,0.3,45.0,0.0,10.0,0.0,,,FALSE
18,Cebollín deshidratado,30,cdita,12,12,0,0.0,0.0,0.0,0.0,0.0,0.0,0.0,0.0,0.0,0.0,0.0,0.0,120.0,0.0,240.0,0.0,0.0,0.0,,,FALSE
18,Cebollín fresco,15,cdita,15,15,5,0.5,0.0,0.5,0.0,0.0,0.0,0.0,0.0,0.5,65.0,10.0,15.0,15.0,0.3,45.0,0.0,10.0,0.0,,,FALSE
18,Cebollín liofilizado,10,cda,2,2,5,0.5,0.0,1.3,0.0,0.0,0.0,0.0,0.0,0.5,137.5,12.5,2.5,17.5,0.4,60.0,2.5,10.0,0.0,,,FALSE
18,Chicle sin azúcar,1,pieza,3,3,10,0.0,0.0,2.0,0.0,0.0,0.0,0.0,2.0,0.0,0.0,0.0,0.0,0.0,0.0,0.0,0.0,0.0,0.0,,,FALSE
18,Chile cascabel,3,gramos,3,3,8,0.3,0.2,1.6,0.0,0.0,0.0,0.0,0.0,0.8,26.6,1.4,0.0,3.6,0.1,0.0,0.0,0.0,0.0,,,FALSE
18,Chile en polvo,3,pieza,2,1,4,0.2,0.1,0.8,0.0,0.0,0.0,0.0,0.0,0.4,6.3,0.5,0.0,2.1,0.1,0.0,0.0,0.0,0.0,,,FALSE
18,Chile piquín,3,pieza,2,1,4,0.2,0.1,0.8,0.0,0.0,0.0,0.0,0.0,0.4,6.3,0.5,0.0,2.1,0.1,0.0,0.0,0.0,0.0,,,FALSE
18,Chile piquín molido,1/2,cdita,2,2,5,0.2,0.3,0.8,0.1,0.1,0.1,0.0,0.0,0.5,52.5,1.0,1.5,4.0,0.2,28.5,15.0,4.5,0.0,,,FALSE
18,Chile Tajín,1/4,cdita,1,1,1,0.0,0.0,0.2,0.0,0.0,0.0,0.0,0.0,0.1,0.0,0.0,,0.0,0.0,,92.5,,0.0,,,FALSE
18,Chocolate para repostería sin azúcar,2,gramos,2,2,10,0.2,1.1,0.6,0.7,0.4,0.0,0.0,0.0,0.3,0.2,0.0,0.1,1.5,0.1,16.6,0.3,8.4,0.0,,,FALSE
18,Clavo,1,cdita,2,2,6,0.1,0.4,1.2,0.1,0.0,0.1,0.0,0.0,0.7,1.0,2.0,2.0,13.0,0.2,22.0,5.0,2.0,0.0,,,FALSE
18,Clavo de olor,1,cdita,2,2,6,0.1,0.4,1.2,0.1,0.0,0.1,0.0,0.0,0.7,1.0,2.0,2.0,13.0,0.2,22.0,5.0,2.0,0.0,,,FALSE
18,Clavo en polvo,1,cdita,2,2,6,0.1,0.4,1.2,0.1,0.0,0.1,0.0,0.0,0.7,1.0,2.0,2.0,13.0,0.2,22.0,5.0,2.0,0.0,,,FALSE
18,Clavo entero,2,gramos,2,2,6,0.1,0.4,1.2,0.1,0.0,0.1,0.0,0.0,0.7,1.0,2.0,2.0,13.0,0.2,22.0,5.0,2.0,0.0,,,FALSE
18,Clavo molido,1,cdita,2,2,6,0.1,0.4,1.2,0.1,0.0,0.1,0.0,0.0,0.7,1.0,2.0,2.0,13.0,0.2,22.0,5.0,2.0,0.0,,,FALSE
18,Clight,3,sobre,4,4,8,0.0,0.0,2.0,0.0,0.0,0.0,0.0,0.3,0.0,0.0,0.0,0.0,0.0,0.0,0.0,6.5,0.0,0.0,,,FALSE
18,Coca Cola de dieta,1,lata,240,240,1,0.0,0.0,0.1,0.0,0.0,0.0,0.0,0.1,0.0,0.0,0.0,0.0,0.0,0.0,11.6,3.9,17.4,0.0,,,FALSE
18,Coca Cola sin azúcar,1,lata,240,240,1,0.0,0.0,0.0,0.0,0.0,0.0,0.0,0.1,0.1,0.0,0.0,0.0,0.0,0.0,0.0,7.2,16.8,0.0,,,FALSE
18,Coca light,1,lata,240,240,1,0.0,0.0,0.1,0.0,0.0,0.0,0.0,0.1,0.1,0.0,0.0,0.0,0.0,0.0,11.6,3.9,17.4,0.0,,,FALSE
18,Cocacola de dieta,1,lata,240,240,1,0.0,0.0,0.1,0.0,0.0,0.0,0.0,0.1,0.0,0.0,0.0,0.0,0.0,0.0,11.6,3.9,17.4,0.0,,,FALSE
18,Cocoa en polvo con aspartame,1/4,cda,3,3,9,0.7,0.1,1.6,0.1,0.0,0.0,0.2,0.0,0.1,0.2,0.0,0.4,15.8,0.1,74.3,30.8,24.6,0.0,,,FALSE
18,Cocoa sin azúcar,1/5,cda,2,2,7,0.4,0.2,0.9,0.1,0.0,0.0,0.0,0.0,0.4,0.0,0.0,0.0,2.9,0.2,0.0,0.3,0.0,0.0,,,FALSE
18,Cocoa sin azúcar Hershey,1/5,cda,2,2,7,0.4,0.2,0.9,0.1,0.0,0.0,0.0,0.0,0.4,0.0,0.0,0.0,2.9,0.2,0.0,0.3,0.0,0.0,,,FALSE
18,Comino,1,cdita,2,2,7,0.4,0.4,0.9,0.0,0.3,0.1,0.0,0.0,0.2,3.0,0.0,0.0,19.0,1.3,36.0,3.0,10.0,0.0,,,FALSE
18,Comino entero,1,cdita,2,2,7,0.4,0.4,0.9,0.0,0.3,0.1,0.0,0.0,0.2,3.0,0.0,0.0,19.0,1.3,36.0,3.0,10.0,0.0,,,FALSE
18,Comino molido,1/2,cdita,1,1,6,0.2,0.2,0.4,0.0,0.0,0.0,0.0,0.0,0.4,0.0,0.0,0.0,10.0,0.4,22.0,2.0,0.0,0.0,,,FALSE
18,Concentrado de pollo,3,gramos,3,3,6,0.4,0.1,0.7,0.1,0.1,0.1,0.6,0.0,0.0,2.4,0.0,1.2,6.0,0.1,11.4,720.0,6.0,0.0,,,FALSE
18,Consomé,1/4,taza,60,60,10,1.2,0.3,0.2,0.1,0.1,0.1,0.0,0.0,0.0,0.0,0.0,1.2,2.5,0.1,51.6,190.8,18.0,0.0,,,FALSE
18,Consomé de camarón en polvo,1/3,cda,4,4,8,0.6,0.2,1.0,0.1,0.1,0.1,0.8,0.0,0.0,3.2,0.0,1.6,7.9,0.1,15.0,950.4,7.9,0.0,,,FALSE
18,Consomé de pescado,20,gramos,20,20,6,0.0,0.4,0.2,0.1,0.3,0.0,0.0,0.1,0.0,0.4,0.1,0.2,1.1,0.0,5.0,19.2,0.7,0.0,,,FALSE
18,Consomé de pollo,1/4,taza,60,60,10,1.2,0.3,0.2,0.1,0.1,0.1,0.0,0.0,0.0,0.0,0.0,1.2,2.5,0.1,51.6,190.8,18.0,0.0,,,FALSE
18,Consomé de pollo bajo en grasa,5,cda,60,60,5,0.3,0.0,0.8,0.0,0.0,0.0,0.0,0.0,0.0,0.0,0.0,0.0,0.0,0.0,0.0,120.0,0.0,0.0,,,FALSE
18,Consomé de pollo desgrasado en polvo,1,cda,12,12,2,0.0,0.4,0.4,6.0,0.0,0.0,0.0,0.1,2.0,0.0,0.0,0.0,0.0,0.0,0.0,0.0,0.0,0.0,,,FALSE
18,Consomé de pollo en cubo,1/3,pieza,2,2,4,0.3,0.1,0.5,0.0,0.0,0.0,0.4,0.0,0.0,1.6,0.0,0.8,4.0,0.0,7.5,475.2,4.0,0.0,,,FALSE
18,Consomé de pollo en polvo,1/3,cda,4,4,8,0.6,0.2,1.0,0.1,0.1,0.1,0.8,0.0,0.0,3.2,0.0,1.6,7.9,0.1,15.0,950.4,7.9,0.0,,,FALSE
18,Consomé de res,1/2,taza,120,120,9,1.4,0.3,0.1,0.2,0.1,0.0,0.0,0.0,0.0,0.0,0.0,2.5,7.0,0.2,65.0,391.0,15.5,0.0,,,FALSE
18,Consomé de res condensado,1/4,taza,60,60,8,1.3,0.2,0.0,0.1,0.1,0.0,0.0,0.0,0.0,0.0,0.0,2.4,7.2,0.2,64.8,391.2,15.6,0.0,,,FALSE
18,Consomé de res en cubo,1/3,pieza,2,2,5,0.3,0.2,0.5,0.1,0.1,0.0,0.3,0.0,0.0,0.0,0.0,0.7,1.3,0.0,8.9,336.3,6.3,0.0,,,FALSE
18,Consomé de res en polvo,1,cda,12,12,2,0.0,0.2,0.4,2.8,0.0,0.0,0.0,0.1,2.0,0.0,0.1,0.6,0.0,0.0,0.0,2.0,0.0,0.0,,,FALSE
18,Consomé de res enlatadc,1/4,taza,60,60,8,1.3,0.2,0.0,0.1,0.1,0.0,0.0,0.0,0.0,0.0,0.0,2.4,7.2,0.2,64.8,391.2,15.6,0.0,,,FALSE
18,Consomé en polvo,1/3,cda,4,4,8,0.6,0.2,1.0,0.1,0.1,0.1,0.8,0.0,0.0,3.2,0.0,1.6,7.9,0.1,15.0,950.4,7.9,0.0,,,FALSE
18,Consomé sabor tomate,2,gramos,2,2,6,0.3,0.0,1.5,0.0,0.0,0.0,0.0,0.0,0.3,34.5,2.3,2.4,3.3,0.1,38.5,2.7,5.9,0.0,,,FALSE
18,Crémor tártaro,1,cdita,3,3,8,0.0,0.0,1.8,0.0,0.0,0.0,0.0,0.0,0.0,0.0,0.0,0.0,0.0,0.1,495.0,2.0,0.0,0.0,,,FALSE
18,Cubo consomé,1/4,pieza,6,6,12,0.8,0.2,1.4,0.1,0.1,0.1,1.2,0.0,0.0,4.8,0.0,2.4,12.0,0.1,22.8,1440.0,12.0,0.0,,,FALSE
18,Curry,1,cdita,2,2,7,0.3,0.3,1.2,0.0,0.1,0.1,0.0,0.0,0.7,2.0,0.0,3.0,10.0,0.6,31.0,1.0,7.0,0.0,,,FALSE
18,Curry en polvo,1,cdita,2,2,7,0.3,0.3,1.2,0.0,0.1,0.1,0.0,0.0,0.7,2.0,0.0,3.0,10.0,0.6,31.0,1.0,7.0,0.0,,,FALSE
18,Decaí,1,cdita,2,2,4,0.2,0.0,0.7,0.0,0.0,0.0,0.0,0.0,0.0,0.0,0.0,0.0,3.0,0.1,64.0,1.0,5.0,0.0,,,FALSE
18,Diet Coke,1,taza,240,240,1,0.0,0.0,0.1,0.0,0.0,0.0,0.0,0.1,0.0,0.0,0.0,0.0,0.0,0.0,11.6,3.9,17.4,0.0,,,FALSE
18,Diet Sprite,1,taza,240,240,3,0.1,0.0,0.0,0.0,0.0,0.0,0.0,0.0,0.0,0.0,0.0,0.0,0.0,0.0,67.0,0.0,0.0,0.0,,,FALSE
18,Eneldo,5,cdita,8,8,3,0.3,0.1,0.5,0.0,0.1,0.0,0.0,0.0,0.2,57.5,6.7,11.7,15.8,0.5,55.0,4.2,5.0,0.0,,,FALSE
18,Eneldo deshidratado,1,cdita,1,1,3,0.2,0.0,0.6,0.0,0.0,0.0,0.0,0.0,0.1,6.0,1.0,0.0,18.0,0.5,33.0,2.0,5.0,0.0,,,FALSE
18,Eneldo en semilla,1,cdita,2,2,6,0.3,0.3,1.1,0.0,0.2,0.0,0.0,0.0,0.4,0.0,0.0,0.0,30.0,0.3,24.0,0.0,6.0,0.0,,,FALSE
18,Especias para sazonar aves,1,cdita,2,2,6,0.2,0.2,1.3,0.1,0.0,0.0,0.0,0.0,0.2,5.0,0.0,3.0,20.0,0.7,14.0,1.0,3.0,0.0,,,FALSE
18,Estragón,1,cdita,2,2,6,0.5,0.1,1.0,0.0,0.0,0.1,0.0,0.0,0.1,8.0,1.0,5.0,23.0,0.7,60.0,1.0,6.0,0.0,,,FALSE
18,Estragón molido,1,cdita,2,2,6,0.5,0.1,1.0,0.0,0.0,0.1,0.0,0.0,0.1,8.0,1.0,5.0,23.0,0.7,60.0,1.0,6.0,0.0,,,FALSE
18,Estragón seco,1,cdita,2,2,6,0.5,0.1,1.0,0.0,0.0,0.1,0.0,0.0,0.1,8.0,1.0,5.0,23.0,0.7,60.0,1.0,6.0,0.0,,,FALSE
18,Extracto de vainilla,1,cdita,5,5,8,0.0,0.0,0.4,0.0,0.0,0.0,0.0,0.0,0.0,0.0,0.0,0.0,0.0,0.0,3.8,0.0,0.0,0.0,,,FALSE
18,Flor de jamaica,1,taza,37,1,1,0.0,0.0,0.2,0.0,0.0,0.0,0.0,0.0,0.0,0.4,0.2,0.0,3.7,0.0,3.1,0.1,0.5,0.0,,,FALSE
18,Fruto del monje,1/2,cdita,1,1,0,0.0,0.0,1.0,0.0,0.0,0.0,0.0,0.0,0.0,0.0,0.0,,0.0,0.0,,0.0,,0.0,,,FALSE
18,Gelatina de dieta,1/4,taza,60,60,4,0.6,0.0,0.4,0.0,0.0,0.0,0.0,0.0,0.0,0.0,0.0,0.0,1.3,0.0,0.0,28.7,16.3,0.0,,,FALSE
18,Gelatina sin azúcar preparada,1,taza,121,121,10,1.0,0.0,0.0,0.0,0.0,0.0,0.0,0.0,0.0,0.0,0.0,0.0,0.0,0.0,0.0,56.0,0.0,0.0,,,FALSE
18,Gengibre,3,cdita,6,6,4,0.1,0.1,0.9,0.0,0.0,0.0,0.0,0.0,0.1,0.0,0.3,0.8,1.0,0.0,25.0,0.8,1.5,0.0,,,FALSE
18,Gengibre fresco,3,cdita,6,6,4,0.1,0.1,0.9,0.0,0.0,0.0,0.0,0.0,0.1,0.0,0.3,0.8,1.0,0.0,25.0,0.8,1.5,0.0,,,FALSE
18,Gengibre molido o en polvo,1,cdita,2,2,7,0.2,0.1,1.4,0.0,0.0,0.0,0.0,0.0,0.3,0.0,0.0,1.0,2.0,0.2,27.0,1.0,3.0,0.0,,,FALSE
18,Grenetina sin sabor,1/4,sobre,3,3,9,1.5,0.0,0.8,0.0,0.0,0.0,0.0,0.0,0.0,0.0,0.0,0.0,11.3,0.0,0.0,3.8,0.0,0.0,,,FALSE
18,Hierba Santa,1/2,pieza,3,3,1,0.1,0.0,0.2,0.0,0.0,0.0,0.0,0.0,0.1,16.8,1.2,,7.9,0.1,,0.0,,0.0,,,FALSE
18,Hierbabuena,10,gramos,10,10,4,0.2,0.2,0.7,0.0,0.0,0.0,0.0,0.0,0.1,35.2,7.1,0.0,19.9,0.7,0.0,0.0,0.0,0.0,,,FALSE
18,Hierbas de olor,1,cdita,2,2,5,0.1,0.2,1.4,0.1,0.0,0.0,0.0,0.0,0.4,1.0,1.0,1.0,13.0,0.1,21.0,2.0,2.0,0.0,,,FALSE
18,Hierbas finas,1,cdita,2,2,5,0.1,0.2,1.4,0.1,0.0,0.0,0.0,0.0,0.4,1.0,1.0,1.0,13.0,0.1,21.0,2.0,2.0,0.0,,,FALSE
18,Hierbas molidas,1,cdita,2,2,5,0.1,0.2,1.4,0.1,0.0,0.0,0.0,0.0,0.4,1.0,1.0,1.0,13.0,0.1,21.0,2.0,2.0,0.0,,,FALSE
18,Hinojo,10,gramos,10,10,3,0.1,0.0,0.7,0.0,0.0,0.0,0.0,0.0,0.3,1.3,1.1,2.6,4.9,0.1,41.4,5.2,5.1,0.0,,,FALSE
18,Hoja de aguacate,1,pieza,3,3,1,0.1,0.0,0.1,0.0,0.0,0.0,0.0,0.0,0.0,4.4,0.3,0.0,8.1,0.1,0.0,0.0,0.0,0.0,,,FALSE
18,Hoja Santa,1/2,pieza,3,3,1,0.1,0.0,0.2,0.0,0.0,0.0,0.0,0.0,0.1,16.8,1.2,,7.9,0.1,,0.0,,0.0,,,FALSE
18,Hojas de laurel,1,pieza,1,1,3,0.1,0.1,0.7,0.0,0.0,0.0,0.0,0.0,0.3,6.0,0.0,2.0,8.0,0.4,5.0,0.0,1.0,0.0,,,FALSE
18,Hojuelas de chile,1/4,cdita,1,1,2,0.1,0.1,0.4,0.0,0.0,0.1,0.0,0.1,0.2,15.6,0.6,,1.1,0.1,,0.2,,0.0,,,FALSE
18,Jamaica,1,taza,37,1,1,0.0,0.0,0.2,0.0,0.0,0.0,0.0,0.0,0.0,0.4,0.2,0.0,3.7,0.0,3.1,0.1,0.5,0.0,,,FALSE
18,Jengibre,3,cdita,6,6,4,0.1,0.1,0.9,0.0,0.0,0.0,0.0,0.0,0.1,0.0,0.3,0.8,1.0,0.0,25.0,0.8,1.5,0.0,,,FALSE
18,Jengibre fresco,3,cdita,6,6,4,0.1,0.1,0.9,0.0,0.0,0.0,0.0,0.0,0.1,0.0,0.3,0.8,1.0,0.0,25.0,0.8,1.5,0.0,,,FALSE
18,Jengibre molido o en polvo,1,cdita,2,2,7,0.2,0.1,1.4,0.0,0.0,0.0,0.0,0.0,0.3,0.0,0.0,1.0,2.0,0.2,27.0,1.0,3.0,0.0,,,FALSE
18,Jugo Maggy,1/4,cdita,1,1,1,0.1,0.0,0.2,0.0,0.0,0.0,0.0,0.0,0.0,0.0,0.0,,0.0,0.0,,83.0,,0.0,,,FALSE
18,Kool-Aid en polvo sin azúcar,1,sobre,1,1,5,0.0,0.0,0.0,0.0,0.0,0.0,0.0,0.0,0.0,0.0,6.0,0.0,0.0,0.0,0.0,2.0,0.0,0.0,,,FALSE
18,Laurel,2,hoja,2,2,6,0.2,0.2,1.4,0.0,0.0,0.0,0.0,0.0,0.6,12.0,0.0,4.0,16.0,0.9,10.0,0.0,2.0,0.0,,,FALSE
18,Laurel fresco,2,hoja,2,2,6,0.2,0.2,1.4,0.0,0.0,0.0,0.0,0.0,0.6,12.0,0.0,4.0,16.0,0.9,10.0,0.0,2.0,0.0,,,FALSE
18,Laurel troceado,2,cdita,2,2,6,0.2,0.2,1.4,0.0,0.0,0.0,0.0,0.0,0.6,12.0,0.0,4.0,16.0,0.9,10.0,0.0,2.0,0.0,,,FALSE
18,Levadura comprimida,1/2,sobre,9,9,9,0.7,0.2,1.6,0.0,0.1,0.0,0.0,0.0,0.7,0.0,0.0,66.5,1.5,0.3,51.0,2.5,28.5,0.0,,,FALSE
18,Levadura en polvo,1/4,sobre,2,2,5,0.7,0.1,0.7,0.0,0.1,0.0,0.0,0.0,0.4,0.0,0.0,41.0,1.0,0.3,35.0,1.0,22.5,0.0,,,FALSE
18,Levadura fresca,2,gramos,2,2,5,0.9,0.0,0.9,0.0,0.0,0.0,0.0,0.0,0.0,0.0,0.0,0.0,0.0,0.0,0.0,2.1,0.0,0.0,,,FALSE
18,Levadura seca,1/2,sobre,4,4,11,1.4,0.2,1.4,0.0,0.1,0.0,0.0,0.0,0.8,0.0,0.0,82.0,2.0,0.6,70.0,2.0,45.0,0.0,,,FALSE
18,Limón,1/2,pieza,34,34,10,0.3,0.1,3.6,0.0,0.0,0.0,0.0,0.2,1.0,0.5,9.5,2.5,11.0,0.2,34.0,0.5,6.0,0.0,,,FALSE
18,Limón agrio,1/2,pieza,14,9,2,0.1,0.0,0.9,0.0,0.0,0.0,0.0,0.0,0.2,0.4,6.8,0.0,5.4,0.1,12.8,0.3,0.0,0.0,,,FALSE
18,Limón sin semilla,1/2,pieza,18,11,2,0.1,0.0,1.2,0.0,0.0,0.0,0.0,0.0,0.2,0.4,8.4,0.0,6.6,0.1,15.7,0.3,0.0,0.0,,,FALSE
18,Manzanilla fresca,10,gramos,10,10,4,0.2,0.2,0.7,0.0,0.0,0.0,0.0,0.0,0.1,35.2,7.1,0.0,19.9,0.7,0.0,0.0,0.0,0.0,,,FALSE
18,Manzanilla seca,1,bolsa,2,2,0,0.0,0.0,0.0,0.0,0.0,0.0,0.0,0.0,0.0,0.0,0.0,0.0,0.0,0.0,0.0,0.0,0.0,0.0,,,FALSE
18,Matcha en polvo,1/4,cdita,1,1,1,0.1,0.0,0.2,0.0,0.0,0.0,0.0,0.0,0.2,0.0,0.0,,0.0,0.0,,0.0,,0.0,,,FALSE
18,Mejorana,1,cdita,1,1,3,0.1,0.1,0.6,0.0,0.0,0.0,0.0,0.0,0.4,8.0,1.0,3.0,20.0,0.8,15.0,1.0,3.0,0.0,,,FALSE
18,Menta,1,cdita,1,1,5,0.0,0.0,0.5,0.0,0.0,0.0,0.0,0.0,0.0,0.0,0.0,0.0,15.0,2.0,20.0,5.0,0.0,0.0,,,FALSE
18,Menta fresca,1,cdita,1,1,1,0.1,0.0,0.2,0.0,0.0,0.0,0.0,0.0,0.1,5.0,2.0,0.0,4.0,0.2,6.0,0.0,1.0,0.0,,,FALSE
18,Menta molida,1,cdita,2,2,6,0.2,0.2,1.2,0.0,0.0,0.0,0.0,0.0,0.8,8.0,2.0,6.0,38.0,2.5,16.0,2.0,4.0,0.0,,,FALSE
18,Monkfruit,1,cdita,2,2,0,0.0,0.0,2.0,0.0,0.0,0.0,0.0,0.0,0.0,0.0,0.0,,0.0,0.0,,0.0,,0.0,,,FALSE
18,Mostaza,1,cdita,5,5,5,0.3,0.3,0.3,0.0,0.0,0.0,0.0,0.0,0.0,0.0,0.0,0.0,6.0,0.1,7.0,65.0,7.0,0.0,,,FALSE
18,Mostaza Dijón,1,cdita,5,5,5,0.3,0.3,0.3,0.0,0.0,0.0,0.0,0.0,0.0,0.0,0.0,0.0,6.0,0.1,7.0,65.0,7.0,0.0,,,FALSE
18,Mostaza en polvo,1,cdita,3,3,9,0.5,0.6,0.3,0.0,0.0,0.0,0.0,0.0,0.0,0.0,0.0,0.0,0.0,0.0,0.0,0.3,0.0,0.0,,,FALSE
18,Nuez moscada,1,cdita,2,2,10,0.1,0.7,1.0,0.5,0.1,0.0,0.0,0.0,0.4,0.0,0.0,2.0,4.0,0.1,7.0,0.0,4.0,0.0,,,FALSE
18,Nuez moscada molida,1,cdita,2,2,10,0.1,0.7,1.0,0.5,0.1,0.0,0.0,0.0,0.4,0.0,0.0,2.0,4.0,0.1,7.0,0.0,4.0,0.0,,,FALSE
18,Nutra Sweet,1,sobre,1,1,0,0.0,0.0,0.0,0.0,0.0,0.0,0.0,0.0,0.0,0.0,0.0,0.0,0.0,0.0,0.0,0.0,0.0,0.0,,,FALSE
18,Orange Crush Dlet,1/2,lata,178,178,10,0.0,0.0,2.5,0.0,0.0,0.0,0.0,2.5,0.0,0.0,0.0,0.0,0.0,0.0,0.0,22.2,0.0,0.0,,,FALSE
18,Orégano,1,cdita,2,2,6,0.2,0.2,1.3,0.1,0.0,0.1,0.0,0.0,0.9,14.0,1.0,5.0,32.0,0.9,33.0,0.0,4.0,0.0,,,FALSE
18,Orégano molido,1,cdita,2,2,5,0.2,0.2,1.0,0.1,0.0,0.1,0.0,0.0,0.7,10.5,0.8,3.8,24.0,0.7,24.8,0.0,3.0,0.0,,,FALSE
18,Orégano troceado,1,cdita,2,2,6,0.2,0.2,1.3,0.1,0.0,0.1,0.0,0.0,0.9,14.0,1.0,5.0,32.0,0.9,33.0,0.0,4.0,0.0,,,FALSE
18,Paprika,1,cdita,2,2,6,0.3,0.3,1.1,0.0,0.0,0.2,0.0,0.0,0.4,121.0,1.0,2.0,4.0,0.5,47.0,1.0,7.0,0.0,,,FALSE
18,Pepsi de dieta,1,lata,355,355,4,0.0,0.0,0.0,0.0,0.0,0.0,0.0,0.0,0.0,0.0,0.0,0.0,0.0,0.0,29.6,34.5,40.4,0.0,,,FALSE
18,Pepsi max,1,lata,355,355,4,0.0,0.0,0.0,0.0,0.0,0.0,0.0,0.0,0.0,0.0,0.0,0.0,0.0,0.0,29.6,34.5,40.4,0.0,,,FALSE
18,Perejil deshidratado,1,cda,3,3,9,0.6,0.0,1.5,0.0,0.0,0.0,0.0,0.0,0.9,69.0,3.0,6.0,45.0,2.9,114.0,15.0,12.0,0.0,,,FALSE
18,Pimentón,1,cdita,2,2,6,0.3,0.3,1.1,0.0,0.0,0.2,0.0,0.0,0.4,121.0,1.0,2.0,4.0,0.5,47.0,1.0,7.0,0.0,,,FALSE
18,Pimienta,1,cdita,2,2,5,0.2,0.1,1.3,0.0,0.0,0.0,0.0,0.0,0.5,0.0,0.0,0.0,9.0,0.6,25.0,1.0,3.0,0.0,,,FALSE
18,Pimienta blanca,1,cdita,2,2,6,0.2,0.0,1.4,0.0,0.0,0.0,0.0,0.0,0.5,0.0,0.0,0.0,5.0,0.3,1.0,0.0,4.0,0.0,,,FALSE
18,Pimienta blanca en polvo,1,cdita,2,2,6,0.2,0.0,1.4,0.0,0.0,0.0,0.0,0.0,0.5,0.0,0.0,0.0,5.0,0.3,1.0,0.0,4.0,0.0,,,FALSE
18,Pimienta blanca entera,1,cdita,4,4,9,0.4,0.2,2.3,0.0,0.0,0.0,0.0,0.0,0.9,0.0,0.0,0.0,15.8,1.0,43.8,1.8,5.3,0.0,,,FALSE
18,Pimienta blanca molida,1,cdita,2,2,6,0.2,0.0,1.4,0.0,0.0,0.0,0.0,0.0,0.5,0.0,0.0,0.0,5.0,0.3,1.0,0.0,4.0,0.0,,,FALSE
18,Pimienta con limón,1,cdita,2,2,0,0.0,0.0,0.0,0.0,0.0,0.0,0.0,0.0,0.0,0.0,0.0,,0.0,0.6,,400.0,,0.0,,,FALSE
18,Pimienta de Cayena,1,cdita,2,2,6,0.2,0.3,1.1,0.1,0.1,0.2,0.0,0.0,0.5,83.0,2.0,2.0,3.0,0.2,40.0,1.0,6.0,0.0,,,FALSE
18,Pimienta de Tabasco,1,cdita,2,2,6,0.2,0.3,1.1,0.1,0.1,0.2,0.0,0.0,0.5,83.0,2.0,2.0,3.0,0.2,40.0,1.0,6.0,0.0,,,FALSE
18,Pimienta gorda,1,cdita,4,4,9,0.4,0.2,2.3,0.0,0.0,0.0,0.0,0.0,0.9,0.0,0.0,0.0,15.8,1.0,43.8,1.8,5.3,0.0,,,FALSE
18,Pimienta molida,1,cdita,2,2,5,0.2,0.1,1.3,0.0,0.0,0.0,0.0,0.0,0.5,0.0,0.0,0.0,9.0,0.6,25.0,1.0,3.0,0.0,,,FALSE
18,Pimienta negra,1,cdita,2,2,5,0.2,0.1,1.3,0.0,0.0,0.0,0.0,0.0,0.5,0.0,0.0,0.0,9.0,0.6,25.0,1.0,3.0,0.0,,,FALSE
18,Pimienta negra en polvo,1,cdita,2,2,5,0.2,0.1,1.3,0.0,0.0,0.0,0.0,0.0,0.5,0.0,0.0,0.0,9.0,0.6,25.0,1.0,3.0,0.0,,,FALSE
18,Pimienta negra entera,1,cdita,4,4,9,0.4,0.2,2.3,0.0,0.0,0.0,0.0,0.0,0.9,0.0,0.0,0.0,15.8,1.0,43.8,1.8,5.3,0.0,,,FALSE
18,Pimienta negra molida,1,cdita,2,2,5,0.2,0.1,1.3,0.0,0.0,0.0,0.0,0.0,0.5,0.0,0.0,0.0,9.0,0.6,25.0,1.0,3.0,0.0,,,FALSE
18,Pimienta roja,1,cdita,2,2,6,0.2,0.3,1.1,0.1,0.1,0.2,0.0,0.0,0.5,83.0,2.0,2.0,3.0,0.2,40.0,1.0,6.0,0.0,,,FALSE
18,Pimienta verde,1,cdita,2,2,6,0.2,0.0,1.4,0.0,0.0,0.0,0.0,0.0,0.5,0.0,0.0,0.0,5.0,0.3,1.0,0.0,4.0,0.0,,,FALSE
18,Raíz de jengibre,1,cdita,2,2,1,0.0,0.0,0.3,0.0,0.0,0.0,0.0,0.0,0.0,0.0,0.1,0.3,0.3,0.0,8.3,0.3,0.5,0.0,,,FALSE
18,Raíz fuerte,5,gramos,5,5,3,0.1,0.0,0.7,0.0,0.0,0.0,0.0,0.0,0.1,0.0,0.2,0.6,0.8,0.0,20.2,0.6,1.2,0.0,,,FALSE
18,Raja de canela,1/3,pieza,2,2,6,0.1,0.1,1.8,0.0,0.0,0.0,0.0,0.0,1.3,1.2,1.2,1.2,28.9,0.9,11.6,1.2,1.2,0.0,,,FALSE
18,Ralladura de limón,5,cdita,10,10,5,0.2,0.0,1.7,0.0,0.0,0.0,0.0,0.0,1.0,0.0,13.3,1.7,13.3,0.1,16.7,0.0,1.7,0.0,,,FALSE
18,Ralladura de naranja,5,cdita,10,10,10,0.2,0.0,2.5,0.0,0.0,0.0,0.0,0.0,1.0,5.0,13.3,3.3,16.7,0.1,21.7,0.0,1.7,0.0,,,FALSE
18,Red Bull sugar free*,1/2,lata,125,125,6,0.3,0.1,0.9,0.0,0.0,0.0,0.0,0.0,0.0,0.0,0.0,0.0,16.3,0.0,3.8,105.0,0.0,0.0,,,FALSE
18,Refresco de dieta,1,lata,355,355,1,0.0,0.0,0.1,0.0,0.0,0.0,0.0,0.1,0.0,0.0,0.0,0.0,0.0,0.0,17.2,5.7,25.8,0.0,,,FALSE
18,Refresco en polvo sin azúcar,1,sobre,1,1,5,0.0,0.0,0.0,0.0,0.0,0.0,0.0,0.0,0.0,0.0,6.0,0.0,0.0,0.0,0.0,2.0,0.0,0.0,,,FALSE
18,Romero,1,cdita,3,3,11,0.2,0.5,2.0,0.3,0.0,0.0,0.0,0.0,1.4,9.0,1.5,0.0,39.0,0.9,28.5,1.5,1.5,0.0,,,FALSE
18,Romero deshidratado,1,cdita,2,2,7,0.1,0.3,1.3,0.2,0.0,0.0,0.0,0.0,0.9,6.0,1.0,0.0,26.0,0.6,19.0,1.0,1.0,0.0,,,FALSE
18,Romero picado,1/2,cdita,2,2,6,0.1,0.3,1.1,0.2,0.0,0.0,0.0,0.0,0.8,5.3,0.9,0.0,22.8,0.5,16.6,0.9,0.9,0.0,,,FALSE
18,Sal,1,cdita,6,6,0,0.0,0.0,0.0,0.0,0.0,0.0,0.0,0.0,0.0,0.0,0.0,0.0,1.0,0.0,0.0,2325.0,0.0,0.0,,,FALSE
18,Sal de ajo,1,cdita,5,5,4,0.0,0.0,0.8,0.0,0.0,0.0,0.0,0.0,0.0,0.0,0.0,0.0,132.0,0.0,12.0,760.0,0.0,0.0,,,FALSE
18,Sal de apio,1,cdita,5,5,4,0.0,0.0,0.8,0.0,0.0,0.0,0.0,0.0,0.0,0.0,0.0,0.0,132.0,0.0,12.0,7600.0,0.0,0.0,,,FALSE
18,Sal de potasio,1,cdita,5,5,0,0.0,0.0,0.0,0.0,0.0,0.0,0.0,0.0,0.0,0.0,0.0,0.0,28.0,0.0,2400.0,0.0,20.0,0.0,,,FALSE
18,Salsa de Barbecue,1/2,cda,8,8,6,0.1,0.1,1.0,0.0,0.0,0.0,0.0,0.0,0.0,0.0,0.0,0.0,0.0,0.0,0.0,64.9,0.0,0.0,,,FALSE
18,Salsa de ostión,1/2,cdita,2,2,1,0.0,0.0,0.2,0.0,0.0,0.0,0.0,0.0,0.0,0.0,0.0,,0.6,0.0,,54.7,,0.0,,,FALSE
18,Salsa de soya,1,cdita,5,5,3,0.4,0.0,0.3,0.0,0.0,0.0,0.0,0.3,0.0,0.0,0.0,0.0,1.7,0.0,0.0,340.8,0.0,0.0,,,FALSE
18,Salsa habanera,1,cdita,4,4,0,0.0,0.0,0.0,0.0,0.0,0.0,0.0,0.0,0.0,0.0,0.0,,0.0,0.0,,32.0,,0.0,,,FALSE
18,Salsa Inglesa,1/2,cdita,8,8,8,1.0,0.5,3.8,0.0,0.0,0.0,0.0,0.0,0.0,0.0,0.0,0.0,0.0,0.0,0.0,82.5,0.0,0.0,,,FALSE
18,Salsa Maggy,1/4,cdita,1,1,1,0.1,0.0,0.2,0.0,0.0,0.0,0.0,0.0,0.0,0.0,0.0,,0.0,0.0,,83.0,,0.0,,,FALSE
18,Salsa Tabasco,1,cdita,6,6,1,0.0,0.0,0.1,0.0,0.0,0.0,0.0,0.0,0.0,9.6,0.0,0.0,1.2,0.0,7.2,38.4,1.2,0.0,,,FALSE
18,Salsa Teriyaki,1,cdita,5,5,5,0.3,0.0,0.8,0.0,0.0,0.0,0.0,0.6,0.0,0.0,0.0,0.0,0.6,0.0,25.0,254.7,0.0,0.0,,,FALSE
18,Salsa Valentina,1,cdita,4,4,0,0.0,0.0,0.0,0.0,0.0,0.0,0.0,0.0,0.0,0.0,0.0,,0.0,0.0,,51.2,,0.0,,,FALSE
18,Salvia,1,cdita,1,1,3,0.1,0.1,0.6,0.1,0.0,0.0,0.0,0.0,0.4,6.0,0.0,3.0,1.7,0.3,11.0,0.0,1.0,0.0,,,FALSE
18,Semilla de anís,1,cdita,2,2,7,0.4,0.3,1.0,0.0,0.2,0.1,0.0,0.0,0.3,1.0,0.0,0.0,130.0,0.7,29.0,0.0,9.0,0.0,,,FALSE
18,Semilla de apio,1,cdita,2,2,8,0.4,0.5,0.8,0.0,0.3,0.1,0.0,0.0,0.2,0.0,0.0,0.0,35.0,0.9,28.0,3.0,11.0,0.0,,,FALSE
18,Semilla de cardamomo,1,cdita,2,2,6,0.2,0.1,1.4,0.0,0.0,0.0,0.0,0.0,0.6,0.0,0.0,0.0,8.0,0.3,22.0,0.0,4.0,0.0,,,FALSE
18,Semilla de cilantro,1,cdita,2,2,6,0.2,0.4,1.1,0.0,0.3,0.0,0.0,0.0,0.8,0.0,0.0,0.0,14.0,0.3,25.0,1.0,8.0,0.0,,,FALSE
18,Semilla de eneldo,1,cdita,2,2,6,0.3,0.3,1.1,0.0,0.2,0.0,0.0,0.0,0.4,0.0,0.0,0.0,30.0,0.3,24.0,0.0,6.0,0.0,,,FALSE
18,Semilla de mostaza,1/2,cdita,2,2,7,0.4,0.5,0.5,0.0,0.3,0.1,0.0,0.0,0.2,0.0,0.0,1.0,8.0,0.2,10.0,0.0,12.5,0.0,,,FALSE
18,Sldral de dieta,1,lata,355,355,1,0.0,0.0,0.1,0.0,0.0,0.0,0.0,0.1,0.0,0.0,0.0,0.0,0.0,0.0,17.2,5.7,25.8,0.0,,,FALSE
18,Sidral light,1,lata,355,355,1,0.0,0.0,0.1,0.0,0.0,0.0,0.0,0.1,0.0,0.0,0.0,0.0,0.0,0.0,17.2,5.7,25.8,0.0,,,FALSE
18,Splenda,1,cdita,2,2,0,0.0,0.0,0.0,0.0,0.0,0.0,0.0,0.0,0.0,0.0,0.0,,0.0,0.0,,0.0,,0.0,,,FALSE
18,Squlrt de dieta,1,lata,355,355,1,0.0,0.0,0.1,0.0,0.0,0.0,0.0,0.1,0.0,0.0,0.0,0.0,0.0,0.0,17.2,5.7,25.8,0.0,,,FALSE
18,Squlrt light,1,lata,355,355,1,0.0,0.0,0.1,0.0,0.0,0.0,0.0,0.1,0.0,0.0,0.0,0.0,0.0,0.0,17.2,5.7,25.8,0.0,,,FALSE
18,Stevia,1,cdita,2,2,0,0.0,0.0,0.0,0.0,0.0,0.0,0.0,0.0,0.0,0.0,0.0,,0.0,0.0,,0.0,,0.0,,,FALSE
18,Té Chai,1,cdita,2,2,0,0.0,0.0,0.0,0.0,0.0,0.0,0.0,0.0,0.0,0.0,0.0,,0.0,0.0,,0.1,,0.0,,,FALSE
18,Té verde,1,cdita,2,2,0,0.0,0.0,0.0,0.0,0.0,0.0,0.0,0.0,0.0,0.0,0.0,,0.0,0.0,,0.0,,0.0,,,FALSE
18,Tomillo,1,cdita,2,2,7,0.2,0.2,1.3,0.1,0.0,0.0,0.0,0.0,0.4,0.0,1.0,1.0,4.0,0.8,51.0,1.0,5.0,0.0,,,FALSE
18,Trident,1,pieza,5,5,0,0.0,0.0,0.0,0.0,0.0,0.0,0.0,0.0,0.0,0.0,0.0,,0.0,0.0,,0.0,,0.0,,,FALSE
18,Vainilla,1,cdita,5,5,8,0.0,0.0,0.4,0.0,0.0,0.0,0.0,0.0,0.0,0.0,0.0,0.0,0.0,0.0,3.8,0.0,0.0,0.0,,,FALSE
18,Vainilla en trozo,1/4,raja,3,3,6,0.1,0.1,2.0,0.0,0.0,0.0,0.0,0.0,1.4,1.3,1.3,1.3,31.3,1.0,12.5,1.3,1.3,0.0,,,FALSE
18,Vinagre,1,cdita,5,5,1,0.0,0.0,0.3,0.0,0.0,0.0,0.0,0.0,0.0,0.0,0.0,0.0,0.3,0.0,5.0,0.0,0.3,0.0,,,FALSE
18,Vinagre balsámico,1,cdita,5,5,1,0.0,0.0,0.3,0.0,0.0,0.0,0.0,0.0,0.0,0.0,0.0,0.0,0.3,0.0,5.0,0.0,0.3,0.0,,,FALSE
18,Vinagre blanco,1,cdita,5,5,1,0.0,0.0,0.3,0.0,0.0,0.0,0.0,0.0,0.0,0.0,0.0,0.0,0.0,0.0,0.7,0.0,0.0,0.0,,,FALSE
18,Vinagre de caña,1,cdita,5,5,1,0.0,0.0,0.3,0.0,0.0,0.0,0.0,0.0,0.0,0.0,0.0,0.0,0.0,0.0,0.7,0.0,0.0,0.0,,,FALSE
18,Vinagre de fruta,1,cdita,5,5,1,0.0,0.0,0.3,0.0,0.0,0.0,0.0,0.0,0.0,0.0,0.0,0.0,0.3,0.0,5.0,0.0,0.3,0.0,,,FALSE
18,Vinagre de jeréz,1,cdita,5,5,1,0.0,0.0,0.3,0.0,0.0,0.0,0.0,0.0,0.0,0.0,0.0,0.0,0.3,0.0,5.0,0.0,0.3,0.0,,,FALSE
18,Vinagre de manzana,1,cdita,5,5,1,0.0,0.0,0.3,0.0,0.0,0.0,0.0,0.0,0.0,0.0,0.0,0.0,0.3,0.0,5.0,0.0,0.3,0.0,,,FALSE
18,Vinagre de sidra,1,cdita,5,5,1,0.0,0.0,0.3,0.0,0.0,0.0,0.0,0.0,0.0,0.0,0.0,0.0,0.3,0.0,5.0,0.0,0.3,0.0,,,FALSE
18,Vinagre de vino,1,cdita,5,5,1,0.0,0.0,0.3,0.0,0.0,0.0,0.0,0.0,0.0,0.0,0.0,0.0,0.3,0.0,5.0,0.0,0.3,0.0,,,FALSE
18,Vinagre de yema,1,cdita,5,5,1,0.0,0.0,0.3,0.0,0.0,0.0,0.0,0.0,0.0,0.0,0.0,0.0,0.3,0.0,5.0,0.0,0.3,0.0,,,FALSE
18,Wasabe,1/4,cdita,1,1,1,0.0,0.1,0.2,0.0,0.0,0.0,0.0,0.1,0.0,0.0,0.0,,0.2,0.0,,17.0,,0.0,,,FALSE
7,Aguardiente,50,ml,50,50,140,,,0.0,0.0,0.0,0.0,0.0,0.0,0.0,0.0,0.0,0.0,0.0,0.0,0.0,0.0,0.0,20.0,,,FALSE
7,Anis dulce o seco,55,ml,55,55,147,,,0.6,0.0,0.0,0.0,0.0,0.0,0.0,0.0,0.0,0.0,0.0,0.0,1.1,1.7,0.0,20.6,,,FALSE
7,Brandy,60,ml,60,60,139,,,0.0,0.0,0.0,0.0,0.0,0.0,0.0,0.0,0.0,0.0,0.0,0.1,1.2,0.0,3.0,20.0,,,FALSE
7,Cerveza,1,lata,356,356,153,,,12.6,0.0,0.0,0.0,0.0,0.0,0.0,0.0,0.0,21.4,14.2,0.1,96.1,14.2,49.8,13.9,,,FALSE
7,Cerveza light,1.5,lata,531,531,154,,,8.7,0.0,0.0,0.0,0.0,0.5,0.0,0.0,0.0,31.9,21.2,0.2,111.5,21.2,63.7,16.5,,,FALSE
7,Champaña,1,copa,150,150,101,,,2.3,0.0,0.0,0.0,0.0,0.0,0.0,0.0,0.0,1.7,8.6,0.8,105.0,5.3,10.5,13.1,,,FALSE
7,Coñac,60,ml,60,60,144,,,1.2,0.0,0.0,0.0,0.0,,0.0,0.0,0.0,0.0,0.0,0.0,1.0,1.4,0.0,19.9,,,FALSE
7,Crema de menta,40,ml,40,40,148,,,16.6,0.0,0.0,0.1,0.0,16.6,0.0,0.0,0.0,0.0,0.0,0.0,0.0,2.0,0.0,11.9,,,FALSE
7,Ginebra,55,ml,55,55,145,,,0.0,0.0,0.0,0.0,0.0,0.0,0.0,0.0,0.0,0.0,0.0,0.0,0.0,1.3,0.0,20.8,,,FALSE
7,Licor 100° proof,50,ml,50,50,148,,,1.8,0.0,0.0,0.0,0.0,0.0,0.0,0.0,0.0,0.0,0.0,0.0,1.0,0.5,2.0,21.3,,,FALSE
7,Licor 80°proof,60,ml,60,60,139,,,2.1,0.0,0.0,0.0,0.0,0.0,0.0,0.0,0.0,0.0,0.0,0.0,1.2,0.6,2.4,20.0,,,FALSE
7,Licor 86° proof,55,ml,55,55,138,,,1.9,0.0,0.0,0.0,0.0,0.0,0.0,0.0,0.0,0.0,0.0,0.0,1.1,0.6,2.2,19.8,,,FALSE
7,Licor 90° proof,55,ml,55,55,145,,,1.9,0.0,0.0,0.0,0.0,0.0,0.0,0.0,0.0,0.0,0.0,0.0,1.1,0.6,2.2,20.8,,,FALSE
7,Licor 94° proof,50,ml,50,50,138,,,1.8,0.0,0.0,0.0,0.0,0.0,0.0,0.0,0.0,0.0,0.0,0.0,1.0,0.5,2.0,19.9,,,FALSE
7,Licor de almendras,60,ml,60,60,134,,,21.0,0.0,0.0,0.0,0.0,0.0,0.0,0.0,0.0,0.0,3.6,0.0,21.0,3.0,12.0,7.2,,,FALSE
7,Licor de café,45,ml,45,45,147,,,21.1,0.1,0.0,0.1,0.0,20.9,0.0,0.0,0.0,0.0,0.5,0.0,13.5,3.6,2.7,9.8,,,FALSE
7,Licor de café con crema,45,ml,45,45,147,,,9.4,4.3,2.0,0.3,6.7,8.9,0.0,19.1,0.0,0.0,7.7,0.1,14.4,41.2,23.0,15.9,,,FALSE
7,Licor de café con whiskey,45,ml,45,45,147,,,9.4,4.3,2.0,0.3,6.7,0.0,0.0,19.1,0.0,0.0,7.7,0.1,14.4,41.2,23.0,15.9,,,FALSE
7,Licor de naranja,65,ml,65,65,146,0.1,0.0,22.8,0.0,0.0,0.0,0.0,,0.0,0.0,0.0,0.0,3.9,0.0,22.8,3.3,13.0,7.8,,,FALSE
7,Oporto,90,ml,90,90,145,0.2,0.0,11.7,0.0,0.0,0.0,0.0,,0.0,0.0,0.0,0.1,3.6,0.4,87.3,3.6,9.0,14.0,,,FALSE
7,Pulque,1,tarro,330,330,155,1.3,0.0,20.1,0.0,0.0,0.0,0.0,,0.0,0.0,16.5,0.0,36.3,2.3,0.0,0.0,112.2,9.9,,,FALSE
7,Rompope,60,ml,60,60,141,2.3,0.2,14.1,2.7,1.3,0.2,35.2,,0.0,48.0,0.9,0.5,78.0,0.1,99.2,32.6,65.7,10.0,,,FALSE
7,Ron blanco o añejo,60,ml,60,60,139,0.0,0.0,0.0,0.0,0.0,0.0,0.0,,0.0,0.0,0.0,0.0,0.0,0.1,1.4,0.0,2.9,20.0,,,FALSE
7,Sidra,2,copa,300,300,150,0.6,0.0,18.0,0.0,0.0,0.0,0.0,,0.0,0.0,0.0,0.3,24.0,1.5,216.0,21.0,9.0,11.1,,,FALSE
7,Tequila,55,ml,55,55,146,0.0,0.0,0.0,0.0,0.0,0.0,0.0,,0.0,0.0,0.0,0.0,0.0,0.0,0.0,1.1,5.5,20.9,,,FALSE
7,Vermouth seco,60,ml,60,60,134,0.0,0.0,0.2,0.0,0.0,0.0,0.0,,0.0,0.0,0.0,0.0,0.9,0.1,11.1,1.7,1.7,18.6,,,FALSE
7,Vino (12.2% alcohol),1,copa,100,100,137,0.1,0.0,7.7,0.0,0.0,0.0,0.0,,0.0,0.0,0.0,1.1,8.0,0.4,89.0,8.0,0.0,12.2,,,FALSE
7,Vino blanco dulce,1,copa,100,100,160,0.2,0.0,13.7,0.0,0.0,0.0,0.0,7.8,0.0,0.0,0.0,0.0,8.0,0.2,92.0,9.0,9.0,15.3,,,FALSE
7,Vino blanco seco,2,copa,200,200,164,0.1,0.0,5.2,0.0,0.0,0.0,0.0,1.9,0.0,0.0,0.0,2.0,18.0,0.5,142.0,10.0,36.0,20.6,,,FALSE
7,Vino de mesa,2,copa,200,200,166,0.1,0.0,5.4,0.0,0.0,0.0,0.0,1.6,0.0,0.0,0.0,2.0,15.5,0.7,198.0,10.0,40.0,20.8,,,FALSE
7,Vino espumoso,1,copa,150,150,101,0.3,0.0,2.3,0.0,0.0,0.0,0.0,0.0,0.0,0.0,0.0,1.7,8.7,0.8,105.0,5.3,10.5,13.1,,,FALSE
7,Vino rosado,2,copa,200,200,134,0.2,0.0,2.7,0.0,0.0,0.0,0.0,5.0,0.0,0.0,0.0,1.9,24.0,1.9,150.0,8.0,12.0,17.4,,,FALSE
7,Vino tinto,2,copa,200,200,170,0.1,0.0,5.2,0.0,0.0,0.0,0.0,1.2,0.0,4.0,0.0,2.0,15.5,0.9,254.0,8.0,46.0,21.2,,,FALSE
7,Vodka,60,ml,60,60,139,0.0,0.0,0.0,0.0,0.0,0.0,0.0,,0.0,0.0,0.0,0.0,0.0,0.0,0.0,0.0,2.9,19.8,,,FALSE
7,Whisky,55,ml,55,55,138,0.0,0.0,0.1,0.0,0.0,0.0,0.0,0.1,0.0,0.0,0.0,0.0,0.0,0.0,0.6,0.0,1.7,19.8,,,FALSE
